Picked up JAVA_TOOL_OPTIONS: -Dfile.encoding=UTF-8
Picked up JAVA_TOOL_OPTIONS: -Dfile.encoding=UTF-8

Picked up JAVA_TOOL_OPTIONS: -Dfile.encoding=UTF-8

Picked up JAVA_TOOL_OPTIONS: -Dfile.encoding=UTF-8

Note: Some input files use or override a deprecated API.
Note: Recompile with -Xlint:deprecation for details.
Note: Some input files use or override a deprecated API.
Note: Recompile with -Xlint:deprecation for details.
Note: F:\taxi-system\mobile\node_modules\@react-native-async-storage\async-storage\android\src\javaPackage\java\com\reactnativecommunity\asyncstorage\AsyncStoragePackage.java uses unchecked or unsafe operations.
Note: Recompile with -Xlint:unchecked for details.
F:\taxi-system\mobile\node_modules\@react-native-community\netinfo\android\src\newarch\com\reactnativecommunity\netinfo\NetInfoModule.java:43: warning: [removal] onCatalystInstanceDestroy() in NativeModule has been deprecated and marked for removal
    public void onCatalystInstanceDestroy() {
                ^
Note: Some input files use or override a deprecated API.
Note: Recompile with -Xlint:deprecation for details.
1 warning
Note: Some input files use or override a deprecated API.
Note: Recompile with -Xlint:deprecation for details.
Note: F:\taxi-system\mobile\node_modules\@react-native-ml-kit\text-recognition\android\src\main\java\com\rnmlkit\textrecognition\TextRecognitionPackage.java uses or overrides a deprecated API.
Note: Recompile with -Xlint:deprecation for details.

FAILURE: Build completed with 2 failures.

1: Task failed with an exception.
-----------
* What went wrong:
Execution failed for task ':expo-modules-core:buildCMakeRelWithDebInfo[x86_64]'.
> com.android.ide.common.process.ProcessException: ninja: Entering directory `F:\taxi-system\mobile\node_modules\expo-modules-core\android\.cxx\RelWithDebInfo\121ts2z4\x86_64'
  [1/62] Building CXX object CMakeFiles/expo-modules-jsi.dir/cmake_pch.hxx.pch
  [2/62] Building CXX object CMakeFiles/expo-modules-core.dir/cmake_pch.hxx.pch
  [3/62] Building CXX object CMakeFiles/expo-modules-jsi.dir/F_/taxi-system/mobile/node_modules/expo-modules-core/common/cpp/JSI/MemoryBuffer.cpp.o
  [4/62] Building CXX object CMakeFiles/expo-modules-jsi.dir/F_/taxi-system/mobile/node_modules/expo-modules-core/common/cpp/JSI/ObjectDeallocator.cpp.o
  [5/62] Building CXX object CMakeFiles/expo-modules-jsi.dir/F_/taxi-system/mobile/node_modules/expo-modules-core/common/cpp/JSI/TypedArray.cpp.o
  [6/62] Building CXX object CMakeFiles/expo-modules-core.dir/F_/taxi-system/mobile/node_modules/expo-modules-core/common/cpp/NativeModule.cpp.o
  [7/62] Building CXX object CMakeFiles/expo-modules-jsi.dir/src/jsi/JSReferencesCache.cpp.o
  [8/62] Building CXX object CMakeFiles/expo-modules-core.dir/F_/taxi-system/mobile/node_modules/expo-modules-core/common/cpp/SharedObject.cpp.o
  [9/62] Building CXX object CMakeFiles/expo-modules-core.dir/F_/taxi-system/mobile/node_modules/expo-modules-core/common/cpp/SharedRef.cpp.o
  [10/62] Building CXX object CMakeFiles/expo-modules-core.dir/F_/taxi-system/mobile/node_modules/expo-modules-core/common/cpp/LazyObject.cpp.o
  [11/62] Building CXX object CMakeFiles/expo-modules-jsi.dir/F_/taxi-system/mobile/node_modules/expo-modules-core/common/cpp/JSI/JSIUtils.cpp.o
  [12/62] Building CXX object CMakeFiles/expo-modules-core.dir/F_/taxi-system/mobile/node_modules/expo-modules-core/common/cpp/fabric/ExpoViewState.cpp.o
  [13/62] Building CXX object CMakeFiles/expo-modules-core.dir/F_/taxi-system/mobile/node_modules/expo-modules-core/common/cpp/fabric/ExpoViewEventEmitter.cpp.o
  [14/62] Building CXX object CMakeFiles/expo-modules-core.dir/F_/taxi-system/mobile/node_modules/expo-modules-core/common/cpp/EventEmitter.cpp.o
  [15/62] Building CXX object CMakeFiles/expo-modules-core.dir/src/main/cpp/Exceptions.cpp.o
  [16/62] Linking CXX static library libexpo-modules-jsi.a
  [17/62] Building CXX object CMakeFiles/expo-modules-core.dir/src/main/cpp/JNIDeallocator.cpp.o
  [18/62] Building CXX object CMakeFiles/expo-modules-core.dir/src/main/cpp/JNIFunctionBody.cpp.o
  [19/62] Building CXX object CMakeFiles/expo-modules-core.dir/src/main/cpp/ExpoModulesHostObject.cpp.o
  [20/62] Building CXX object CMakeFiles/expo-modules-core.dir/src/main/cpp/JSharedObject.cpp.o
  [21/62] Building CXX object CMakeFiles/expo-modules-core.dir/src/main/cpp/JNIInjector.cpp.o
  [22/62] Building CXX object CMakeFiles/expo-modules-core.dir/src/main/cpp/JavaReferencesCache.cpp.o
  [23/62] Building CXX object CMakeFiles/expo-modules-core.dir/F_/taxi-system/mobile/node_modules/expo-modules-core/common/cpp/fabric/ExpoViewShadowNode.cpp.o
  [24/62] Building CXX object CMakeFiles/expo-modules-core.dir/F_/taxi-system/mobile/node_modules/expo-modules-core/common/cpp/fabric/ExpoViewProps.cpp.o
  [25/62] Building CXX object CMakeFiles/expo-modules-core.dir/src/main/cpp/JavaScriptRuntime.cpp.o
  [26/62] Building CXX object CMakeFiles/expo-modules-core.dir/src/main/cpp/JNIUtils.cpp.o
  [27/62] Building CXX object CMakeFiles/expo-modules-core.dir/src/main/cpp/JavaScriptTypedArray.cpp.o
  [28/62] Building CXX object CMakeFiles/expo-modules-core.dir/src/main/cpp/JavaScriptModuleObject.cpp.o
  [29/62] Building CXX object CMakeFiles/expo-modules-core.dir/src/main/cpp/JSIContext.cpp.o
  [30/62] Building CXX object CMakeFiles/expo-modules-core.dir/src/main/cpp/JavaScriptFunction.cpp.o
  [31/62] Building CXX object CMakeFiles/expo-modules-core.dir/src/main/cpp/JavaScriptArrayBuffer.cpp.o
  [32/62] Building CXX object CMakeFiles/expo-modules-core.dir/src/main/cpp/JavaScriptObject.cpp.o
  [33/62] Building CXX object CMakeFiles/expo-modules-core.dir/src/main/cpp/decorators/JSObjectDecorator.cpp.o
  [34/62] Building CXX object CMakeFiles/expo-modules-core.dir/src/main/cpp/JavaCallback.cpp.o
  [35/62] Building CXX object CMakeFiles/expo-modules-core.dir/src/main/cpp/RuntimeHolder.cpp.o
  [36/62] Building CXX object CMakeFiles/expo-modules-core.dir/src/main/cpp/JavaScriptWeakObject.cpp.o
  [37/62] Building CXX object CMakeFiles/expo-modules-core.dir/src/main/cpp/JavaScriptValue.cpp.o
  [38/62] Building CXX object CMakeFiles/expo-modules-core.dir/src/main/cpp/NativeArrayBuffer.cpp.o
  [39/62] Building CXX object CMakeFiles/expo-modules-core.dir/src/main/cpp/MethodMetadata.cpp.o
  FAILED: CMakeFiles/expo-modules-core.dir/src/main/cpp/MethodMetadata.cpp.o 
  C:\Users\Administrator\AppData\Local\Android\Sdk\ndk\27.1.12297006\toolchains\llvm\prebuilt\windows-x86_64\bin\clang++.exe --target=x86_64-none-linux-android24 --sysroot=C:/Users/Administrator/AppData/Local/Android/Sdk/ndk/27.1.12297006/toolchains/llvm/prebuilt/windows-x86_64/sysroot -Dexpo_modules_core_EXPORTS -IF:/taxi-system/mobile/.gradle-user-home/caches/9.3.1/transforms/eb2224229ff93535bf21ac0d1e319da4/workspace/transformed/react-android-0.86.0-release/prefab/modules/reactnative/include/react -IF:/taxi-system/mobile/.gradle-user-home/caches/9.3.1/transforms/eb2224229ff93535bf21ac0d1e319da4/workspace/transformed/react-android-0.86.0-release/prefab/modules/reactnative/include/react/fabric -IF:/taxi-system/mobile/node_modules/react-native/ReactAndroid/src/main/jni -IF:/taxi-system/mobile/node_modules/expo-modules-core/android/src/fabric -IF:/taxi-system/mobile/node_modules/expo-modules-core/android/../common/cpp -IF:/taxi-system/mobile/node_modules/expo-modules-core/android/../common/cpp/fabric -IF:/taxi-system/mobile/node_modules/react-native/ReactCommon -IF:/taxi-system/mobile/node_modules/react-native/ReactCommon/jsiexecutor -IF:/taxi-system/mobile/node_modules/react-native-worklets/Common/cpp -IF:/taxi-system/mobile/node_modules/react-native-worklets/android/src/main/cpp -IF:/taxi-system/mobile/node_modules/expo-modules-core/android/../common/cpp/JSI -IF:/taxi-system/mobile/node_modules/expo-modules-core/android/src/jsi -isystem F:/taxi-system/mobile/.gradle-user-home/caches/9.3.1/transforms/eb2224229ff93535bf21ac0d1e319da4/workspace/transformed/react-android-0.86.0-release/prefab/modules/jsi/include -isystem F:/taxi-system/mobile/.gradle-user-home/caches/9.3.1/transforms/a380509ee370312f3a5187e825a1b544/workspace/transformed/fbjni-0.7.0/prefab/modules/fbjni/include -isystem F:/taxi-system/mobile/.gradle-user-home/caches/9.3.1/transforms/eb2224229ff93535bf21ac0d1e319da4/workspace/transformed/react-android-0.86.0-release/prefab/modules/reactnative/include -isystem F:/taxi-system/mobile/node_modules/react-native-worklets/android/build/prefab-headers/worklets -g -DANDROID -fdata-sections -ffunction-sections -funwind-tables -fstack-protector-strong -no-canonical-prefixes -D__BIONIC_NO_PAGE_SIZE_MACRO -D_FORTIFY_SOURCE=2 -Wformat -Werror=format-security   -O2 -g -DNDEBUG -fPIC -DWORKLETS_ENABLED=1 --std=c++20 -O2 -frtti -fexceptions -Wall -fstack-protector-all -DUSE_HERMES=0 -DUNIT_TEST=0 -DIS_NEW_ARCHITECTURE_ENABLED=1 -DRN_FABRIC_ENABLED=1 -DRN_SERIALIZABLE_STATE=1 -DFOLLY_NO_CONFIG=1 -DFOLLY_HAVE_CLOCK_GETTIME=1 -DFOLLY_USE_LIBCPP=1 -DFOLLY_CFG_NO_COROUTINES=1 -DFOLLY_MOBILE=1 -DFOLLY_HAVE_RECVMMSG=1 -DFOLLY_HAVE_PTHREAD=1 -DFOLLY_HAVE_XSI_STRERROR_R=1 -DREACT_NATIVE_TARGET_VERSION=86 -DREACT_NATIVE_MINOR_VERSION=86 -std=gnu++20 -Winvalid-pch -Xclang -include-pch -Xclang F:/taxi-system/mobile/node_modules/expo-modules-core/android/.cxx/RelWithDebInfo/121ts2z4/x86_64/CMakeFiles/expo-modules-core.dir/cmake_pch.hxx.pch -Xclang -include -Xclang F:/taxi-system/mobile/node_modules/expo-modules-core/android/.cxx/RelWithDebInfo/121ts2z4/x86_64/CMakeFiles/expo-modules-core.dir/cmake_pch.hxx -MD -MT CMakeFiles/expo-modules-core.dir/src/main/cpp/MethodMetadata.cpp.o -MF CMakeFiles\expo-modules-core.dir\src\main\cpp\MethodMetadata.cpp.o.d -o CMakeFiles/expo-modules-core.dir/src/main/cpp/MethodMetadata.cpp.o -c F:/taxi-system/mobile/node_modules/expo-modules-core/android/src/main/cpp/MethodMetadata.cpp
  [40/62] Building CXX object CMakeFiles/expo-modules-core.dir/src/main/cpp/types/AnyType.cpp.o
  FAILED: CMakeFiles/expo-modules-core.dir/src/main/cpp/types/AnyType.cpp.o 
  C:\Users\Administrator\AppData\Local\Android\Sdk\ndk\27.1.12297006\toolchains\llvm\prebuilt\windows-x86_64\bin\clang++.exe --target=x86_64-none-linux-android24 --sysroot=C:/Users/Administrator/AppData/Local/Android/Sdk/ndk/27.1.12297006/toolchains/llvm/prebuilt/windows-x86_64/sysroot -Dexpo_modules_core_EXPORTS -IF:/taxi-system/mobile/.gradle-user-home/caches/9.3.1/transforms/eb2224229ff93535bf21ac0d1e319da4/workspace/transformed/react-android-0.86.0-release/prefab/modules/reactnative/include/react -IF:/taxi-system/mobile/.gradle-user-home/caches/9.3.1/transforms/eb2224229ff93535bf21ac0d1e319da4/workspace/transformed/react-android-0.86.0-release/prefab/modules/reactnative/include/react/fabric -IF:/taxi-system/mobile/node_modules/react-native/ReactAndroid/src/main/jni -IF:/taxi-system/mobile/node_modules/expo-modules-core/android/src/fabric -IF:/taxi-system/mobile/node_modules/expo-modules-core/android/../common/cpp -IF:/taxi-system/mobile/node_modules/expo-modules-core/android/../common/cpp/fabric -IF:/taxi-system/mobile/node_modules/react-native/ReactCommon -IF:/taxi-system/mobile/node_modules/react-native/ReactCommon/jsiexecutor -IF:/taxi-system/mobile/node_modules/react-native-worklets/Common/cpp -IF:/taxi-system/mobile/node_modules/react-native-worklets/android/src/main/cpp -IF:/taxi-system/mobile/node_modules/expo-modules-core/android/../common/cpp/JSI -IF:/taxi-system/mobile/node_modules/expo-modules-core/android/src/jsi -isystem F:/taxi-system/mobile/.gradle-user-home/caches/9.3.1/transforms/eb2224229ff93535bf21ac0d1e319da4/workspace/transformed/react-android-0.86.0-release/prefab/modules/jsi/include -isystem F:/taxi-system/mobile/.gradle-user-home/caches/9.3.1/transforms/a380509ee370312f3a5187e825a1b544/workspace/transformed/fbjni-0.7.0/prefab/modules/fbjni/include -isystem F:/taxi-system/mobile/.gradle-user-home/caches/9.3.1/transforms/eb2224229ff93535bf21ac0d1e319da4/workspace/transformed/react-android-0.86.0-release/prefab/modules/reactnative/include -isystem F:/taxi-system/mobile/node_modules/react-native-worklets/android/build/prefab-headers/worklets -g -DANDROID -fdata-sections -ffunction-sections -funwind-tables -fstack-protector-strong -no-canonical-prefixes -D__BIONIC_NO_PAGE_SIZE_MACRO -D_FORTIFY_SOURCE=2 -Wformat -Werror=format-security   -O2 -g -DNDEBUG -fPIC -DWORKLETS_ENABLED=1 --std=c++20 -O2 -frtti -fexceptions -Wall -fstack-protector-all -DUSE_HERMES=0 -DUNIT_TEST=0 -DIS_NEW_ARCHITECTURE_ENABLED=1 -DRN_FABRIC_ENABLED=1 -DRN_SERIALIZABLE_STATE=1 -DFOLLY_NO_CONFIG=1 -DFOLLY_HAVE_CLOCK_GETTIME=1 -DFOLLY_USE_LIBCPP=1 -DFOLLY_CFG_NO_COROUTINES=1 -DFOLLY_MOBILE=1 -DFOLLY_HAVE_RECVMMSG=1 -DFOLLY_HAVE_PTHREAD=1 -DFOLLY_HAVE_XSI_STRERROR_R=1 -DREACT_NATIVE_TARGET_VERSION=86 -DREACT_NATIVE_MINOR_VERSION=86 -std=gnu++20 -Winvalid-pch -Xclang -include-pch -Xclang F:/taxi-system/mobile/node_modules/expo-modules-core/android/.cxx/RelWithDebInfo/121ts2z4/x86_64/CMakeFiles/expo-modules-core.dir/cmake_pch.hxx.pch -Xclang -include -Xclang F:/taxi-system/mobile/node_modules/expo-modules-core/android/.cxx/RelWithDebInfo/121ts2z4/x86_64/CMakeFiles/expo-modules-core.dir/cmake_pch.hxx -MD -MT CMakeFiles/expo-modules-core.dir/src/main/cpp/types/AnyType.cpp.o -MF CMakeFiles\expo-modules-core.dir\src\main\cpp\types\AnyType.cpp.o.d -o CMakeFiles/expo-modules-core.dir/src/main/cpp/types/AnyType.cpp.o -c F:/taxi-system/mobile/node_modules/expo-modules-core/android/src/main/cpp/types/AnyType.cpp
  [41/62] Building CXX object CMakeFiles/expo-modules-core.dir/src/main/cpp/decorators/JSFunctionsDecorator.cpp.o
  FAILED: CMakeFiles/expo-modules-core.dir/src/main/cpp/decorators/JSFunctionsDecorator.cpp.o 
  C:\Users\Administrator\AppData\Local\Android\Sdk\ndk\27.1.12297006\toolchains\llvm\prebuilt\windows-x86_64\bin\clang++.exe --target=x86_64-none-linux-android24 --sysroot=C:/Users/Administrator/AppData/Local/Android/Sdk/ndk/27.1.12297006/toolchains/llvm/prebuilt/windows-x86_64/sysroot -Dexpo_modules_core_EXPORTS -IF:/taxi-system/mobile/.gradle-user-home/caches/9.3.1/transforms/eb2224229ff93535bf21ac0d1e319da4/workspace/transformed/react-android-0.86.0-release/prefab/modules/reactnative/include/react -IF:/taxi-system/mobile/.gradle-user-home/caches/9.3.1/transforms/eb2224229ff93535bf21ac0d1e319da4/workspace/transformed/react-android-0.86.0-release/prefab/modules/reactnative/include/react/fabric -IF:/taxi-system/mobile/node_modules/react-native/ReactAndroid/src/main/jni -IF:/taxi-system/mobile/node_modules/expo-modules-core/android/src/fabric -IF:/taxi-system/mobile/node_modules/expo-modules-core/android/../common/cpp -IF:/taxi-system/mobile/node_modules/expo-modules-core/android/../common/cpp/fabric -IF:/taxi-system/mobile/node_modules/react-native/ReactCommon -IF:/taxi-system/mobile/node_modules/react-native/ReactCommon/jsiexecutor -IF:/taxi-system/mobile/node_modules/react-native-worklets/Common/cpp -IF:/taxi-system/mobile/node_modules/react-native-worklets/android/src/main/cpp -IF:/taxi-system/mobile/node_modules/expo-modules-core/android/../common/cpp/JSI -IF:/taxi-system/mobile/node_modules/expo-modules-core/android/src/jsi -isystem F:/taxi-system/mobile/.gradle-user-home/caches/9.3.1/transforms/eb2224229ff93535bf21ac0d1e319da4/workspace/transformed/react-android-0.86.0-release/prefab/modules/jsi/include -isystem F:/taxi-system/mobile/.gradle-user-home/caches/9.3.1/transforms/a380509ee370312f3a5187e825a1b544/workspace/transformed/fbjni-0.7.0/prefab/modules/fbjni/include -isystem F:/taxi-system/mobile/.gradle-user-home/caches/9.3.1/transforms/eb2224229ff93535bf21ac0d1e319da4/workspace/transformed/react-android-0.86.0-release/prefab/modules/reactnative/include -isystem F:/taxi-system/mobile/node_modules/react-native-worklets/android/build/prefab-headers/worklets -g -DANDROID -fdata-sections -ffunction-sections -funwind-tables -fstack-protector-strong -no-canonical-prefixes -D__BIONIC_NO_PAGE_SIZE_MACRO -D_FORTIFY_SOURCE=2 -Wformat -Werror=format-security   -O2 -g -DNDEBUG -fPIC -DWORKLETS_ENABLED=1 --std=c++20 -O2 -frtti -fexceptions -Wall -fstack-protector-all -DUSE_HERMES=0 -DUNIT_TEST=0 -DIS_NEW_ARCHITECTURE_ENABLED=1 -DRN_FABRIC_ENABLED=1 -DRN_SERIALIZABLE_STATE=1 -DFOLLY_NO_CONFIG=1 -DFOLLY_HAVE_CLOCK_GETTIME=1 -DFOLLY_USE_LIBCPP=1 -DFOLLY_CFG_NO_COROUTINES=1 -DFOLLY_MOBILE=1 -DFOLLY_HAVE_RECVMMSG=1 -DFOLLY_HAVE_PTHREAD=1 -DFOLLY_HAVE_XSI_STRERROR_R=1 -DREACT_NATIVE_TARGET_VERSION=86 -DREACT_NATIVE_MINOR_VERSION=86 -std=gnu++20 -Winvalid-pch -Xclang -include-pch -Xclang F:/taxi-system/mobile/node_modules/expo-modules-core/android/.cxx/RelWithDebInfo/121ts2z4/x86_64/CMakeFiles/expo-modules-core.dir/cmake_pch.hxx.pch -Xclang -include -Xclang F:/taxi-system/mobile/node_modules/expo-modules-core/android/.cxx/RelWithDebInfo/121ts2z4/x86_64/CMakeFiles/expo-modules-core.dir/cmake_pch.hxx -MD -MT CMakeFiles/expo-modules-core.dir/src/main/cpp/decorators/JSFunctionsDecorator.cpp.o -MF CMakeFiles\expo-modules-core.dir\src\main\cpp\decorators\JSFunctionsDecorator.cpp.o.d -o CMakeFiles/expo-modules-core.dir/src/main/cpp/decorators/JSFunctionsDecorator.cpp.o -c F:/taxi-system/mobile/node_modules/expo-modules-core/android/src/main/cpp/decorators/JSFunctionsDecorator.cpp
  [42/62] Building CXX object CMakeFiles/expo-modules-core.dir/src/main/cpp/decorators/JSConstantsDecorator.cpp.o
  [43/62] Building CXX object CMakeFiles/expo-modules-core.dir/src/main/cpp/decorators/JSClassesDecorator.cpp.o
  [44/62] Building CXX object CMakeFiles/expo-modules-core.dir/src/main/cpp/decorators/JSDecoratorsBridgingObject.cpp.o
  ninja: build stopped: subcommand failed.
  
  C++ build system [build] failed while executing:
      @echo off
      "C:\\Users\\Administrator\\AppData\\Local\\Android\\Sdk\\cmake\\3.22.1\\bin\\ninja.exe" ^
        -C ^
        "F:\\taxi-system\\mobile\\node_modules\\expo-modules-core\\android\\.cxx\\RelWithDebInfo\\121ts2z4\\x86_64" ^
        expo-modules-core
    from F:\taxi-system\mobile\node_modules\expo-modules-core\android

* Try:
> Run with --info or --debug option to get more log output.
> Run with --scan to get full insights from a Build Scan (powered by Develocity).
> Get more help at https://help.gradle.org.

* Exception is:
org.gradle.api.tasks.TaskExecutionException: Execution failed for task ':expo-modules-core:buildCMakeRelWithDebInfo[x86_64]'.
	at org.gradle.api.internal.tasks.execution.ExecuteActionsTaskExecuter.lambda$executeIfValid$1(ExecuteActionsTaskExecuter.java:135)
	at org.gradle.internal.Try$Failure.ifSuccessfulOrElse(Try.java:288)
	at org.gradle.api.internal.tasks.execution.ExecuteActionsTaskExecuter.executeIfValid(ExecuteActionsTaskExecuter.java:133)
	at org.gradle.api.internal.tasks.execution.ExecuteActionsTaskExecuter.execute(ExecuteActionsTaskExecuter.java:121)
	at org.gradle.api.internal.tasks.execution.ProblemsTaskPathTrackingTaskExecuter.execute(ProblemsTaskPathTrackingTaskExecuter.java:41)
	at org.gradle.api.internal.tasks.execution.FinalizePropertiesTaskExecuter.execute(FinalizePropertiesTaskExecuter.java:46)
	at org.gradle.api.internal.tasks.execution.ResolveTaskExecutionModeExecuter.execute(ResolveTaskExecutionModeExecuter.java:51)
	at org.gradle.api.internal.tasks.execution.SkipTaskWithNoActionsExecuter.execute(SkipTaskWithNoActionsExecuter.java:57)
	at org.gradle.api.internal.tasks.execution.SkipOnlyIfTaskExecuter.execute(SkipOnlyIfTaskExecuter.java:74)
	at org.gradle.api.internal.tasks.execution.CatchExceptionTaskExecuter.execute(CatchExceptionTaskExecuter.java:36)
	at org.gradle.api.internal.tasks.execution.EventFiringTaskExecuter$1.executeTask(EventFiringTaskExecuter.java:77)
	at org.gradle.api.internal.tasks.execution.EventFiringTaskExecuter$1.call(EventFiringTaskExecuter.java:55)
	at org.gradle.api.internal.tasks.execution.EventFiringTaskExecuter$1.call(EventFiringTaskExecuter.java:52)
	at org.gradle.internal.operations.DefaultBuildOperationRunner$CallableBuildOperationWorker.execute(DefaultBuildOperationRunner.java:209)
	at org.gradle.internal.operations.DefaultBuildOperationRunner$CallableBuildOperationWorker.execute(DefaultBuildOperationRunner.java:204)
	at org.gradle.internal.operations.DefaultBuildOperationRunner$2.execute(DefaultBuildOperationRunner.java:66)
	at org.gradle.internal.operations.DefaultBuildOperationRunner$2.execute(DefaultBuildOperationRunner.java:59)
	at org.gradle.internal.operations.DefaultBuildOperationRunner.execute(DefaultBuildOperationRunner.java:166)
	at org.gradle.internal.operations.DefaultBuildOperationRunner.execute(DefaultBuildOperationRunner.java:59)
	at org.gradle.internal.operations.DefaultBuildOperationRunner.call(DefaultBuildOperationRunner.java:53)
	at org.gradle.api.internal.tasks.execution.EventFiringTaskExecuter.execute(EventFiringTaskExecuter.java:52)
	at org.gradle.execution.plan.DefaultNodeExecutor.executeLocalTaskNode(DefaultNodeExecutor.java:55)
	at org.gradle.execution.plan.DefaultNodeExecutor.execute(DefaultNodeExecutor.java:34)
	at org.gradle.execution.taskgraph.DefaultTaskExecutionGraph$InvokeNodeExecutorsAction.execute(DefaultTaskExecutionGraph.java:355)
	at org.gradle.execution.taskgraph.DefaultTaskExecutionGraph$InvokeNodeExecutorsAction.execute(DefaultTaskExecutionGraph.java:343)
	at org.gradle.execution.taskgraph.DefaultTaskExecutionGraph$BuildOperationAwareExecutionAction.lambda$execute$0(DefaultTaskExecutionGraph.java:339)
	at org.gradle.internal.operations.CurrentBuildOperationRef.with(CurrentBuildOperationRef.java:84)
	at org.gradle.execution.taskgraph.DefaultTaskExecutionGraph$BuildOperationAwareExecutionAction.execute(DefaultTaskExecutionGraph.java:339)
	at org.gradle.execution.taskgraph.DefaultTaskExecutionGraph$BuildOperationAwareExecutionAction.execute(DefaultTaskExecutionGraph.java:328)
	at org.gradle.execution.plan.DefaultPlanExecutor$ExecutorWorker.execute(DefaultPlanExecutor.java:459)
	at org.gradle.execution.plan.DefaultPlanExecutor$ExecutorWorker.run(DefaultPlanExecutor.java:376)
	at org.gradle.internal.concurrent.ExecutorPolicy$CatchAndRecordFailures.onExecute(ExecutorPolicy.java:64)
	at org.gradle.internal.concurrent.AbstractManagedExecutor$1.run(AbstractManagedExecutor.java:47)
Caused by: org.gradle.internal.UncheckedException: com.android.ide.common.process.ProcessException: ninja: Entering directory `F:\taxi-system\mobile\node_modules\expo-modules-core\android\.cxx\RelWithDebInfo\121ts2z4\x86_64'
[1/62] Building CXX object CMakeFiles/expo-modules-jsi.dir/cmake_pch.hxx.pch
[2/62] Building CXX object CMakeFiles/expo-modules-core.dir/cmake_pch.hxx.pch
[3/62] Building CXX object CMakeFiles/expo-modules-jsi.dir/F_/taxi-system/mobile/node_modules/expo-modules-core/common/cpp/JSI/MemoryBuffer.cpp.o
[4/62] Building CXX object CMakeFiles/expo-modules-jsi.dir/F_/taxi-system/mobile/node_modules/expo-modules-core/common/cpp/JSI/ObjectDeallocator.cpp.o
[5/62] Building CXX object CMakeFiles/expo-modules-jsi.dir/F_/taxi-system/mobile/node_modules/expo-modules-core/common/cpp/JSI/TypedArray.cpp.o
[6/62] Building CXX object CMakeFiles/expo-modules-core.dir/F_/taxi-system/mobile/node_modules/expo-modules-core/common/cpp/NativeModule.cpp.o
[7/62] Building CXX object CMakeFiles/expo-modules-jsi.dir/src/jsi/JSReferencesCache.cpp.o
[8/62] Building CXX object CMakeFiles/expo-modules-core.dir/F_/taxi-system/mobile/node_modules/expo-modules-core/common/cpp/SharedObject.cpp.o
[9/62] Building CXX object CMakeFiles/expo-modules-core.dir/F_/taxi-system/mobile/node_modules/expo-modules-core/common/cpp/SharedRef.cpp.o
[10/62] Building CXX object CMakeFiles/expo-modules-core.dir/F_/taxi-system/mobile/node_modules/expo-modules-core/common/cpp/LazyObject.cpp.o
[11/62] Building CXX object CMakeFiles/expo-modules-jsi.dir/F_/taxi-system/mobile/node_modules/expo-modules-core/common/cpp/JSI/JSIUtils.cpp.o
[12/62] Building CXX object CMakeFiles/expo-modules-core.dir/F_/taxi-system/mobile/node_modules/expo-modules-core/common/cpp/fabric/ExpoViewState.cpp.o
[13/62] Building CXX object CMakeFiles/expo-modules-core.dir/F_/taxi-system/mobile/node_modules/expo-modules-core/common/cpp/fabric/ExpoViewEventEmitter.cpp.o
[14/62] Building CXX object CMakeFiles/expo-modules-core.dir/F_/taxi-system/mobile/node_modules/expo-modules-core/common/cpp/EventEmitter.cpp.o
[15/62] Building CXX object CMakeFiles/expo-modules-core.dir/src/main/cpp/Exceptions.cpp.o
[16/62] Linking CXX static library libexpo-modules-jsi.a
[17/62] Building CXX object CMakeFiles/expo-modules-core.dir/src/main/cpp/JNIDeallocator.cpp.o
[18/62] Building CXX object CMakeFiles/expo-modules-core.dir/src/main/cpp/JNIFunctionBody.cpp.o
[19/62] Building CXX object CMakeFiles/expo-modules-core.dir/src/main/cpp/ExpoModulesHostObject.cpp.o
[20/62] Building CXX object CMakeFiles/expo-modules-core.dir/src/main/cpp/JSharedObject.cpp.o
[21/62] Building CXX object CMakeFiles/expo-modules-core.dir/src/main/cpp/JNIInjector.cpp.o
[22/62] Building CXX object CMakeFiles/expo-modules-core.dir/src/main/cpp/JavaReferencesCache.cpp.o
[23/62] Building CXX object CMakeFiles/expo-modules-core.dir/F_/taxi-system/mobile/node_modules/expo-modules-core/common/cpp/fabric/ExpoViewShadowNode.cpp.o
[24/62] Building CXX object CMakeFiles/expo-modules-core.dir/F_/taxi-system/mobile/node_modules/expo-modules-core/common/cpp/fabric/ExpoViewProps.cpp.o
[25/62] Building CXX object CMakeFiles/expo-modules-core.dir/src/main/cpp/JavaScriptRuntime.cpp.o
[26/62] Building CXX object CMakeFiles/expo-modules-core.dir/src/main/cpp/JNIUtils.cpp.o
[27/62] Building CXX object CMakeFiles/expo-modules-core.dir/src/main/cpp/JavaScriptTypedArray.cpp.o
[28/62] Building CXX object CMakeFiles/expo-modules-core.dir/src/main/cpp/JavaScriptModuleObject.cpp.o
[29/62] Building CXX object CMakeFiles/expo-modules-core.dir/src/main/cpp/JSIContext.cpp.o
[30/62] Building CXX object CMakeFiles/expo-modules-core.dir/src/main/cpp/JavaScriptFunction.cpp.o
[31/62] Building CXX object CMakeFiles/expo-modules-core.dir/src/main/cpp/JavaScriptArrayBuffer.cpp.o
[32/62] Building CXX object CMakeFiles/expo-modules-core.dir/src/main/cpp/JavaScriptObject.cpp.o
[33/62] Building CXX object CMakeFiles/expo-modules-core.dir/src/main/cpp/decorators/JSObjectDecorator.cpp.o
[34/62] Building CXX object CMakeFiles/expo-modules-core.dir/src/main/cpp/JavaCallback.cpp.o
[35/62] Building CXX object CMakeFiles/expo-modules-core.dir/src/main/cpp/RuntimeHolder.cpp.o
[36/62] Building CXX object CMakeFiles/expo-modules-core.dir/src/main/cpp/JavaScriptWeakObject.cpp.o
[37/62] Building CXX object CMakeFiles/expo-modules-core.dir/src/main/cpp/JavaScriptValue.cpp.o
[38/62] Building CXX object CMakeFiles/expo-modules-core.dir/src/main/cpp/NativeArrayBuffer.cpp.o
[39/62] Building CXX object CMakeFiles/expo-modules-core.dir/src/main/cpp/MethodMetadata.cpp.o
FAILED: CMakeFiles/expo-modules-core.dir/src/main/cpp/MethodMetadata.cpp.o 
C:\Users\Administrator\AppData\Local\Android\Sdk\ndk\27.1.12297006\toolchains\llvm\prebuilt\windows-x86_64\bin\clang++.exe --target=x86_64-none-linux-android24 --sysroot=C:/Users/Administrator/AppData/Local/Android/Sdk/ndk/27.1.12297006/toolchains/llvm/prebuilt/windows-x86_64/sysroot -Dexpo_modules_core_EXPORTS -IF:/taxi-system/mobile/.gradle-user-home/caches/9.3.1/transforms/eb2224229ff93535bf21ac0d1e319da4/workspace/transformed/react-android-0.86.0-release/prefab/modules/reactnative/include/react -IF:/taxi-system/mobile/.gradle-user-home/caches/9.3.1/transforms/eb2224229ff93535bf21ac0d1e319da4/workspace/transformed/react-android-0.86.0-release/prefab/modules/reactnative/include/react/fabric -IF:/taxi-system/mobile/node_modules/react-native/ReactAndroid/src/main/jni -IF:/taxi-system/mobile/node_modules/expo-modules-core/android/src/fabric -IF:/taxi-system/mobile/node_modules/expo-modules-core/android/../common/cpp -IF:/taxi-system/mobile/node_modules/expo-modules-core/android/../common/cpp/fabric -IF:/taxi-system/mobile/node_modules/react-native/ReactCommon -IF:/taxi-system/mobile/node_modules/react-native/ReactCommon/jsiexecutor -IF:/taxi-system/mobile/node_modules/react-native-worklets/Common/cpp -IF:/taxi-system/mobile/node_modules/react-native-worklets/android/src/main/cpp -IF:/taxi-system/mobile/node_modules/expo-modules-core/android/../common/cpp/JSI -IF:/taxi-system/mobile/node_modules/expo-modules-core/android/src/jsi -isystem F:/taxi-system/mobile/.gradle-user-home/caches/9.3.1/transforms/eb2224229ff93535bf21ac0d1e319da4/workspace/transformed/react-android-0.86.0-release/prefab/modules/jsi/include -isystem F:/taxi-system/mobile/.gradle-user-home/caches/9.3.1/transforms/a380509ee370312f3a5187e825a1b544/workspace/transformed/fbjni-0.7.0/prefab/modules/fbjni/include -isystem F:/taxi-system/mobile/.gradle-user-home/caches/9.3.1/transforms/eb2224229ff93535bf21ac0d1e319da4/workspace/transformed/react-android-0.86.0-release/prefab/modules/reactnative/include -isystem F:/taxi-system/mobile/node_modules/react-native-worklets/android/build/prefab-headers/worklets -g -DANDROID -fdata-sections -ffunction-sections -funwind-tables -fstack-protector-strong -no-canonical-prefixes -D__BIONIC_NO_PAGE_SIZE_MACRO -D_FORTIFY_SOURCE=2 -Wformat -Werror=format-security   -O2 -g -DNDEBUG -fPIC -DWORKLETS_ENABLED=1 --std=c++20 -O2 -frtti -fexceptions -Wall -fstack-protector-all -DUSE_HERMES=0 -DUNIT_TEST=0 -DIS_NEW_ARCHITECTURE_ENABLED=1 -DRN_FABRIC_ENABLED=1 -DRN_SERIALIZABLE_STATE=1 -DFOLLY_NO_CONFIG=1 -DFOLLY_HAVE_CLOCK_GETTIME=1 -DFOLLY_USE_LIBCPP=1 -DFOLLY_CFG_NO_COROUTINES=1 -DFOLLY_MOBILE=1 -DFOLLY_HAVE_RECVMMSG=1 -DFOLLY_HAVE_PTHREAD=1 -DFOLLY_HAVE_XSI_STRERROR_R=1 -DREACT_NATIVE_TARGET_VERSION=86 -DREACT_NATIVE_MINOR_VERSION=86 -std=gnu++20 -Winvalid-pch -Xclang -include-pch -Xclang F:/taxi-system/mobile/node_modules/expo-modules-core/android/.cxx/RelWithDebInfo/121ts2z4/x86_64/CMakeFiles/expo-modules-core.dir/cmake_pch.hxx.pch -Xclang -include -Xclang F:/taxi-system/mobile/node_modules/expo-modules-core/android/.cxx/RelWithDebInfo/121ts2z4/x86_64/CMakeFiles/expo-modules-core.dir/cmake_pch.hxx -MD -MT CMakeFiles/expo-modules-core.dir/src/main/cpp/MethodMetadata.cpp.o -MF CMakeFiles\expo-modules-core.dir\src\main\cpp\MethodMetadata.cpp.o.d -o CMakeFiles/expo-modules-core.dir/src/main/cpp/MethodMetadata.cpp.o -c F:/taxi-system/mobile/node_modules/expo-modules-core/android/src/main/cpp/MethodMetadata.cpp
[40/62] Building CXX object CMakeFiles/expo-modules-core.dir/src/main/cpp/types/AnyType.cpp.o
FAILED: CMakeFiles/expo-modules-core.dir/src/main/cpp/types/AnyType.cpp.o 
C:\Users\Administrator\AppData\Local\Android\Sdk\ndk\27.1.12297006\toolchains\llvm\prebuilt\windows-x86_64\bin\clang++.exe --target=x86_64-none-linux-android24 --sysroot=C:/Users/Administrator/AppData/Local/Android/Sdk/ndk/27.1.12297006/toolchains/llvm/prebuilt/windows-x86_64/sysroot -Dexpo_modules_core_EXPORTS -IF:/taxi-system/mobile/.gradle-user-home/caches/9.3.1/transforms/eb2224229ff93535bf21ac0d1e319da4/workspace/transformed/react-android-0.86.0-release/prefab/modules/reactnative/include/react -IF:/taxi-system/mobile/.gradle-user-home/caches/9.3.1/transforms/eb2224229ff93535bf21ac0d1e319da4/workspace/transformed/react-android-0.86.0-release/prefab/modules/reactnative/include/react/fabric -IF:/taxi-system/mobile/node_modules/react-native/ReactAndroid/src/main/jni -IF:/taxi-system/mobile/node_modules/expo-modules-core/android/src/fabric -IF:/taxi-system/mobile/node_modules/expo-modules-core/android/../common/cpp -IF:/taxi-system/mobile/node_modules/expo-modules-core/android/../common/cpp/fabric -IF:/taxi-system/mobile/node_modules/react-native/ReactCommon -IF:/taxi-system/mobile/node_modules/react-native/ReactCommon/jsiexecutor -IF:/taxi-system/mobile/node_modules/react-native-worklets/Common/cpp -IF:/taxi-system/mobile/node_modules/react-native-worklets/android/src/main/cpp -IF:/taxi-system/mobile/node_modules/expo-modules-core/android/../common/cpp/JSI -IF:/taxi-system/mobile/node_modules/expo-modules-core/android/src/jsi -isystem F:/taxi-system/mobile/.gradle-user-home/caches/9.3.1/transforms/eb2224229ff93535bf21ac0d1e319da4/workspace/transformed/react-android-0.86.0-release/prefab/modules/jsi/include -isystem F:/taxi-system/mobile/.gradle-user-home/caches/9.3.1/transforms/a380509ee370312f3a5187e825a1b544/workspace/transformed/fbjni-0.7.0/prefab/modules/fbjni/include -isystem F:/taxi-system/mobile/.gradle-user-home/caches/9.3.1/transforms/eb2224229ff93535bf21ac0d1e319da4/workspace/transformed/react-android-0.86.0-release/prefab/modules/reactnative/include -isystem F:/taxi-system/mobile/node_modules/react-native-worklets/android/build/prefab-headers/worklets -g -DANDROID -fdata-sections -ffunction-sections -funwind-tables -fstack-protector-strong -no-canonical-prefixes -D__BIONIC_NO_PAGE_SIZE_MACRO -D_FORTIFY_SOURCE=2 -Wformat -Werror=format-security   -O2 -g -DNDEBUG -fPIC -DWORKLETS_ENABLED=1 --std=c++20 -O2 -frtti -fexceptions -Wall -fstack-protector-all -DUSE_HERMES=0 -DUNIT_TEST=0 -DIS_NEW_ARCHITECTURE_ENABLED=1 -DRN_FABRIC_ENABLED=1 -DRN_SERIALIZABLE_STATE=1 -DFOLLY_NO_CONFIG=1 -DFOLLY_HAVE_CLOCK_GETTIME=1 -DFOLLY_USE_LIBCPP=1 -DFOLLY_CFG_NO_COROUTINES=1 -DFOLLY_MOBILE=1 -DFOLLY_HAVE_RECVMMSG=1 -DFOLLY_HAVE_PTHREAD=1 -DFOLLY_HAVE_XSI_STRERROR_R=1 -DREACT_NATIVE_TARGET_VERSION=86 -DREACT_NATIVE_MINOR_VERSION=86 -std=gnu++20 -Winvalid-pch -Xclang -include-pch -Xclang F:/taxi-system/mobile/node_modules/expo-modules-core/android/.cxx/RelWithDebInfo/121ts2z4/x86_64/CMakeFiles/expo-modules-core.dir/cmake_pch.hxx.pch -Xclang -include -Xclang F:/taxi-system/mobile/node_modules/expo-modules-core/android/.cxx/RelWithDebInfo/121ts2z4/x86_64/CMakeFiles/expo-modules-core.dir/cmake_pch.hxx -MD -MT CMakeFiles/expo-modules-core.dir/src/main/cpp/types/AnyType.cpp.o -MF CMakeFiles\expo-modules-core.dir\src\main\cpp\types\AnyType.cpp.o.d -o CMakeFiles/expo-modules-core.dir/src/main/cpp/types/AnyType.cpp.o -c F:/taxi-system/mobile/node_modules/expo-modules-core/android/src/main/cpp/types/AnyType.cpp
[41/62] Building CXX object CMakeFiles/expo-modules-core.dir/src/main/cpp/decorators/JSFunctionsDecorator.cpp.o
FAILED: CMakeFiles/expo-modules-core.dir/src/main/cpp/decorators/JSFunctionsDecorator.cpp.o 
C:\Users\Administrator\AppData\Local\Android\Sdk\ndk\27.1.12297006\toolchains\llvm\prebuilt\windows-x86_64\bin\clang++.exe --target=x86_64-none-linux-android24 --sysroot=C:/Users/Administrator/AppData/Local/Android/Sdk/ndk/27.1.12297006/toolchains/llvm/prebuilt/windows-x86_64/sysroot -Dexpo_modules_core_EXPORTS -IF:/taxi-system/mobile/.gradle-user-home/caches/9.3.1/transforms/eb2224229ff93535bf21ac0d1e319da4/workspace/transformed/react-android-0.86.0-release/prefab/modules/reactnative/include/react -IF:/taxi-system/mobile/.gradle-user-home/caches/9.3.1/transforms/eb2224229ff93535bf21ac0d1e319da4/workspace/transformed/react-android-0.86.0-release/prefab/modules/reactnative/include/react/fabric -IF:/taxi-system/mobile/node_modules/react-native/ReactAndroid/src/main/jni -IF:/taxi-system/mobile/node_modules/expo-modules-core/android/src/fabric -IF:/taxi-system/mobile/node_modules/expo-modules-core/android/../common/cpp -IF:/taxi-system/mobile/node_modules/expo-modules-core/android/../common/cpp/fabric -IF:/taxi-system/mobile/node_modules/react-native/ReactCommon -IF:/taxi-system/mobile/node_modules/react-native/ReactCommon/jsiexecutor -IF:/taxi-system/mobile/node_modules/react-native-worklets/Common/cpp -IF:/taxi-system/mobile/node_modules/react-native-worklets/android/src/main/cpp -IF:/taxi-system/mobile/node_modules/expo-modules-core/android/../common/cpp/JSI -IF:/taxi-system/mobile/node_modules/expo-modules-core/android/src/jsi -isystem F:/taxi-system/mobile/.gradle-user-home/caches/9.3.1/transforms/eb2224229ff93535bf21ac0d1e319da4/workspace/transformed/react-android-0.86.0-release/prefab/modules/jsi/include -isystem F:/taxi-system/mobile/.gradle-user-home/caches/9.3.1/transforms/a380509ee370312f3a5187e825a1b544/workspace/transformed/fbjni-0.7.0/prefab/modules/fbjni/include -isystem F:/taxi-system/mobile/.gradle-user-home/caches/9.3.1/transforms/eb2224229ff93535bf21ac0d1e319da4/workspace/transformed/react-android-0.86.0-release/prefab/modules/reactnative/include -isystem F:/taxi-system/mobile/node_modules/react-native-worklets/android/build/prefab-headers/worklets -g -DANDROID -fdata-sections -ffunction-sections -funwind-tables -fstack-protector-strong -no-canonical-prefixes -D__BIONIC_NO_PAGE_SIZE_MACRO -D_FORTIFY_SOURCE=2 -Wformat -Werror=format-security   -O2 -g -DNDEBUG -fPIC -DWORKLETS_ENABLED=1 --std=c++20 -O2 -frtti -fexceptions -Wall -fstack-protector-all -DUSE_HERMES=0 -DUNIT_TEST=0 -DIS_NEW_ARCHITECTURE_ENABLED=1 -DRN_FABRIC_ENABLED=1 -DRN_SERIALIZABLE_STATE=1 -DFOLLY_NO_CONFIG=1 -DFOLLY_HAVE_CLOCK_GETTIME=1 -DFOLLY_USE_LIBCPP=1 -DFOLLY_CFG_NO_COROUTINES=1 -DFOLLY_MOBILE=1 -DFOLLY_HAVE_RECVMMSG=1 -DFOLLY_HAVE_PTHREAD=1 -DFOLLY_HAVE_XSI_STRERROR_R=1 -DREACT_NATIVE_TARGET_VERSION=86 -DREACT_NATIVE_MINOR_VERSION=86 -std=gnu++20 -Winvalid-pch -Xclang -include-pch -Xclang F:/taxi-system/mobile/node_modules/expo-modules-core/android/.cxx/RelWithDebInfo/121ts2z4/x86_64/CMakeFiles/expo-modules-core.dir/cmake_pch.hxx.pch -Xclang -include -Xclang F:/taxi-system/mobile/node_modules/expo-modules-core/android/.cxx/RelWithDebInfo/121ts2z4/x86_64/CMakeFiles/expo-modules-core.dir/cmake_pch.hxx -MD -MT CMakeFiles/expo-modules-core.dir/src/main/cpp/decorators/JSFunctionsDecorator.cpp.o -MF CMakeFiles\expo-modules-core.dir\src\main\cpp\decorators\JSFunctionsDecorator.cpp.o.d -o CMakeFiles/expo-modules-core.dir/src/main/cpp/decorators/JSFunctionsDecorator.cpp.o -c F:/taxi-system/mobile/node_modules/expo-modules-core/android/src/main/cpp/decorators/JSFunctionsDecorator.cpp
[42/62] Building CXX object CMakeFiles/expo-modules-core.dir/src/main/cpp/decorators/JSConstantsDecorator.cpp.o
[43/62] Building CXX object CMakeFiles/expo-modules-core.dir/src/main/cpp/decorators/JSClassesDecorator.cpp.o
[44/62] Building CXX object CMakeFiles/expo-modules-core.dir/src/main/cpp/decorators/JSDecoratorsBridgingObject.cpp.o
ninja: build stopped: subcommand failed.

C++ build system [build] failed while executing:
    @echo off
    "C:\\Users\\Administrator\\AppData\\Local\\Android\\Sdk\\cmake\\3.22.1\\bin\\ninja.exe" ^
      -C ^
      "F:\\taxi-system\\mobile\\node_modules\\expo-modules-core\\android\\.cxx\\RelWithDebInfo\\121ts2z4\\x86_64" ^
      expo-modules-core
  from F:\taxi-system\mobile\node_modules\expo-modules-core\android
	at org.gradle.internal.UncheckedException.throwAsUncheckedException(UncheckedException.java:69)
	at org.gradle.internal.UncheckedException.throwAsUncheckedException(UncheckedException.java:42)
	at org.gradle.internal.reflect.JavaMethod.invoke(JavaMethod.java:129)
	at org.gradle.api.internal.project.taskfactory.StandardTaskAction.doExecute(StandardTaskAction.java:58)
	at org.gradle.api.internal.project.taskfactory.StandardTaskAction.execute(StandardTaskAction.java:51)
	at org.gradle.api.internal.project.taskfactory.StandardTaskAction.execute(StandardTaskAction.java:29)
	at org.gradle.api.internal.tasks.execution.TaskExecution$3.run(TaskExecution.java:259)
	at org.gradle.internal.operations.DefaultBuildOperationRunner$1.execute(DefaultBuildOperationRunner.java:29)
	at org.gradle.internal.operations.DefaultBuildOperationRunner$1.execute(DefaultBuildOperationRunner.java:26)
	at org.gradle.internal.operations.DefaultBuildOperationRunner$2.execute(DefaultBuildOperationRunner.java:66)
	at org.gradle.internal.operations.DefaultBuildOperationRunner$2.execute(DefaultBuildOperationRunner.java:59)
	at org.gradle.internal.operations.DefaultBuildOperationRunner.execute(DefaultBuildOperationRunner.java:166)
	at org.gradle.internal.operations.DefaultBuildOperationRunner.execute(DefaultBuildOperationRunner.java:59)
	at org.gradle.internal.operations.DefaultBuildOperationRunner.run(DefaultBuildOperationRunner.java:47)
	at org.gradle.api.internal.tasks.execution.TaskExecution.executeAction(TaskExecution.java:244)
	at org.gradle.api.internal.tasks.execution.TaskExecution.executeActions(TaskExecution.java:227)
	at org.gradle.api.internal.tasks.execution.TaskExecution.executeWithPreviousOutputFiles(TaskExecution.java:210)
	at org.gradle.api.internal.tasks.execution.TaskExecution.execute(TaskExecution.java:176)
	at org.gradle.internal.execution.steps.ExecuteStep.executeInternal(ExecuteStep.java:110)
	at org.gradle.internal.execution.steps.ExecuteStep.access$000(ExecuteStep.java:47)
	at org.gradle.internal.execution.steps.ExecuteStep$1.call(ExecuteStep.java:64)
	at org.gradle.internal.execution.steps.ExecuteStep$1.call(ExecuteStep.java:61)
	at org.gradle.internal.operations.DefaultBuildOperationRunner$CallableBuildOperationWorker.execute(DefaultBuildOperationRunner.java:209)
	at org.gradle.internal.operations.DefaultBuildOperationRunner$CallableBuildOperationWorker.execute(DefaultBuildOperationRunner.java:204)
	at org.gradle.internal.operations.DefaultBuildOperationRunner$2.execute(DefaultBuildOperationRunner.java:66)
	at org.gradle.internal.operations.DefaultBuildOperationRunner$2.execute(DefaultBuildOperationRunner.java:59)
	at org.gradle.internal.operations.DefaultBuildOperationRunner.execute(DefaultBuildOperationRunner.java:166)
	at org.gradle.internal.operations.DefaultBuildOperationRunner.execute(DefaultBuildOperationRunner.java:59)
	at org.gradle.internal.operations.DefaultBuildOperationRunner.call(DefaultBuildOperationRunner.java:53)
	at org.gradle.internal.execution.steps.ExecuteStep.execute(ExecuteStep.java:61)
	at org.gradle.internal.execution.steps.ExecuteStep.execute(ExecuteStep.java:47)
	at org.gradle.internal.execution.steps.CancelExecutionStep.execute(CancelExecutionStep.java:42)
	at org.gradle.internal.execution.steps.TimeoutStep.executeWithoutTimeout(TimeoutStep.java:75)
	at org.gradle.internal.execution.steps.TimeoutStep.execute(TimeoutStep.java:55)
	at org.gradle.internal.execution.steps.PreCreateOutputParentsStep.execute(PreCreateOutputParentsStep.java:51)
	at org.gradle.internal.execution.steps.PreCreateOutputParentsStep.execute(PreCreateOutputParentsStep.java:29)
	at org.gradle.internal.execution.steps.RemovePreviousOutputsStep.executeMutable(RemovePreviousOutputsStep.java:70)
	at org.gradle.internal.execution.steps.RemovePreviousOutputsStep.executeMutable(RemovePreviousOutputsStep.java:40)
	at org.gradle.internal.execution.steps.MutableStep.execute(MutableStep.java:25)
	at org.gradle.internal.execution.steps.BroadcastChangingOutputsStep.execute(BroadcastChangingOutputsStep.java:62)
	at org.gradle.internal.execution.steps.BroadcastChangingOutputsStep.execute(BroadcastChangingOutputsStep.java:27)
	at org.gradle.internal.execution.steps.CaptureOutputsAfterExecutionStep.execute(CaptureOutputsAfterExecutionStep.java:69)
	at org.gradle.internal.execution.steps.CaptureOutputsAfterExecutionStep.execute(CaptureOutputsAfterExecutionStep.java:46)
	at org.gradle.internal.execution.steps.ResolveInputChangesStep.executeMutable(ResolveInputChangesStep.java:39)
	at org.gradle.internal.execution.steps.ResolveInputChangesStep.executeMutable(ResolveInputChangesStep.java:28)
	at org.gradle.internal.execution.steps.MutableStep.execute(MutableStep.java:25)
	at org.gradle.internal.execution.steps.BuildCacheStep.executeWithoutCache(BuildCacheStep.java:192)
	at org.gradle.internal.execution.steps.BuildCacheStep.lambda$execute$1(BuildCacheStep.java:76)
	at org.gradle.internal.Either$Right.fold(Either.java:176)
	at org.gradle.internal.execution.caching.CachingState.fold(CachingState.java:62)
	at org.gradle.internal.execution.steps.BuildCacheStep.execute(BuildCacheStep.java:74)
	at org.gradle.internal.execution.steps.BuildCacheStep.execute(BuildCacheStep.java:49)
	at org.gradle.internal.execution.steps.StoreExecutionStateStep.execute(StoreExecutionStateStep.java:46)
	at org.gradle.internal.execution.steps.StoreExecutionStateStep.execute(StoreExecutionStateStep.java:35)
	at org.gradle.internal.execution.steps.SkipUpToDateStep.executeBecause(SkipUpToDateStep.java:75)
	at org.gradle.internal.execution.steps.SkipUpToDateStep.lambda$execute$2(SkipUpToDateStep.java:53)
	at org.gradle.internal.execution.steps.SkipUpToDateStep.execute(SkipUpToDateStep.java:53)
	at org.gradle.internal.execution.steps.SkipUpToDateStep.execute(SkipUpToDateStep.java:35)
	at org.gradle.internal.execution.steps.legacy.MarkSnapshottingInputsFinishedStep.execute(MarkSnapshottingInputsFinishedStep.java:37)
	at org.gradle.internal.execution.steps.legacy.MarkSnapshottingInputsFinishedStep.execute(MarkSnapshottingInputsFinishedStep.java:27)
	at org.gradle.internal.execution.steps.ResolveIncrementalCachingStateStep.executeDelegate(ResolveIncrementalCachingStateStep.java:49)
	at org.gradle.internal.execution.steps.ResolveIncrementalCachingStateStep.executeDelegate(ResolveIncrementalCachingStateStep.java:27)
	at org.gradle.internal.execution.steps.AbstractResolveCachingStateStep.execute(AbstractResolveCachingStateStep.java:71)
	at org.gradle.internal.execution.steps.AbstractResolveCachingStateStep.execute(AbstractResolveCachingStateStep.java:39)
	at org.gradle.internal.execution.steps.ResolveChangesStep.executeMutable(ResolveChangesStep.java:63)
	at org.gradle.internal.execution.steps.ResolveChangesStep.executeMutable(ResolveChangesStep.java:34)
	at org.gradle.internal.execution.steps.MutableStep.execute(MutableStep.java:25)
	at org.gradle.internal.execution.steps.ValidateStep.execute(ValidateStep.java:64)
	at org.gradle.internal.execution.steps.ValidateStep.execute(ValidateStep.java:42)
	at org.gradle.internal.execution.steps.AbstractCaptureStateBeforeExecutionStep.execute(AbstractCaptureStateBeforeExecutionStep.java:77)
	at org.gradle.internal.execution.steps.AbstractCaptureStateBeforeExecutionStep.execute(AbstractCaptureStateBeforeExecutionStep.java:46)
	at org.gradle.internal.execution.steps.AbstractSkipEmptyWorkStep.executeWithNonEmptySources(AbstractSkipEmptyWorkStep.java:133)
	at org.gradle.internal.execution.steps.AbstractSkipEmptyWorkStep.execute(AbstractSkipEmptyWorkStep.java:59)
	at org.gradle.internal.execution.steps.AbstractSkipEmptyWorkStep.execute(AbstractSkipEmptyWorkStep.java:36)
	at org.gradle.internal.execution.steps.legacy.MarkSnapshottingInputsStartedStep.execute(MarkSnapshottingInputsStartedStep.java:38)
	at org.gradle.internal.execution.steps.LoadPreviousExecutionStateStep.execute(LoadPreviousExecutionStateStep.java:36)
	at org.gradle.internal.execution.steps.LoadPreviousExecutionStateStep.execute(LoadPreviousExecutionStateStep.java:23)
	at org.gradle.internal.execution.steps.HandleStaleOutputsStep.executeMutable(HandleStaleOutputsStep.java:77)
	at org.gradle.internal.execution.steps.HandleStaleOutputsStep.executeMutable(HandleStaleOutputsStep.java:43)
	at org.gradle.internal.execution.steps.MutableStep.execute(MutableStep.java:25)
	at org.gradle.internal.execution.steps.AssignMutableWorkspaceStep.lambda$execute$0(AssignMutableWorkspaceStep.java:35)
	at org.gradle.api.internal.tasks.execution.TaskExecution$4.withWorkspace(TaskExecution.java:305)
	at org.gradle.internal.execution.steps.AssignMutableWorkspaceStep.execute(AssignMutableWorkspaceStep.java:31)
	at org.gradle.internal.execution.steps.AssignMutableWorkspaceStep.execute(AssignMutableWorkspaceStep.java:22)
	at org.gradle.internal.execution.steps.ChoosePipelineStep.execute(ChoosePipelineStep.java:40)
	at org.gradle.internal.execution.steps.ChoosePipelineStep.execute(ChoosePipelineStep.java:23)
	at org.gradle.internal.execution.steps.ExecuteWorkBuildOperationFiringStep.lambda$execute$2(ExecuteWorkBuildOperationFiringStep.java:67)
	at org.gradle.internal.execution.steps.ExecuteWorkBuildOperationFiringStep.execute(ExecuteWorkBuildOperationFiringStep.java:67)
	at org.gradle.internal.execution.steps.ExecuteWorkBuildOperationFiringStep.execute(ExecuteWorkBuildOperationFiringStep.java:39)
	at org.gradle.internal.execution.steps.IdentityCacheStep.execute(IdentityCacheStep.java:46)
	at org.gradle.internal.execution.steps.IdentityCacheStep.execute(IdentityCacheStep.java:34)
	at org.gradle.internal.execution.steps.IdentifyStep.execute(IdentifyStep.java:44)
	at org.gradle.internal.execution.steps.IdentifyStep.execute(IdentifyStep.java:31)
	at org.gradle.internal.execution.impl.DefaultExecutionEngine$1.execute(DefaultExecutionEngine.java:68)
	at org.gradle.api.internal.tasks.execution.ExecuteActionsTaskExecuter.executeIfValid(ExecuteActionsTaskExecuter.java:132)
	... 30 more
Caused by: com.android.ide.common.process.ProcessException: ninja: Entering directory `F:\taxi-system\mobile\node_modules\expo-modules-core\android\.cxx\RelWithDebInfo\121ts2z4\x86_64'
[1/62] Building CXX object CMakeFiles/expo-modules-jsi.dir/cmake_pch.hxx.pch
[2/62] Building CXX object CMakeFiles/expo-modules-core.dir/cmake_pch.hxx.pch
[3/62] Building CXX object CMakeFiles/expo-modules-jsi.dir/F_/taxi-system/mobile/node_modules/expo-modules-core/common/cpp/JSI/MemoryBuffer.cpp.o
[4/62] Building CXX object CMakeFiles/expo-modules-jsi.dir/F_/taxi-system/mobile/node_modules/expo-modules-core/common/cpp/JSI/ObjectDeallocator.cpp.o
[5/62] Building CXX object CMakeFiles/expo-modules-jsi.dir/F_/taxi-system/mobile/node_modules/expo-modules-core/common/cpp/JSI/TypedArray.cpp.o
[6/62] Building CXX object CMakeFiles/expo-modules-core.dir/F_/taxi-system/mobile/node_modules/expo-modules-core/common/cpp/NativeModule.cpp.o
[7/62] Building CXX object CMakeFiles/expo-modules-jsi.dir/src/jsi/JSReferencesCache.cpp.o
[8/62] Building CXX object CMakeFiles/expo-modules-core.dir/F_/taxi-system/mobile/node_modules/expo-modules-core/common/cpp/SharedObject.cpp.o
[9/62] Building CXX object CMakeFiles/expo-modules-core.dir/F_/taxi-system/mobile/node_modules/expo-modules-core/common/cpp/SharedRef.cpp.o
[10/62] Building CXX object CMakeFiles/expo-modules-core.dir/F_/taxi-system/mobile/node_modules/expo-modules-core/common/cpp/LazyObject.cpp.o
[11/62] Building CXX object CMakeFiles/expo-modules-jsi.dir/F_/taxi-system/mobile/node_modules/expo-modules-core/common/cpp/JSI/JSIUtils.cpp.o
[12/62] Building CXX object CMakeFiles/expo-modules-core.dir/F_/taxi-system/mobile/node_modules/expo-modules-core/common/cpp/fabric/ExpoViewState.cpp.o
[13/62] Building CXX object CMakeFiles/expo-modules-core.dir/F_/taxi-system/mobile/node_modules/expo-modules-core/common/cpp/fabric/ExpoViewEventEmitter.cpp.o
[14/62] Building CXX object CMakeFiles/expo-modules-core.dir/F_/taxi-system/mobile/node_modules/expo-modules-core/common/cpp/EventEmitter.cpp.o
[15/62] Building CXX object CMakeFiles/expo-modules-core.dir/src/main/cpp/Exceptions.cpp.o
[16/62] Linking CXX static library libexpo-modules-jsi.a
[17/62] Building CXX object CMakeFiles/expo-modules-core.dir/src/main/cpp/JNIDeallocator.cpp.o
[18/62] Building CXX object CMakeFiles/expo-modules-core.dir/src/main/cpp/JNIFunctionBody.cpp.o
[19/62] Building CXX object CMakeFiles/expo-modules-core.dir/src/main/cpp/ExpoModulesHostObject.cpp.o
[20/62] Building CXX object CMakeFiles/expo-modules-core.dir/src/main/cpp/JSharedObject.cpp.o
[21/62] Building CXX object CMakeFiles/expo-modules-core.dir/src/main/cpp/JNIInjector.cpp.o
[22/62] Building CXX object CMakeFiles/expo-modules-core.dir/src/main/cpp/JavaReferencesCache.cpp.o
[23/62] Building CXX object CMakeFiles/expo-modules-core.dir/F_/taxi-system/mobile/node_modules/expo-modules-core/common/cpp/fabric/ExpoViewShadowNode.cpp.o
[24/62] Building CXX object CMakeFiles/expo-modules-core.dir/F_/taxi-system/mobile/node_modules/expo-modules-core/common/cpp/fabric/ExpoViewProps.cpp.o
[25/62] Building CXX object CMakeFiles/expo-modules-core.dir/src/main/cpp/JavaScriptRuntime.cpp.o
[26/62] Building CXX object CMakeFiles/expo-modules-core.dir/src/main/cpp/JNIUtils.cpp.o
[27/62] Building CXX object CMakeFiles/expo-modules-core.dir/src/main/cpp/JavaScriptTypedArray.cpp.o
[28/62] Building CXX object CMakeFiles/expo-modules-core.dir/src/main/cpp/JavaScriptModuleObject.cpp.o
[29/62] Building CXX object CMakeFiles/expo-modules-core.dir/src/main/cpp/JSIContext.cpp.o
[30/62] Building CXX object CMakeFiles/expo-modules-core.dir/src/main/cpp/JavaScriptFunction.cpp.o
[31/62] Building CXX object CMakeFiles/expo-modules-core.dir/src/main/cpp/JavaScriptArrayBuffer.cpp.o
[32/62] Building CXX object CMakeFiles/expo-modules-core.dir/src/main/cpp/JavaScriptObject.cpp.o
[33/62] Building CXX object CMakeFiles/expo-modules-core.dir/src/main/cpp/decorators/JSObjectDecorator.cpp.o
[34/62] Building CXX object CMakeFiles/expo-modules-core.dir/src/main/cpp/JavaCallback.cpp.o
[35/62] Building CXX object CMakeFiles/expo-modules-core.dir/src/main/cpp/RuntimeHolder.cpp.o
[36/62] Building CXX object CMakeFiles/expo-modules-core.dir/src/main/cpp/JavaScriptWeakObject.cpp.o
[37/62] Building CXX object CMakeFiles/expo-modules-core.dir/src/main/cpp/JavaScriptValue.cpp.o
[38/62] Building CXX object CMakeFiles/expo-modules-core.dir/src/main/cpp/NativeArrayBuffer.cpp.o
[39/62] Building CXX object CMakeFiles/expo-modules-core.dir/src/main/cpp/MethodMetadata.cpp.o
FAILED: CMakeFiles/expo-modules-core.dir/src/main/cpp/MethodMetadata.cpp.o 
C:\Users\Administrator\AppData\Local\Android\Sdk\ndk\27.1.12297006\toolchains\llvm\prebuilt\windows-x86_64\bin\clang++.exe --target=x86_64-none-linux-android24 --sysroot=C:/Users/Administrator/AppData/Local/Android/Sdk/ndk/27.1.12297006/toolchains/llvm/prebuilt/windows-x86_64/sysroot -Dexpo_modules_core_EXPORTS -IF:/taxi-system/mobile/.gradle-user-home/caches/9.3.1/transforms/eb2224229ff93535bf21ac0d1e319da4/workspace/transformed/react-android-0.86.0-release/prefab/modules/reactnative/include/react -IF:/taxi-system/mobile/.gradle-user-home/caches/9.3.1/transforms/eb2224229ff93535bf21ac0d1e319da4/workspace/transformed/react-android-0.86.0-release/prefab/modules/reactnative/include/react/fabric -IF:/taxi-system/mobile/node_modules/react-native/ReactAndroid/src/main/jni -IF:/taxi-system/mobile/node_modules/expo-modules-core/android/src/fabric -IF:/taxi-system/mobile/node_modules/expo-modules-core/android/../common/cpp -IF:/taxi-system/mobile/node_modules/expo-modules-core/android/../common/cpp/fabric -IF:/taxi-system/mobile/node_modules/react-native/ReactCommon -IF:/taxi-system/mobile/node_modules/react-native/ReactCommon/jsiexecutor -IF:/taxi-system/mobile/node_modules/react-native-worklets/Common/cpp -IF:/taxi-system/mobile/node_modules/react-native-worklets/android/src/main/cpp -IF:/taxi-system/mobile/node_modules/expo-modules-core/android/../common/cpp/JSI -IF:/taxi-system/mobile/node_modules/expo-modules-core/android/src/jsi -isystem F:/taxi-system/mobile/.gradle-user-home/caches/9.3.1/transforms/eb2224229ff93535bf21ac0d1e319da4/workspace/transformed/react-android-0.86.0-release/prefab/modules/jsi/include -isystem F:/taxi-system/mobile/.gradle-user-home/caches/9.3.1/transforms/a380509ee370312f3a5187e825a1b544/workspace/transformed/fbjni-0.7.0/prefab/modules/fbjni/include -isystem F:/taxi-system/mobile/.gradle-user-home/caches/9.3.1/transforms/eb2224229ff93535bf21ac0d1e319da4/workspace/transformed/react-android-0.86.0-release/prefab/modules/reactnative/include -isystem F:/taxi-system/mobile/node_modules/react-native-worklets/android/build/prefab-headers/worklets -g -DANDROID -fdata-sections -ffunction-sections -funwind-tables -fstack-protector-strong -no-canonical-prefixes -D__BIONIC_NO_PAGE_SIZE_MACRO -D_FORTIFY_SOURCE=2 -Wformat -Werror=format-security   -O2 -g -DNDEBUG -fPIC -DWORKLETS_ENABLED=1 --std=c++20 -O2 -frtti -fexceptions -Wall -fstack-protector-all -DUSE_HERMES=0 -DUNIT_TEST=0 -DIS_NEW_ARCHITECTURE_ENABLED=1 -DRN_FABRIC_ENABLED=1 -DRN_SERIALIZABLE_STATE=1 -DFOLLY_NO_CONFIG=1 -DFOLLY_HAVE_CLOCK_GETTIME=1 -DFOLLY_USE_LIBCPP=1 -DFOLLY_CFG_NO_COROUTINES=1 -DFOLLY_MOBILE=1 -DFOLLY_HAVE_RECVMMSG=1 -DFOLLY_HAVE_PTHREAD=1 -DFOLLY_HAVE_XSI_STRERROR_R=1 -DREACT_NATIVE_TARGET_VERSION=86 -DREACT_NATIVE_MINOR_VERSION=86 -std=gnu++20 -Winvalid-pch -Xclang -include-pch -Xclang F:/taxi-system/mobile/node_modules/expo-modules-core/android/.cxx/RelWithDebInfo/121ts2z4/x86_64/CMakeFiles/expo-modules-core.dir/cmake_pch.hxx.pch -Xclang -include -Xclang F:/taxi-system/mobile/node_modules/expo-modules-core/android/.cxx/RelWithDebInfo/121ts2z4/x86_64/CMakeFiles/expo-modules-core.dir/cmake_pch.hxx -MD -MT CMakeFiles/expo-modules-core.dir/src/main/cpp/MethodMetadata.cpp.o -MF CMakeFiles\expo-modules-core.dir\src\main\cpp\MethodMetadata.cpp.o.d -o CMakeFiles/expo-modules-core.dir/src/main/cpp/MethodMetadata.cpp.o -c F:/taxi-system/mobile/node_modules/expo-modules-core/android/src/main/cpp/MethodMetadata.cpp
[40/62] Building CXX object CMakeFiles/expo-modules-core.dir/src/main/cpp/types/AnyType.cpp.o
FAILED: CMakeFiles/expo-modules-core.dir/src/main/cpp/types/AnyType.cpp.o 
C:\Users\Administrator\AppData\Local\Android\Sdk\ndk\27.1.12297006\toolchains\llvm\prebuilt\windows-x86_64\bin\clang++.exe --target=x86_64-none-linux-android24 --sysroot=C:/Users/Administrator/AppData/Local/Android/Sdk/ndk/27.1.12297006/toolchains/llvm/prebuilt/windows-x86_64/sysroot -Dexpo_modules_core_EXPORTS -IF:/taxi-system/mobile/.gradle-user-home/caches/9.3.1/transforms/eb2224229ff93535bf21ac0d1e319da4/workspace/transformed/react-android-0.86.0-release/prefab/modules/reactnative/include/react -IF:/taxi-system/mobile/.gradle-user-home/caches/9.3.1/transforms/eb2224229ff93535bf21ac0d1e319da4/workspace/transformed/react-android-0.86.0-release/prefab/modules/reactnative/include/react/fabric -IF:/taxi-system/mobile/node_modules/react-native/ReactAndroid/src/main/jni -IF:/taxi-system/mobile/node_modules/expo-modules-core/android/src/fabric -IF:/taxi-system/mobile/node_modules/expo-modules-core/android/../common/cpp -IF:/taxi-system/mobile/node_modules/expo-modules-core/android/../common/cpp/fabric -IF:/taxi-system/mobile/node_modules/react-native/ReactCommon -IF:/taxi-system/mobile/node_modules/react-native/ReactCommon/jsiexecutor -IF:/taxi-system/mobile/node_modules/react-native-worklets/Common/cpp -IF:/taxi-system/mobile/node_modules/react-native-worklets/android/src/main/cpp -IF:/taxi-system/mobile/node_modules/expo-modules-core/android/../common/cpp/JSI -IF:/taxi-system/mobile/node_modules/expo-modules-core/android/src/jsi -isystem F:/taxi-system/mobile/.gradle-user-home/caches/9.3.1/transforms/eb2224229ff93535bf21ac0d1e319da4/workspace/transformed/react-android-0.86.0-release/prefab/modules/jsi/include -isystem F:/taxi-system/mobile/.gradle-user-home/caches/9.3.1/transforms/a380509ee370312f3a5187e825a1b544/workspace/transformed/fbjni-0.7.0/prefab/modules/fbjni/include -isystem F:/taxi-system/mobile/.gradle-user-home/caches/9.3.1/transforms/eb2224229ff93535bf21ac0d1e319da4/workspace/transformed/react-android-0.86.0-release/prefab/modules/reactnative/include -isystem F:/taxi-system/mobile/node_modules/react-native-worklets/android/build/prefab-headers/worklets -g -DANDROID -fdata-sections -ffunction-sections -funwind-tables -fstack-protector-strong -no-canonical-prefixes -D__BIONIC_NO_PAGE_SIZE_MACRO -D_FORTIFY_SOURCE=2 -Wformat -Werror=format-security   -O2 -g -DNDEBUG -fPIC -DWORKLETS_ENABLED=1 --std=c++20 -O2 -frtti -fexceptions -Wall -fstack-protector-all -DUSE_HERMES=0 -DUNIT_TEST=0 -DIS_NEW_ARCHITECTURE_ENABLED=1 -DRN_FABRIC_ENABLED=1 -DRN_SERIALIZABLE_STATE=1 -DFOLLY_NO_CONFIG=1 -DFOLLY_HAVE_CLOCK_GETTIME=1 -DFOLLY_USE_LIBCPP=1 -DFOLLY_CFG_NO_COROUTINES=1 -DFOLLY_MOBILE=1 -DFOLLY_HAVE_RECVMMSG=1 -DFOLLY_HAVE_PTHREAD=1 -DFOLLY_HAVE_XSI_STRERROR_R=1 -DREACT_NATIVE_TARGET_VERSION=86 -DREACT_NATIVE_MINOR_VERSION=86 -std=gnu++20 -Winvalid-pch -Xclang -include-pch -Xclang F:/taxi-system/mobile/node_modules/expo-modules-core/android/.cxx/RelWithDebInfo/121ts2z4/x86_64/CMakeFiles/expo-modules-core.dir/cmake_pch.hxx.pch -Xclang -include -Xclang F:/taxi-system/mobile/node_modules/expo-modules-core/android/.cxx/RelWithDebInfo/121ts2z4/x86_64/CMakeFiles/expo-modules-core.dir/cmake_pch.hxx -MD -MT CMakeFiles/expo-modules-core.dir/src/main/cpp/types/AnyType.cpp.o -MF CMakeFiles\expo-modules-core.dir\src\main\cpp\types\AnyType.cpp.o.d -o CMakeFiles/expo-modules-core.dir/src/main/cpp/types/AnyType.cpp.o -c F:/taxi-system/mobile/node_modules/expo-modules-core/android/src/main/cpp/types/AnyType.cpp
[41/62] Building CXX object CMakeFiles/expo-modules-core.dir/src/main/cpp/decorators/JSFunctionsDecorator.cpp.o
FAILED: CMakeFiles/expo-modules-core.dir/src/main/cpp/decorators/JSFunctionsDecorator.cpp.o 
C:\Users\Administrator\AppData\Local\Android\Sdk\ndk\27.1.12297006\toolchains\llvm\prebuilt\windows-x86_64\bin\clang++.exe --target=x86_64-none-linux-android24 --sysroot=C:/Users/Administrator/AppData/Local/Android/Sdk/ndk/27.1.12297006/toolchains/llvm/prebuilt/windows-x86_64/sysroot -Dexpo_modules_core_EXPORTS -IF:/taxi-system/mobile/.gradle-user-home/caches/9.3.1/transforms/eb2224229ff93535bf21ac0d1e319da4/workspace/transformed/react-android-0.86.0-release/prefab/modules/reactnative/include/react -IF:/taxi-system/mobile/.gradle-user-home/caches/9.3.1/transforms/eb2224229ff93535bf21ac0d1e319da4/workspace/transformed/react-android-0.86.0-release/prefab/modules/reactnative/include/react/fabric -IF:/taxi-system/mobile/node_modules/react-native/ReactAndroid/src/main/jni -IF:/taxi-system/mobile/node_modules/expo-modules-core/android/src/fabric -IF:/taxi-system/mobile/node_modules/expo-modules-core/android/../common/cpp -IF:/taxi-system/mobile/node_modules/expo-modules-core/android/../common/cpp/fabric -IF:/taxi-system/mobile/node_modules/react-native/ReactCommon -IF:/taxi-system/mobile/node_modules/react-native/ReactCommon/jsiexecutor -IF:/taxi-system/mobile/node_modules/react-native-worklets/Common/cpp -IF:/taxi-system/mobile/node_modules/react-native-worklets/android/src/main/cpp -IF:/taxi-system/mobile/node_modules/expo-modules-core/android/../common/cpp/JSI -IF:/taxi-system/mobile/node_modules/expo-modules-core/android/src/jsi -isystem F:/taxi-system/mobile/.gradle-user-home/caches/9.3.1/transforms/eb2224229ff93535bf21ac0d1e319da4/workspace/transformed/react-android-0.86.0-release/prefab/modules/jsi/include -isystem F:/taxi-system/mobile/.gradle-user-home/caches/9.3.1/transforms/a380509ee370312f3a5187e825a1b544/workspace/transformed/fbjni-0.7.0/prefab/modules/fbjni/include -isystem F:/taxi-system/mobile/.gradle-user-home/caches/9.3.1/transforms/eb2224229ff93535bf21ac0d1e319da4/workspace/transformed/react-android-0.86.0-release/prefab/modules/reactnative/include -isystem F:/taxi-system/mobile/node_modules/react-native-worklets/android/build/prefab-headers/worklets -g -DANDROID -fdata-sections -ffunction-sections -funwind-tables -fstack-protector-strong -no-canonical-prefixes -D__BIONIC_NO_PAGE_SIZE_MACRO -D_FORTIFY_SOURCE=2 -Wformat -Werror=format-security   -O2 -g -DNDEBUG -fPIC -DWORKLETS_ENABLED=1 --std=c++20 -O2 -frtti -fexceptions -Wall -fstack-protector-all -DUSE_HERMES=0 -DUNIT_TEST=0 -DIS_NEW_ARCHITECTURE_ENABLED=1 -DRN_FABRIC_ENABLED=1 -DRN_SERIALIZABLE_STATE=1 -DFOLLY_NO_CONFIG=1 -DFOLLY_HAVE_CLOCK_GETTIME=1 -DFOLLY_USE_LIBCPP=1 -DFOLLY_CFG_NO_COROUTINES=1 -DFOLLY_MOBILE=1 -DFOLLY_HAVE_RECVMMSG=1 -DFOLLY_HAVE_PTHREAD=1 -DFOLLY_HAVE_XSI_STRERROR_R=1 -DREACT_NATIVE_TARGET_VERSION=86 -DREACT_NATIVE_MINOR_VERSION=86 -std=gnu++20 -Winvalid-pch -Xclang -include-pch -Xclang F:/taxi-system/mobile/node_modules/expo-modules-core/android/.cxx/RelWithDebInfo/121ts2z4/x86_64/CMakeFiles/expo-modules-core.dir/cmake_pch.hxx.pch -Xclang -include -Xclang F:/taxi-system/mobile/node_modules/expo-modules-core/android/.cxx/RelWithDebInfo/121ts2z4/x86_64/CMakeFiles/expo-modules-core.dir/cmake_pch.hxx -MD -MT CMakeFiles/expo-modules-core.dir/src/main/cpp/decorators/JSFunctionsDecorator.cpp.o -MF CMakeFiles\expo-modules-core.dir\src\main\cpp\decorators\JSFunctionsDecorator.cpp.o.d -o CMakeFiles/expo-modules-core.dir/src/main/cpp/decorators/JSFunctionsDecorator.cpp.o -c F:/taxi-system/mobile/node_modules/expo-modules-core/android/src/main/cpp/decorators/JSFunctionsDecorator.cpp
[42/62] Building CXX object CMakeFiles/expo-modules-core.dir/src/main/cpp/decorators/JSConstantsDecorator.cpp.o
[43/62] Building CXX object CMakeFiles/expo-modules-core.dir/src/main/cpp/decorators/JSClassesDecorator.cpp.o
[44/62] Building CXX object CMakeFiles/expo-modules-core.dir/src/main/cpp/decorators/JSDecoratorsBridgingObject.cpp.o
ninja: build stopped: subcommand failed.

C++ build system [build] failed while executing:
    @echo off
    "C:\\Users\\Administrator\\AppData\\Local\\Android\\Sdk\\cmake\\3.22.1\\bin\\ninja.exe" ^
      -C ^
      "F:\\taxi-system\\mobile\\node_modules\\expo-modules-core\\android\\.cxx\\RelWithDebInfo\\121ts2z4\\x86_64" ^
      expo-modules-core
  from F:\taxi-system\mobile\node_modules\expo-modules-core\android
	at com.android.build.gradle.internal.cxx.process.ExecuteProcessKt.execute(ExecuteProcess.kt:288)
	at com.android.build.gradle.internal.cxx.process.ExecuteProcessKt$executeProcess$1.invoke(ExecuteProcess.kt:108)
	at com.android.build.gradle.internal.cxx.process.ExecuteProcessKt$executeProcess$1.invoke(ExecuteProcess.kt:106)
	at com.android.build.gradle.internal.cxx.timing.TimingEnvironmentKt.time(TimingEnvironment.kt:32)
	at com.android.build.gradle.internal.cxx.process.ExecuteProcessKt.executeProcess(ExecuteProcess.kt:106)
	at com.android.build.gradle.internal.cxx.process.ExecuteProcessKt.executeProcess$default(ExecuteProcess.kt:85)
	at com.android.build.gradle.internal.cxx.build.CxxRegularBuilder.executeProcessBatch(CxxRegularBuilder.kt:332)
	at com.android.build.gradle.internal.cxx.build.CxxRegularBuilder.build(CxxRegularBuilder.kt:129)
	at com.android.build.gradle.tasks.ExternalNativeBuildTask.doTaskAction(ExternalNativeBuildTask.kt:72)
	at com.android.build.gradle.internal.tasks.UnsafeOutputsTask$taskAction$$inlined$recordTaskAction$1.invoke(BaseTask.kt:59)
	at com.android.build.gradle.internal.tasks.Blocks.recordSpan(Blocks.java:51)
	at com.android.build.gradle.internal.tasks.UnsafeOutputsTask.taskAction(UnsafeOutputsTask.kt:81)
	at org.gradle.internal.reflect.JavaMethod.invoke(JavaMethod.java:125)
	... 122 more
Caused by: com.android.ide.common.process.ProcessException: Error while executing process C:\Users\Administrator\AppData\Local\Android\Sdk\cmake\3.22.1\bin\ninja.exe with arguments {-C F:\taxi-system\mobile\node_modules\expo-modules-core\android\.cxx\RelWithDebInfo\121ts2z4\x86_64 expo-modules-core}
	at com.android.build.gradle.internal.process.GradleProcessResult.buildProcessException(GradleProcessResult.java:73)
	at com.android.build.gradle.internal.process.GradleProcessResult.assertNormalExitValue(GradleProcessResult.java:48)
	at com.android.build.gradle.internal.cxx.process.ExecuteProcessKt.execute(ExecuteProcess.kt:277)
	... 134 more
Caused by: org.gradle.process.ProcessExecutionException: Process 'command 'C:\Users\Administrator\AppData\Local\Android\Sdk\cmake\3.22.1\bin\ninja.exe'' finished with non-zero exit value 1
	at org.gradle.process.internal.DefaultExecHandle$ExecResultImpl.assertNormalExitValue(DefaultExecHandle.java:454)
	at com.android.build.gradle.internal.process.GradleProcessResult.assertNormalExitValue(GradleProcessResult.java:46)
	... 135 more

==============================================================================

2: Task failed with an exception.
-----------
* What went wrong:
Execution failed for task ':react-native-reanimated:buildCMakeRelWithDebInfo[armeabi-v7a][reanimated]'.
> com.android.ide.common.process.ProcessException: ninja: Entering directory `F:\taxi-system\mobile\node_modules\react-native-reanimated\android\.cxx\RelWithDebInfo\505y2cjv\armeabi-v7a'
  [0/2] Re-checking globbed directories...
  [1/107] Building CXX object CMakeFiles/reanimated.dir/cmake_pch.hxx.pch
  [2/107] Building CXX object CMakeFiles/reanimated.dir/F_/taxi-system/mobile/node_modules/react-native-reanimated/Common/cpp/reanimated/CSS/utils/algorithms.cpp.o
  [3/107] Building CXX object CMakeFiles/reanimated.dir/F_/taxi-system/mobile/node_modules/react-native-reanimated/Common/cpp/reanimated/CSS/common/filters/FilterOp.cpp.o
  [4/107] Building CXX object CMakeFiles/reanimated.dir/8b67b8797f8f1319583705cbf910c788/Common/cpp/reanimated/CSS/svg/values/SVGStrokeDashArray.cpp.o
  [5/107] Building CXX object CMakeFiles/reanimated.dir/8b67b8797f8f1319583705cbf910c788/Common/cpp/reanimated/AnimatedSensor/AnimatedSensorModule.cpp.o
  [6/107] Building CXX object CMakeFiles/reanimated.dir/F_/taxi-system/mobile/node_modules/react-native-reanimated/Common/cpp/reanimated/CSS/utils/interpolators.cpp.o
  [7/107] Building CXX object CMakeFiles/reanimated.dir/F_/taxi-system/mobile/node_modules/react-native-reanimated/Common/cpp/reanimated/CSS/svg/values/SVGStops.cpp.o
  [8/107] Building CXX object CMakeFiles/reanimated.dir/ba90dc2fc5fc7f2598bc73a98f21f206/react-native-reanimated/Common/cpp/reanimated/CSS/svg/values/CSSLengthArray.cpp.o
  [9/107] Building CXX object CMakeFiles/reanimated.dir/8b67b8797f8f1319583705cbf910c788/Common/cpp/reanimated/CSS/registries/CSSTransitionsRegistry.cpp.o
  [10/107] Building CXX object CMakeFiles/reanimated.dir/8b67b8797f8f1319583705cbf910c788/Common/cpp/reanimated/CSS/registries/StaticPropsRegistry.cpp.o
  [11/107] Building CXX object CMakeFiles/reanimated.dir/8b67b8797f8f1319583705cbf910c788/Common/cpp/reanimated/CSS/svg/values/CSSLengthVector.cpp.o
  [12/107] Building CXX object CMakeFiles/reanimated.dir/F_/taxi-system/mobile/node_modules/react-native-reanimated/Common/cpp/reanimated/CSS/svg/values/SVGBrush.cpp.o
  [13/107] Building CXX object CMakeFiles/reanimated.dir/8b67b8797f8f1319583705cbf910c788/Common/cpp/reanimated/Fabric/updates/AnimatedPropsRegistry.cpp.o
  [14/107] Building CXX object CMakeFiles/reanimated.dir/ba90dc2fc5fc7f2598bc73a98f21f206/react-native-reanimated/Common/cpp/reanimated/Fabric/updates/OperationsLoop.cpp.o
  [15/107] Building CXX object CMakeFiles/reanimated.dir/8b67b8797f8f1319583705cbf910c788/Common/cpp/reanimated/Fabric/updates/UpdatesRegistryManager.cpp.o
  [16/107] Building CXX object CMakeFiles/reanimated.dir/F_/taxi-system/mobile/node_modules/react-native-reanimated/Common/cpp/reanimated/Events/UIEventHandler.cpp.o
  [17/107] Building CXX object CMakeFiles/reanimated.dir/ba90dc2fc5fc7f2598bc73a98f21f206/react-native-reanimated/Common/cpp/reanimated/Events/UIEventHandlerRegistry.cpp.o
  [18/107] Building CXX object CMakeFiles/reanimated.dir/F_/taxi-system/mobile/node_modules/react-native-reanimated/Common/cpp/reanimated/CSS/utils/platform.cpp.o
  [19/107] Building CXX object CMakeFiles/reanimated.dir/F_/taxi-system/mobile/node_modules/react-native-reanimated/Common/cpp/reanimated/CSS/svg/values/SVGPath.cpp.o
  [20/107] Building CXX object CMakeFiles/reanimated.dir/8b67b8797f8f1319583705cbf910c788/Common/cpp/reanimated/Fabric/updates/UpdatesRegistry.cpp.o
  [21/107] Building CXX object CMakeFiles/reanimated.dir/F_/taxi-system/mobile/node_modules/react-native-reanimated/Common/cpp/reanimated/Fabric/ReanimatedCommitHook.cpp.o
  [22/107] Building CXX object CMakeFiles/reanimated.dir/F_/taxi-system/mobile/node_modules/react-native-reanimated/Common/cpp/reanimated/CSS/utils/props.cpp.o
  [23/107] Building CXX object CMakeFiles/reanimated.dir/F_/taxi-system/mobile/node_modules/react-native-reanimated/Common/cpp/reanimated/Fabric/ReanimatedMountHook.cpp.o
  [24/107] Building CXX object CMakeFiles/reanimated.dir/8b67b8797f8f1319583705cbf910c788/Common/cpp/reanimated/LayoutAnimations/LayoutAnimationsUtils.cpp.o
  [25/107] Building CXX object CMakeFiles/reanimated.dir/F_/taxi-system/mobile/node_modules/react-native-reanimated/Common/cpp/reanimated/Fabric/ShadowTreeCloner.cpp.o
  [26/107] Building CXX object CMakeFiles/reanimated.dir/F_/taxi-system/mobile/node_modules/react-native-reanimated/Common/cpp/reanimated/CSS/InterpolatorRegistry.cpp.o
  FAILED: CMakeFiles/reanimated.dir/F_/taxi-system/mobile/node_modules/react-native-reanimated/Common/cpp/reanimated/CSS/InterpolatorRegistry.cpp.o 
  C:\Users\Administrator\AppData\Local\Android\Sdk\ndk\27.1.12297006\toolchains\llvm\prebuilt\windows-x86_64\bin\clang++.exe --target=armv7-none-linux-androideabi24 --sysroot=C:/Users/Administrator/AppData/Local/Android/Sdk/ndk/27.1.12297006/toolchains/llvm/prebuilt/windows-x86_64/sysroot -DRN_SERIALIZABLE_STATE -Dreanimated_EXPORTS -IF:/taxi-system/mobile/node_modules/react-native-reanimated/android/../Common/cpp -IF:/taxi-system/mobile/node_modules/react-native-reanimated/android/src/main/cpp -IF:/taxi-system/mobile/node_modules/react-native-reanimated/android/.. -IF:/taxi-system/mobile/node_modules/react-native-reanimated/android/build/generated/source/codegen/jni -IF:/taxi-system/mobile/node_modules/react-native/ReactCommon -IF:/taxi-system/mobile/node_modules/react-native/ReactCommon/yoga -IF:/taxi-system/mobile/node_modules/react-native/ReactAndroid/src/main/jni/react/turbomodule -IF:/taxi-system/mobile/node_modules/react-native/ReactCommon/callinvoker -IF:/taxi-system/mobile/node_modules/react-native/ReactCommon/runtimeexecutor -IF:/taxi-system/mobile/node_modules/react-native/ReactCommon/jsiexecutor -IF:/taxi-system/mobile/node_modules/react-native/ReactCommon/react/renderer/graphics/platform/cxx -isystem F:/taxi-system/mobile/.gradle-user-home/caches/9.3.1/transforms/eb2224229ff93535bf21ac0d1e319da4/workspace/transformed/react-android-0.86.0-release/prefab/modules/reactnative/include -isystem F:/taxi-system/mobile/.gradle-user-home/caches/9.3.1/transforms/eb2224229ff93535bf21ac0d1e319da4/workspace/transformed/react-android-0.86.0-release/prefab/modules/jsi/include -isystem F:/taxi-system/mobile/.gradle-user-home/caches/9.3.1/transforms/a380509ee370312f3a5187e825a1b544/workspace/transformed/fbjni-0.7.0/prefab/modules/fbjni/include -isystem F:/taxi-system/mobile/node_modules/react-native-worklets/android/build/prefab-headers/worklets -g -DANDROID -fdata-sections -ffunction-sections -funwind-tables -fstack-protector-strong -no-canonical-prefixes -D__BIONIC_NO_PAGE_SIZE_MACRO -D_FORTIFY_SOURCE=2 -march=armv7-a -mthumb -Wformat -Werror=format-security   -DREANIMATED_VERSION=4.5.0    -DREANIMATED_FEATURE_FLAGS="[EXPERIMENTAL_CSS_ANIMATIONS_FOR_SVG_COMPONENTS:true][RUNTIME_TEST_FLAG:false][DISABLE_COMMIT_PAUSING_MECHANISM:false][ANDROID_SYNCHRONOUSLY_UPDATE_UI_PROPS:false][IOS_CSS_CORE_ANIMATION:false][USE_SYNCHRONIZABLE_FOR_MUTABLES:true][FORCE_REACT_RENDER_FOR_SETTLED_ANIMATIONS:true][ENABLE_SHARED_ELEMENT_TRANSITIONS:false][IOS_SYNCHRONOUSLY_UPDATE_UI_PROPS:false][USE_COMMIT_HOOK_ONLY_FOR_REACT_COMMITS:true][USE_ANIMATION_BACKEND:false]" -fno-omit-frame-pointer -fstack-protector-all -fvisibility=hidden -DNDEBUG -flto=thin -O2 -g -DNDEBUG -fPIC -DFOLLY_NO_CONFIG=1 -DFOLLY_HAVE_CLOCK_GETTIME=1 -DFOLLY_USE_LIBCPP=1 -DFOLLY_CFG_NO_COROUTINES=1 -DFOLLY_MOBILE=1 -DFOLLY_HAVE_RECVMMSG=1 -DFOLLY_HAVE_PTHREAD=1 -DFOLLY_HAVE_XSI_STRERROR_R=1 -Wall -Werror -fexceptions -frtti -std=c++20 -DLOG_TAG=\"ReactNative\" -std=gnu++20 -Winvalid-pch -Xclang -include-pch -Xclang F:/taxi-system/mobile/node_modules/react-native-reanimated/android/.cxx/RelWithDebInfo/505y2cjv/armeabi-v7a/CMakeFiles/reanimated.dir/cmake_pch.hxx.pch -Xclang -include -Xclang F:/taxi-system/mobile/node_modules/react-native-reanimated/android/.cxx/RelWithDebInfo/505y2cjv/armeabi-v7a/CMakeFiles/reanimated.dir/cmake_pch.hxx -MD -MT CMakeFiles/reanimated.dir/F_/taxi-system/mobile/node_modules/react-native-reanimated/Common/cpp/reanimated/CSS/InterpolatorRegistry.cpp.o -MF CMakeFiles\reanimated.dir\F_\taxi-system\mobile\node_modules\react-native-reanimated\Common\cpp\reanimated\CSS\InterpolatorRegistry.cpp.o.d -o CMakeFiles/reanimated.dir/F_/taxi-system/mobile/node_modules/react-native-reanimated/Common/cpp/reanimated/CSS/InterpolatorRegistry.cpp.o -c F:/taxi-system/mobile/node_modules/react-native-reanimated/Common/cpp/reanimated/CSS/InterpolatorRegistry.cpp
  [27/107] Building CXX object CMakeFiles/reanimated.dir/8b67b8797f8f1319583705cbf910c788/Common/cpp/reanimated/LayoutAnimations/LayoutAnimationsManager.cpp.o
  FAILED: CMakeFiles/reanimated.dir/8b67b8797f8f1319583705cbf910c788/Common/cpp/reanimated/LayoutAnimations/LayoutAnimationsManager.cpp.o 
  C:\Users\Administrator\AppData\Local\Android\Sdk\ndk\27.1.12297006\toolchains\llvm\prebuilt\windows-x86_64\bin\clang++.exe --target=armv7-none-linux-androideabi24 --sysroot=C:/Users/Administrator/AppData/Local/Android/Sdk/ndk/27.1.12297006/toolchains/llvm/prebuilt/windows-x86_64/sysroot -DRN_SERIALIZABLE_STATE -Dreanimated_EXPORTS -IF:/taxi-system/mobile/node_modules/react-native-reanimated/android/../Common/cpp -IF:/taxi-system/mobile/node_modules/react-native-reanimated/android/src/main/cpp -IF:/taxi-system/mobile/node_modules/react-native-reanimated/android/.. -IF:/taxi-system/mobile/node_modules/react-native-reanimated/android/build/generated/source/codegen/jni -IF:/taxi-system/mobile/node_modules/react-native/ReactCommon -IF:/taxi-system/mobile/node_modules/react-native/ReactCommon/yoga -IF:/taxi-system/mobile/node_modules/react-native/ReactAndroid/src/main/jni/react/turbomodule -IF:/taxi-system/mobile/node_modules/react-native/ReactCommon/callinvoker -IF:/taxi-system/mobile/node_modules/react-native/ReactCommon/runtimeexecutor -IF:/taxi-system/mobile/node_modules/react-native/ReactCommon/jsiexecutor -IF:/taxi-system/mobile/node_modules/react-native/ReactCommon/react/renderer/graphics/platform/cxx -isystem F:/taxi-system/mobile/.gradle-user-home/caches/9.3.1/transforms/eb2224229ff93535bf21ac0d1e319da4/workspace/transformed/react-android-0.86.0-release/prefab/modules/reactnative/include -isystem F:/taxi-system/mobile/.gradle-user-home/caches/9.3.1/transforms/eb2224229ff93535bf21ac0d1e319da4/workspace/transformed/react-android-0.86.0-release/prefab/modules/jsi/include -isystem F:/taxi-system/mobile/.gradle-user-home/caches/9.3.1/transforms/a380509ee370312f3a5187e825a1b544/workspace/transformed/fbjni-0.7.0/prefab/modules/fbjni/include -isystem F:/taxi-system/mobile/node_modules/react-native-worklets/android/build/prefab-headers/worklets -g -DANDROID -fdata-sections -ffunction-sections -funwind-tables -fstack-protector-strong -no-canonical-prefixes -D__BIONIC_NO_PAGE_SIZE_MACRO -D_FORTIFY_SOURCE=2 -march=armv7-a -mthumb -Wformat -Werror=format-security   -DREANIMATED_VERSION=4.5.0    -DREANIMATED_FEATURE_FLAGS="[EXPERIMENTAL_CSS_ANIMATIONS_FOR_SVG_COMPONENTS:true][RUNTIME_TEST_FLAG:false][DISABLE_COMMIT_PAUSING_MECHANISM:false][ANDROID_SYNCHRONOUSLY_UPDATE_UI_PROPS:false][IOS_CSS_CORE_ANIMATION:false][USE_SYNCHRONIZABLE_FOR_MUTABLES:true][FORCE_REACT_RENDER_FOR_SETTLED_ANIMATIONS:true][ENABLE_SHARED_ELEMENT_TRANSITIONS:false][IOS_SYNCHRONOUSLY_UPDATE_UI_PROPS:false][USE_COMMIT_HOOK_ONLY_FOR_REACT_COMMITS:true][USE_ANIMATION_BACKEND:false]" -fno-omit-frame-pointer -fstack-protector-all -fvisibility=hidden -DNDEBUG -flto=thin -O2 -g -DNDEBUG -fPIC -DFOLLY_NO_CONFIG=1 -DFOLLY_HAVE_CLOCK_GETTIME=1 -DFOLLY_USE_LIBCPP=1 -DFOLLY_CFG_NO_COROUTINES=1 -DFOLLY_MOBILE=1 -DFOLLY_HAVE_RECVMMSG=1 -DFOLLY_HAVE_PTHREAD=1 -DFOLLY_HAVE_XSI_STRERROR_R=1 -Wall -Werror -fexceptions -frtti -std=c++20 -DLOG_TAG=\"ReactNative\" -std=gnu++20 -Winvalid-pch -Xclang -include-pch -Xclang F:/taxi-system/mobile/node_modules/react-native-reanimated/android/.cxx/RelWithDebInfo/505y2cjv/armeabi-v7a/CMakeFiles/reanimated.dir/cmake_pch.hxx.pch -Xclang -include -Xclang F:/taxi-system/mobile/node_modules/react-native-reanimated/android/.cxx/RelWithDebInfo/505y2cjv/armeabi-v7a/CMakeFiles/reanimated.dir/cmake_pch.hxx -MD -MT CMakeFiles/reanimated.dir/8b67b8797f8f1319583705cbf910c788/Common/cpp/reanimated/LayoutAnimations/LayoutAnimationsManager.cpp.o -MF CMakeFiles\reanimated.dir\8b67b8797f8f1319583705cbf910c788\Common\cpp\reanimated\LayoutAnimations\LayoutAnimationsManager.cpp.o.d -o CMakeFiles/reanimated.dir/8b67b8797f8f1319583705cbf910c788/Common/cpp/reanimated/LayoutAnimations/LayoutAnimationsManager.cpp.o -c F:/taxi-system/mobile/node_modules/react-native-reanimated/Common/cpp/reanimated/LayoutAnimations/LayoutAnimationsManager.cpp
  [28/107] Building CXX object CMakeFiles/reanimated.dir/8b67b8797f8f1319583705cbf910c788/Common/cpp/reanimated/LayoutAnimations/LayoutAnimationsProxy_Experimental.cpp.o
  FAILED: CMakeFiles/reanimated.dir/8b67b8797f8f1319583705cbf910c788/Common/cpp/reanimated/LayoutAnimations/LayoutAnimationsProxy_Experimental.cpp.o 
  C:\Users\Administrator\AppData\Local\Android\Sdk\ndk\27.1.12297006\toolchains\llvm\prebuilt\windows-x86_64\bin\clang++.exe --target=armv7-none-linux-androideabi24 --sysroot=C:/Users/Administrator/AppData/Local/Android/Sdk/ndk/27.1.12297006/toolchains/llvm/prebuilt/windows-x86_64/sysroot -DRN_SERIALIZABLE_STATE -Dreanimated_EXPORTS -IF:/taxi-system/mobile/node_modules/react-native-reanimated/android/../Common/cpp -IF:/taxi-system/mobile/node_modules/react-native-reanimated/android/src/main/cpp -IF:/taxi-system/mobile/node_modules/react-native-reanimated/android/.. -IF:/taxi-system/mobile/node_modules/react-native-reanimated/android/build/generated/source/codegen/jni -IF:/taxi-system/mobile/node_modules/react-native/ReactCommon -IF:/taxi-system/mobile/node_modules/react-native/ReactCommon/yoga -IF:/taxi-system/mobile/node_modules/react-native/ReactAndroid/src/main/jni/react/turbomodule -IF:/taxi-system/mobile/node_modules/react-native/ReactCommon/callinvoker -IF:/taxi-system/mobile/node_modules/react-native/ReactCommon/runtimeexecutor -IF:/taxi-system/mobile/node_modules/react-native/ReactCommon/jsiexecutor -IF:/taxi-system/mobile/node_modules/react-native/ReactCommon/react/renderer/graphics/platform/cxx -isystem F:/taxi-system/mobile/.gradle-user-home/caches/9.3.1/transforms/eb2224229ff93535bf21ac0d1e319da4/workspace/transformed/react-android-0.86.0-release/prefab/modules/reactnative/include -isystem F:/taxi-system/mobile/.gradle-user-home/caches/9.3.1/transforms/eb2224229ff93535bf21ac0d1e319da4/workspace/transformed/react-android-0.86.0-release/prefab/modules/jsi/include -isystem F:/taxi-system/mobile/.gradle-user-home/caches/9.3.1/transforms/a380509ee370312f3a5187e825a1b544/workspace/transformed/fbjni-0.7.0/prefab/modules/fbjni/include -isystem F:/taxi-system/mobile/node_modules/react-native-worklets/android/build/prefab-headers/worklets -g -DANDROID -fdata-sections -ffunction-sections -funwind-tables -fstack-protector-strong -no-canonical-prefixes -D__BIONIC_NO_PAGE_SIZE_MACRO -D_FORTIFY_SOURCE=2 -march=armv7-a -mthumb -Wformat -Werror=format-security   -DREANIMATED_VERSION=4.5.0    -DREANIMATED_FEATURE_FLAGS="[EXPERIMENTAL_CSS_ANIMATIONS_FOR_SVG_COMPONENTS:true][RUNTIME_TEST_FLAG:false][DISABLE_COMMIT_PAUSING_MECHANISM:false][ANDROID_SYNCHRONOUSLY_UPDATE_UI_PROPS:false][IOS_CSS_CORE_ANIMATION:false][USE_SYNCHRONIZABLE_FOR_MUTABLES:true][FORCE_REACT_RENDER_FOR_SETTLED_ANIMATIONS:true][ENABLE_SHARED_ELEMENT_TRANSITIONS:false][IOS_SYNCHRONOUSLY_UPDATE_UI_PROPS:false][USE_COMMIT_HOOK_ONLY_FOR_REACT_COMMITS:true][USE_ANIMATION_BACKEND:false]" -fno-omit-frame-pointer -fstack-protector-all -fvisibility=hidden -DNDEBUG -flto=thin -O2 -g -DNDEBUG -fPIC -DFOLLY_NO_CONFIG=1 -DFOLLY_HAVE_CLOCK_GETTIME=1 -DFOLLY_USE_LIBCPP=1 -DFOLLY_CFG_NO_COROUTINES=1 -DFOLLY_MOBILE=1 -DFOLLY_HAVE_RECVMMSG=1 -DFOLLY_HAVE_PTHREAD=1 -DFOLLY_HAVE_XSI_STRERROR_R=1 -Wall -Werror -fexceptions -frtti -std=c++20 -DLOG_TAG=\"ReactNative\" -std=gnu++20 -Winvalid-pch -Xclang -include-pch -Xclang F:/taxi-system/mobile/node_modules/react-native-reanimated/android/.cxx/RelWithDebInfo/505y2cjv/armeabi-v7a/CMakeFiles/reanimated.dir/cmake_pch.hxx.pch -Xclang -include -Xclang F:/taxi-system/mobile/node_modules/react-native-reanimated/android/.cxx/RelWithDebInfo/505y2cjv/armeabi-v7a/CMakeFiles/reanimated.dir/cmake_pch.hxx -MD -MT CMakeFiles/reanimated.dir/8b67b8797f8f1319583705cbf910c788/Common/cpp/reanimated/LayoutAnimations/LayoutAnimationsProxy_Experimental.cpp.o -MF CMakeFiles\reanimated.dir\8b67b8797f8f1319583705cbf910c788\Common\cpp\reanimated\LayoutAnimations\LayoutAnimationsProxy_Experimental.cpp.o.d -o CMakeFiles/reanimated.dir/8b67b8797f8f1319583705cbf910c788/Common/cpp/reanimated/LayoutAnimations/LayoutAnimationsProxy_Experimental.cpp.o -c F:/taxi-system/mobile/node_modules/react-native-reanimated/Common/cpp/reanimated/LayoutAnimations/LayoutAnimationsProxy_Experimental.cpp
  [29/107] Building CXX object CMakeFiles/reanimated.dir/8b67b8797f8f1319583705cbf910c788/Common/cpp/reanimated/NativeModules/SynchronousPropsBufferSerializer.cpp.o
  FAILED: CMakeFiles/reanimated.dir/8b67b8797f8f1319583705cbf910c788/Common/cpp/reanimated/NativeModules/SynchronousPropsBufferSerializer.cpp.o 
  C:\Users\Administrator\AppData\Local\Android\Sdk\ndk\27.1.12297006\toolchains\llvm\prebuilt\windows-x86_64\bin\clang++.exe --target=armv7-none-linux-androideabi24 --sysroot=C:/Users/Administrator/AppData/Local/Android/Sdk/ndk/27.1.12297006/toolchains/llvm/prebuilt/windows-x86_64/sysroot -DRN_SERIALIZABLE_STATE -Dreanimated_EXPORTS -IF:/taxi-system/mobile/node_modules/react-native-reanimated/android/../Common/cpp -IF:/taxi-system/mobile/node_modules/react-native-reanimated/android/src/main/cpp -IF:/taxi-system/mobile/node_modules/react-native-reanimated/android/.. -IF:/taxi-system/mobile/node_modules/react-native-reanimated/android/build/generated/source/codegen/jni -IF:/taxi-system/mobile/node_modules/react-native/ReactCommon -IF:/taxi-system/mobile/node_modules/react-native/ReactCommon/yoga -IF:/taxi-system/mobile/node_modules/react-native/ReactAndroid/src/main/jni/react/turbomodule -IF:/taxi-system/mobile/node_modules/react-native/ReactCommon/callinvoker -IF:/taxi-system/mobile/node_modules/react-native/ReactCommon/runtimeexecutor -IF:/taxi-system/mobile/node_modules/react-native/ReactCommon/jsiexecutor -IF:/taxi-system/mobile/node_modules/react-native/ReactCommon/react/renderer/graphics/platform/cxx -isystem F:/taxi-system/mobile/.gradle-user-home/caches/9.3.1/transforms/eb2224229ff93535bf21ac0d1e319da4/workspace/transformed/react-android-0.86.0-release/prefab/modules/reactnative/include -isystem F:/taxi-system/mobile/.gradle-user-home/caches/9.3.1/transforms/eb2224229ff93535bf21ac0d1e319da4/workspace/transformed/react-android-0.86.0-release/prefab/modules/jsi/include -isystem F:/taxi-system/mobile/.gradle-user-home/caches/9.3.1/transforms/a380509ee370312f3a5187e825a1b544/workspace/transformed/fbjni-0.7.0/prefab/modules/fbjni/include -isystem F:/taxi-system/mobile/node_modules/react-native-worklets/android/build/prefab-headers/worklets -g -DANDROID -fdata-sections -ffunction-sections -funwind-tables -fstack-protector-strong -no-canonical-prefixes -D__BIONIC_NO_PAGE_SIZE_MACRO -D_FORTIFY_SOURCE=2 -march=armv7-a -mthumb -Wformat -Werror=format-security   -DREANIMATED_VERSION=4.5.0    -DREANIMATED_FEATURE_FLAGS="[EXPERIMENTAL_CSS_ANIMATIONS_FOR_SVG_COMPONENTS:true][RUNTIME_TEST_FLAG:false][DISABLE_COMMIT_PAUSING_MECHANISM:false][ANDROID_SYNCHRONOUSLY_UPDATE_UI_PROPS:false][IOS_CSS_CORE_ANIMATION:false][USE_SYNCHRONIZABLE_FOR_MUTABLES:true][FORCE_REACT_RENDER_FOR_SETTLED_ANIMATIONS:true][ENABLE_SHARED_ELEMENT_TRANSITIONS:false][IOS_SYNCHRONOUSLY_UPDATE_UI_PROPS:false][USE_COMMIT_HOOK_ONLY_FOR_REACT_COMMITS:true][USE_ANIMATION_BACKEND:false]" -fno-omit-frame-pointer -fstack-protector-all -fvisibility=hidden -DNDEBUG -flto=thin -O2 -g -DNDEBUG -fPIC -DFOLLY_NO_CONFIG=1 -DFOLLY_HAVE_CLOCK_GETTIME=1 -DFOLLY_USE_LIBCPP=1 -DFOLLY_CFG_NO_COROUTINES=1 -DFOLLY_MOBILE=1 -DFOLLY_HAVE_RECVMMSG=1 -DFOLLY_HAVE_PTHREAD=1 -DFOLLY_HAVE_XSI_STRERROR_R=1 -Wall -Werror -fexceptions -frtti -std=c++20 -DLOG_TAG=\"ReactNative\" -std=gnu++20 -Winvalid-pch -Xclang -include-pch -Xclang F:/taxi-system/mobile/node_modules/react-native-reanimated/android/.cxx/RelWithDebInfo/505y2cjv/armeabi-v7a/CMakeFiles/reanimated.dir/cmake_pch.hxx.pch -Xclang -include -Xclang F:/taxi-system/mobile/node_modules/react-native-reanimated/android/.cxx/RelWithDebInfo/505y2cjv/armeabi-v7a/CMakeFiles/reanimated.dir/cmake_pch.hxx -MD -MT CMakeFiles/reanimated.dir/8b67b8797f8f1319583705cbf910c788/Common/cpp/reanimated/NativeModules/SynchronousPropsBufferSerializer.cpp.o -MF CMakeFiles\reanimated.dir\8b67b8797f8f1319583705cbf910c788\Common\cpp\reanimated\NativeModules\SynchronousPropsBufferSerializer.cpp.o.d -o CMakeFiles/reanimated.dir/8b67b8797f8f1319583705cbf910c788/Common/cpp/reanimated/NativeModules/SynchronousPropsBufferSerializer.cpp.o -c F:/taxi-system/mobile/node_modules/react-native-reanimated/Common/cpp/reanimated/NativeModules/SynchronousPropsBufferSerializer.cpp
  [30/107] Building CXX object CMakeFiles/reanimated.dir/8b67b8797f8f1319583705cbf910c788/Common/cpp/reanimated/LayoutAnimations/LayoutAnimationsProxy_Legacy.cpp.o
  FAILED: CMakeFiles/reanimated.dir/8b67b8797f8f1319583705cbf910c788/Common/cpp/reanimated/LayoutAnimations/LayoutAnimationsProxy_Legacy.cpp.o 
  C:\Users\Administrator\AppData\Local\Android\Sdk\ndk\27.1.12297006\toolchains\llvm\prebuilt\windows-x86_64\bin\clang++.exe --target=armv7-none-linux-androideabi24 --sysroot=C:/Users/Administrator/AppData/Local/Android/Sdk/ndk/27.1.12297006/toolchains/llvm/prebuilt/windows-x86_64/sysroot -DRN_SERIALIZABLE_STATE -Dreanimated_EXPORTS -IF:/taxi-system/mobile/node_modules/react-native-reanimated/android/../Common/cpp -IF:/taxi-system/mobile/node_modules/react-native-reanimated/android/src/main/cpp -IF:/taxi-system/mobile/node_modules/react-native-reanimated/android/.. -IF:/taxi-system/mobile/node_modules/react-native-reanimated/android/build/generated/source/codegen/jni -IF:/taxi-system/mobile/node_modules/react-native/ReactCommon -IF:/taxi-system/mobile/node_modules/react-native/ReactCommon/yoga -IF:/taxi-system/mobile/node_modules/react-native/ReactAndroid/src/main/jni/react/turbomodule -IF:/taxi-system/mobile/node_modules/react-native/ReactCommon/callinvoker -IF:/taxi-system/mobile/node_modules/react-native/ReactCommon/runtimeexecutor -IF:/taxi-system/mobile/node_modules/react-native/ReactCommon/jsiexecutor -IF:/taxi-system/mobile/node_modules/react-native/ReactCommon/react/renderer/graphics/platform/cxx -isystem F:/taxi-system/mobile/.gradle-user-home/caches/9.3.1/transforms/eb2224229ff93535bf21ac0d1e319da4/workspace/transformed/react-android-0.86.0-release/prefab/modules/reactnative/include -isystem F:/taxi-system/mobile/.gradle-user-home/caches/9.3.1/transforms/eb2224229ff93535bf21ac0d1e319da4/workspace/transformed/react-android-0.86.0-release/prefab/modules/jsi/include -isystem F:/taxi-system/mobile/.gradle-user-home/caches/9.3.1/transforms/a380509ee370312f3a5187e825a1b544/workspace/transformed/fbjni-0.7.0/prefab/modules/fbjni/include -isystem F:/taxi-system/mobile/node_modules/react-native-worklets/android/build/prefab-headers/worklets -g -DANDROID -fdata-sections -ffunction-sections -funwind-tables -fstack-protector-strong -no-canonical-prefixes -D__BIONIC_NO_PAGE_SIZE_MACRO -D_FORTIFY_SOURCE=2 -march=armv7-a -mthumb -Wformat -Werror=format-security   -DREANIMATED_VERSION=4.5.0    -DREANIMATED_FEATURE_FLAGS="[EXPERIMENTAL_CSS_ANIMATIONS_FOR_SVG_COMPONENTS:true][RUNTIME_TEST_FLAG:false][DISABLE_COMMIT_PAUSING_MECHANISM:false][ANDROID_SYNCHRONOUSLY_UPDATE_UI_PROPS:false][IOS_CSS_CORE_ANIMATION:false][USE_SYNCHRONIZABLE_FOR_MUTABLES:true][FORCE_REACT_RENDER_FOR_SETTLED_ANIMATIONS:true][ENABLE_SHARED_ELEMENT_TRANSITIONS:false][IOS_SYNCHRONOUSLY_UPDATE_UI_PROPS:false][USE_COMMIT_HOOK_ONLY_FOR_REACT_COMMITS:true][USE_ANIMATION_BACKEND:false]" -fno-omit-frame-pointer -fstack-protector-all -fvisibility=hidden -DNDEBUG -flto=thin -O2 -g -DNDEBUG -fPIC -DFOLLY_NO_CONFIG=1 -DFOLLY_HAVE_CLOCK_GETTIME=1 -DFOLLY_USE_LIBCPP=1 -DFOLLY_CFG_NO_COROUTINES=1 -DFOLLY_MOBILE=1 -DFOLLY_HAVE_RECVMMSG=1 -DFOLLY_HAVE_PTHREAD=1 -DFOLLY_HAVE_XSI_STRERROR_R=1 -Wall -Werror -fexceptions -frtti -std=c++20 -DLOG_TAG=\"ReactNative\" -std=gnu++20 -Winvalid-pch -Xclang -include-pch -Xclang F:/taxi-system/mobile/node_modules/react-native-reanimated/android/.cxx/RelWithDebInfo/505y2cjv/armeabi-v7a/CMakeFiles/reanimated.dir/cmake_pch.hxx.pch -Xclang -include -Xclang F:/taxi-system/mobile/node_modules/react-native-reanimated/android/.cxx/RelWithDebInfo/505y2cjv/armeabi-v7a/CMakeFiles/reanimated.dir/cmake_pch.hxx -MD -MT CMakeFiles/reanimated.dir/8b67b8797f8f1319583705cbf910c788/Common/cpp/reanimated/LayoutAnimations/LayoutAnimationsProxy_Legacy.cpp.o -MF CMakeFiles\reanimated.dir\8b67b8797f8f1319583705cbf910c788\Common\cpp\reanimated\LayoutAnimations\LayoutAnimationsProxy_Legacy.cpp.o.d -o CMakeFiles/reanimated.dir/8b67b8797f8f1319583705cbf910c788/Common/cpp/reanimated/LayoutAnimations/LayoutAnimationsProxy_Legacy.cpp.o -c F:/taxi-system/mobile/node_modules/react-native-reanimated/Common/cpp/reanimated/LayoutAnimations/LayoutAnimationsProxy_Legacy.cpp
  [31/107] Building CXX object CMakeFiles/reanimated.dir/8b67b8797f8f1319583705cbf910c788/Common/cpp/reanimated/LayoutAnimations/LayoutAnimationsProxyCommon.cpp.o
  ninja: build stopped: subcommand failed.
  
  C++ build system [build] failed while executing:
      @echo off
      "C:\\Users\\Administrator\\AppData\\Local\\Android\\Sdk\\cmake\\3.22.1\\bin\\ninja.exe" ^
        -C ^
        "F:\\taxi-system\\mobile\\node_modules\\react-native-reanimated\\android\\.cxx\\RelWithDebInfo\\505y2cjv\\armeabi-v7a" ^
        reanimated
    from F:\taxi-system\mobile\node_modules\react-native-reanimated\android

* Try:
> Run with --info or --debug option to get more log output.
> Run with --scan to get full insights from a Build Scan (powered by Develocity).
> Get more help at https://help.gradle.org.

* Exception is:
org.gradle.api.tasks.TaskExecutionException: Execution failed for task ':react-native-reanimated:buildCMakeRelWithDebInfo[armeabi-v7a][reanimated]'.
	at org.gradle.api.internal.tasks.execution.ExecuteActionsTaskExecuter.lambda$executeIfValid$1(ExecuteActionsTaskExecuter.java:135)
	at org.gradle.internal.Try$Failure.ifSuccessfulOrElse(Try.java:288)
	at org.gradle.api.internal.tasks.execution.ExecuteActionsTaskExecuter.executeIfValid(ExecuteActionsTaskExecuter.java:133)
	at org.gradle.api.internal.tasks.execution.ExecuteActionsTaskExecuter.execute(ExecuteActionsTaskExecuter.java:121)
	at org.gradle.api.internal.tasks.execution.ProblemsTaskPathTrackingTaskExecuter.execute(ProblemsTaskPathTrackingTaskExecuter.java:41)
	at org.gradle.api.internal.tasks.execution.FinalizePropertiesTaskExecuter.execute(FinalizePropertiesTaskExecuter.java:46)
	at org.gradle.api.internal.tasks.execution.ResolveTaskExecutionModeExecuter.execute(ResolveTaskExecutionModeExecuter.java:51)
	at org.gradle.api.internal.tasks.execution.SkipTaskWithNoActionsExecuter.execute(SkipTaskWithNoActionsExecuter.java:57)
	at org.gradle.api.internal.tasks.execution.SkipOnlyIfTaskExecuter.execute(SkipOnlyIfTaskExecuter.java:74)
	at org.gradle.api.internal.tasks.execution.CatchExceptionTaskExecuter.execute(CatchExceptionTaskExecuter.java:36)
	at org.gradle.api.internal.tasks.execution.EventFiringTaskExecuter$1.executeTask(EventFiringTaskExecuter.java:77)
	at org.gradle.api.internal.tasks.execution.EventFiringTaskExecuter$1.call(EventFiringTaskExecuter.java:55)
	at org.gradle.api.internal.tasks.execution.EventFiringTaskExecuter$1.call(EventFiringTaskExecuter.java:52)
	at org.gradle.internal.operations.DefaultBuildOperationRunner$CallableBuildOperationWorker.execute(DefaultBuildOperationRunner.java:209)
	at org.gradle.internal.operations.DefaultBuildOperationRunner$CallableBuildOperationWorker.execute(DefaultBuildOperationRunner.java:204)
	at org.gradle.internal.operations.DefaultBuildOperationRunner$2.execute(DefaultBuildOperationRunner.java:66)
	at org.gradle.internal.operations.DefaultBuildOperationRunner$2.execute(DefaultBuildOperationRunner.java:59)
	at org.gradle.internal.operations.DefaultBuildOperationRunner.execute(DefaultBuildOperationRunner.java:166)
	at org.gradle.internal.operations.DefaultBuildOperationRunner.execute(DefaultBuildOperationRunner.java:59)
	at org.gradle.internal.operations.DefaultBuildOperationRunner.call(DefaultBuildOperationRunner.java:53)
	at org.gradle.api.internal.tasks.execution.EventFiringTaskExecuter.execute(EventFiringTaskExecuter.java:52)
	at org.gradle.execution.plan.DefaultNodeExecutor.executeLocalTaskNode(DefaultNodeExecutor.java:55)
	at org.gradle.execution.plan.DefaultNodeExecutor.execute(DefaultNodeExecutor.java:34)
	at org.gradle.execution.taskgraph.DefaultTaskExecutionGraph$InvokeNodeExecutorsAction.execute(DefaultTaskExecutionGraph.java:355)
	at org.gradle.execution.taskgraph.DefaultTaskExecutionGraph$InvokeNodeExecutorsAction.execute(DefaultTaskExecutionGraph.java:343)
	at org.gradle.execution.taskgraph.DefaultTaskExecutionGraph$BuildOperationAwareExecutionAction.lambda$execute$0(DefaultTaskExecutionGraph.java:339)
	at org.gradle.internal.operations.CurrentBuildOperationRef.with(CurrentBuildOperationRef.java:84)
	at org.gradle.execution.taskgraph.DefaultTaskExecutionGraph$BuildOperationAwareExecutionAction.execute(DefaultTaskExecutionGraph.java:339)
	at org.gradle.execution.taskgraph.DefaultTaskExecutionGraph$BuildOperationAwareExecutionAction.execute(DefaultTaskExecutionGraph.java:328)
	at org.gradle.execution.plan.DefaultPlanExecutor$ExecutorWorker.execute(DefaultPlanExecutor.java:459)
	at org.gradle.execution.plan.DefaultPlanExecutor$ExecutorWorker.run(DefaultPlanExecutor.java:376)
	at org.gradle.execution.plan.DefaultPlanExecutor.process(DefaultPlanExecutor.java:111)
	at org.gradle.execution.taskgraph.DefaultTaskExecutionGraph.executeWithServices(DefaultTaskExecutionGraph.java:146)
	at org.gradle.execution.taskgraph.DefaultTaskExecutionGraph.execute(DefaultTaskExecutionGraph.java:131)
	at org.gradle.execution.SelectedTaskExecutionAction.execute(SelectedTaskExecutionAction.java:35)
	at org.gradle.execution.BuildOperationFiringBuildWorkerExecutor$ExecuteTasks.call(BuildOperationFiringBuildWorkerExecutor.java:54)
	at org.gradle.execution.BuildOperationFiringBuildWorkerExecutor$ExecuteTasks.call(BuildOperationFiringBuildWorkerExecutor.java:43)
	at org.gradle.internal.operations.DefaultBuildOperationRunner$CallableBuildOperationWorker.execute(DefaultBuildOperationRunner.java:209)
	at org.gradle.internal.operations.DefaultBuildOperationRunner$CallableBuildOperationWorker.execute(DefaultBuildOperationRunner.java:204)
	at org.gradle.internal.operations.DefaultBuildOperationRunner$2.execute(DefaultBuildOperationRunner.java:66)
	at org.gradle.internal.operations.DefaultBuildOperationRunner$2.execute(DefaultBuildOperationRunner.java:59)
	at org.gradle.internal.operations.DefaultBuildOperationRunner.execute(DefaultBuildOperationRunner.java:166)
	at org.gradle.internal.operations.DefaultBuildOperationRunner.execute(DefaultBuildOperationRunner.java:59)
	at org.gradle.internal.operations.DefaultBuildOperationRunner.call(DefaultBuildOperationRunner.java:53)
	at org.gradle.execution.BuildOperationFiringBuildWorkerExecutor.execute(BuildOperationFiringBuildWorkerExecutor.java:40)
	at org.gradle.internal.build.DefaultBuildLifecycleController.lambda$executeTasks$10(DefaultBuildLifecycleController.java:313)
	at org.gradle.internal.model.StateTransitionController.doTransition(StateTransitionController.java:276)
	at org.gradle.internal.model.StateTransitionController.lambda$tryTransition$8(StateTransitionController.java:187)
	at org.gradle.internal.work.DefaultSynchronizer.withLock(DefaultSynchronizer.java:45)
	at org.gradle.internal.model.StateTransitionController.tryTransition(StateTransitionController.java:187)
	at org.gradle.internal.build.DefaultBuildLifecycleController.executeTasks(DefaultBuildLifecycleController.java:304)
	at org.gradle.internal.build.DefaultBuildWorkGraphController$DefaultBuildWorkGraph.runWork(DefaultBuildWorkGraphController.java:220)
	at org.gradle.internal.work.DefaultWorkerLeaseService.lambda$withLocksAcquired$0(DefaultWorkerLeaseService.java:269)
	at org.gradle.internal.work.ResourceLockStatistics$1.measure(ResourceLockStatistics.java:42)
	at org.gradle.internal.work.DefaultWorkerLeaseService.withLocksAcquired(DefaultWorkerLeaseService.java:267)
	at org.gradle.internal.work.DefaultWorkerLeaseService.withLocks(DefaultWorkerLeaseService.java:259)
	at org.gradle.internal.work.DefaultWorkerLeaseService.runAsWorkerThread(DefaultWorkerLeaseService.java:127)
	at org.gradle.composite.internal.DefaultBuildController.doRun(DefaultBuildController.java:181)
	at org.gradle.composite.internal.DefaultBuildController.access$000(DefaultBuildController.java:50)
	at org.gradle.composite.internal.DefaultBuildController$BuildOpRunnable.lambda$run$0(DefaultBuildController.java:198)
	at org.gradle.internal.operations.CurrentBuildOperationRef.with(CurrentBuildOperationRef.java:84)
	at org.gradle.composite.internal.DefaultBuildController$BuildOpRunnable.run(DefaultBuildController.java:198)
	at java.base/java.util.concurrent.Executors$RunnableAdapter.call(Executors.java:539)
	at java.base/java.util.concurrent.FutureTask.run(FutureTask.java:264)
	at org.gradle.internal.concurrent.ExecutorPolicy$CatchAndRecordFailures.onExecute(ExecutorPolicy.java:64)
	at org.gradle.internal.concurrent.AbstractManagedExecutor$1.run(AbstractManagedExecutor.java:47)
	at java.base/java.util.concurrent.ThreadPoolExecutor.runWorker(ThreadPoolExecutor.java:1136)
	at java.base/java.util.concurrent.ThreadPoolExecutor$Worker.run(ThreadPoolExecutor.java:635)
	at java.base/java.lang.Thread.run(Thread.java:840)
Caused by: org.gradle.internal.UncheckedException: com.android.ide.common.process.ProcessException: ninja: Entering directory `F:\taxi-system\mobile\node_modules\react-native-reanimated\android\.cxx\RelWithDebInfo\505y2cjv\armeabi-v7a'
[0/2] Re-checking globbed directories...
[1/107] Building CXX object CMakeFiles/reanimated.dir/cmake_pch.hxx.pch
[2/107] Building CXX object CMakeFiles/reanimated.dir/F_/taxi-system/mobile/node_modules/react-native-reanimated/Common/cpp/reanimated/CSS/utils/algorithms.cpp.o
[3/107] Building CXX object CMakeFiles/reanimated.dir/F_/taxi-system/mobile/node_modules/react-native-reanimated/Common/cpp/reanimated/CSS/common/filters/FilterOp.cpp.o
[4/107] Building CXX object CMakeFiles/reanimated.dir/8b67b8797f8f1319583705cbf910c788/Common/cpp/reanimated/CSS/svg/values/SVGStrokeDashArray.cpp.o
[5/107] Building CXX object CMakeFiles/reanimated.dir/8b67b8797f8f1319583705cbf910c788/Common/cpp/reanimated/AnimatedSensor/AnimatedSensorModule.cpp.o
[6/107] Building CXX object CMakeFiles/reanimated.dir/F_/taxi-system/mobile/node_modules/react-native-reanimated/Common/cpp/reanimated/CSS/utils/interpolators.cpp.o
[7/107] Building CXX object CMakeFiles/reanimated.dir/F_/taxi-system/mobile/node_modules/react-native-reanimated/Common/cpp/reanimated/CSS/svg/values/SVGStops.cpp.o
[8/107] Building CXX object CMakeFiles/reanimated.dir/ba90dc2fc5fc7f2598bc73a98f21f206/react-native-reanimated/Common/cpp/reanimated/CSS/svg/values/CSSLengthArray.cpp.o
[9/107] Building CXX object CMakeFiles/reanimated.dir/8b67b8797f8f1319583705cbf910c788/Common/cpp/reanimated/CSS/registries/CSSTransitionsRegistry.cpp.o
[10/107] Building CXX object CMakeFiles/reanimated.dir/8b67b8797f8f1319583705cbf910c788/Common/cpp/reanimated/CSS/registries/StaticPropsRegistry.cpp.o
[11/107] Building CXX object CMakeFiles/reanimated.dir/8b67b8797f8f1319583705cbf910c788/Common/cpp/reanimated/CSS/svg/values/CSSLengthVector.cpp.o
[12/107] Building CXX object CMakeFiles/reanimated.dir/F_/taxi-system/mobile/node_modules/react-native-reanimated/Common/cpp/reanimated/CSS/svg/values/SVGBrush.cpp.o
[13/107] Building CXX object CMakeFiles/reanimated.dir/8b67b8797f8f1319583705cbf910c788/Common/cpp/reanimated/Fabric/updates/AnimatedPropsRegistry.cpp.o
[14/107] Building CXX object CMakeFiles/reanimated.dir/ba90dc2fc5fc7f2598bc73a98f21f206/react-native-reanimated/Common/cpp/reanimated/Fabric/updates/OperationsLoop.cpp.o
[15/107] Building CXX object CMakeFiles/reanimated.dir/8b67b8797f8f1319583705cbf910c788/Common/cpp/reanimated/Fabric/updates/UpdatesRegistryManager.cpp.o
[16/107] Building CXX object CMakeFiles/reanimated.dir/F_/taxi-system/mobile/node_modules/react-native-reanimated/Common/cpp/reanimated/Events/UIEventHandler.cpp.o
[17/107] Building CXX object CMakeFiles/reanimated.dir/ba90dc2fc5fc7f2598bc73a98f21f206/react-native-reanimated/Common/cpp/reanimated/Events/UIEventHandlerRegistry.cpp.o
[18/107] Building CXX object CMakeFiles/reanimated.dir/F_/taxi-system/mobile/node_modules/react-native-reanimated/Common/cpp/reanimated/CSS/utils/platform.cpp.o
[19/107] Building CXX object CMakeFiles/reanimated.dir/F_/taxi-system/mobile/node_modules/react-native-reanimated/Common/cpp/reanimated/CSS/svg/values/SVGPath.cpp.o
[20/107] Building CXX object CMakeFiles/reanimated.dir/8b67b8797f8f1319583705cbf910c788/Common/cpp/reanimated/Fabric/updates/UpdatesRegistry.cpp.o
[21/107] Building CXX object CMakeFiles/reanimated.dir/F_/taxi-system/mobile/node_modules/react-native-reanimated/Common/cpp/reanimated/Fabric/ReanimatedCommitHook.cpp.o
[22/107] Building CXX object CMakeFiles/reanimated.dir/F_/taxi-system/mobile/node_modules/react-native-reanimated/Common/cpp/reanimated/CSS/utils/props.cpp.o
[23/107] Building CXX object CMakeFiles/reanimated.dir/F_/taxi-system/mobile/node_modules/react-native-reanimated/Common/cpp/reanimated/Fabric/ReanimatedMountHook.cpp.o
[24/107] Building CXX object CMakeFiles/reanimated.dir/8b67b8797f8f1319583705cbf910c788/Common/cpp/reanimated/LayoutAnimations/LayoutAnimationsUtils.cpp.o
[25/107] Building CXX object CMakeFiles/reanimated.dir/F_/taxi-system/mobile/node_modules/react-native-reanimated/Common/cpp/reanimated/Fabric/ShadowTreeCloner.cpp.o
[26/107] Building CXX object CMakeFiles/reanimated.dir/F_/taxi-system/mobile/node_modules/react-native-reanimated/Common/cpp/reanimated/CSS/InterpolatorRegistry.cpp.o
FAILED: CMakeFiles/reanimated.dir/F_/taxi-system/mobile/node_modules/react-native-reanimated/Common/cpp/reanimated/CSS/InterpolatorRegistry.cpp.o 
C:\Users\Administrator\AppData\Local\Android\Sdk\ndk\27.1.12297006\toolchains\llvm\prebuilt\windows-x86_64\bin\clang++.exe --target=armv7-none-linux-androideabi24 --sysroot=C:/Users/Administrator/AppData/Local/Android/Sdk/ndk/27.1.12297006/toolchains/llvm/prebuilt/windows-x86_64/sysroot -DRN_SERIALIZABLE_STATE -Dreanimated_EXPORTS -IF:/taxi-system/mobile/node_modules/react-native-reanimated/android/../Common/cpp -IF:/taxi-system/mobile/node_modules/react-native-reanimated/android/src/main/cpp -IF:/taxi-system/mobile/node_modules/react-native-reanimated/android/.. -IF:/taxi-system/mobile/node_modules/react-native-reanimated/android/build/generated/source/codegen/jni -IF:/taxi-system/mobile/node_modules/react-native/ReactCommon -IF:/taxi-system/mobile/node_modules/react-native/ReactCommon/yoga -IF:/taxi-system/mobile/node_modules/react-native/ReactAndroid/src/main/jni/react/turbomodule -IF:/taxi-system/mobile/node_modules/react-native/ReactCommon/callinvoker -IF:/taxi-system/mobile/node_modules/react-native/ReactCommon/runtimeexecutor -IF:/taxi-system/mobile/node_modules/react-native/ReactCommon/jsiexecutor -IF:/taxi-system/mobile/node_modules/react-native/ReactCommon/react/renderer/graphics/platform/cxx -isystem F:/taxi-system/mobile/.gradle-user-home/caches/9.3.1/transforms/eb2224229ff93535bf21ac0d1e319da4/workspace/transformed/react-android-0.86.0-release/prefab/modules/reactnative/include -isystem F:/taxi-system/mobile/.gradle-user-home/caches/9.3.1/transforms/eb2224229ff93535bf21ac0d1e319da4/workspace/transformed/react-android-0.86.0-release/prefab/modules/jsi/include -isystem F:/taxi-system/mobile/.gradle-user-home/caches/9.3.1/transforms/a380509ee370312f3a5187e825a1b544/workspace/transformed/fbjni-0.7.0/prefab/modules/fbjni/include -isystem F:/taxi-system/mobile/node_modules/react-native-worklets/android/build/prefab-headers/worklets -g -DANDROID -fdata-sections -ffunction-sections -funwind-tables -fstack-protector-strong -no-canonical-prefixes -D__BIONIC_NO_PAGE_SIZE_MACRO -D_FORTIFY_SOURCE=2 -march=armv7-a -mthumb -Wformat -Werror=format-security   -DREANIMATED_VERSION=4.5.0    -DREANIMATED_FEATURE_FLAGS="[EXPERIMENTAL_CSS_ANIMATIONS_FOR_SVG_COMPONENTS:true][RUNTIME_TEST_FLAG:false][DISABLE_COMMIT_PAUSING_MECHANISM:false][ANDROID_SYNCHRONOUSLY_UPDATE_UI_PROPS:false][IOS_CSS_CORE_ANIMATION:false][USE_SYNCHRONIZABLE_FOR_MUTABLES:true][FORCE_REACT_RENDER_FOR_SETTLED_ANIMATIONS:true][ENABLE_SHARED_ELEMENT_TRANSITIONS:false][IOS_SYNCHRONOUSLY_UPDATE_UI_PROPS:false][USE_COMMIT_HOOK_ONLY_FOR_REACT_COMMITS:true][USE_ANIMATION_BACKEND:false]" -fno-omit-frame-pointer -fstack-protector-all -fvisibility=hidden -DNDEBUG -flto=thin -O2 -g -DNDEBUG -fPIC -DFOLLY_NO_CONFIG=1 -DFOLLY_HAVE_CLOCK_GETTIME=1 -DFOLLY_USE_LIBCPP=1 -DFOLLY_CFG_NO_COROUTINES=1 -DFOLLY_MOBILE=1 -DFOLLY_HAVE_RECVMMSG=1 -DFOLLY_HAVE_PTHREAD=1 -DFOLLY_HAVE_XSI_STRERROR_R=1 -Wall -Werror -fexceptions -frtti -std=c++20 -DLOG_TAG=\"ReactNative\" -std=gnu++20 -Winvalid-pch -Xclang -include-pch -Xclang F:/taxi-system/mobile/node_modules/react-native-reanimated/android/.cxx/RelWithDebInfo/505y2cjv/armeabi-v7a/CMakeFiles/reanimated.dir/cmake_pch.hxx.pch -Xclang -include -Xclang F:/taxi-system/mobile/node_modules/react-native-reanimated/android/.cxx/RelWithDebInfo/505y2cjv/armeabi-v7a/CMakeFiles/reanimated.dir/cmake_pch.hxx -MD -MT CMakeFiles/reanimated.dir/F_/taxi-system/mobile/node_modules/react-native-reanimated/Common/cpp/reanimated/CSS/InterpolatorRegistry.cpp.o -MF CMakeFiles\reanimated.dir\F_\taxi-system\mobile\node_modules\react-native-reanimated\Common\cpp\reanimated\CSS\InterpolatorRegistry.cpp.o.d -o CMakeFiles/reanimated.dir/F_/taxi-system/mobile/node_modules/react-native-reanimated/Common/cpp/reanimated/CSS/InterpolatorRegistry.cpp.o -c F:/taxi-system/mobile/node_modules/react-native-reanimated/Common/cpp/reanimated/CSS/InterpolatorRegistry.cpp
[27/107] Building CXX object CMakeFiles/reanimated.dir/8b67b8797f8f1319583705cbf910c788/Common/cpp/reanimated/LayoutAnimations/LayoutAnimationsManager.cpp.o
FAILED: CMakeFiles/reanimated.dir/8b67b8797f8f1319583705cbf910c788/Common/cpp/reanimated/LayoutAnimations/LayoutAnimationsManager.cpp.o 
C:\Users\Administrator\AppData\Local\Android\Sdk\ndk\27.1.12297006\toolchains\llvm\prebuilt\windows-x86_64\bin\clang++.exe --target=armv7-none-linux-androideabi24 --sysroot=C:/Users/Administrator/AppData/Local/Android/Sdk/ndk/27.1.12297006/toolchains/llvm/prebuilt/windows-x86_64/sysroot -DRN_SERIALIZABLE_STATE -Dreanimated_EXPORTS -IF:/taxi-system/mobile/node_modules/react-native-reanimated/android/../Common/cpp -IF:/taxi-system/mobile/node_modules/react-native-reanimated/android/src/main/cpp -IF:/taxi-system/mobile/node_modules/react-native-reanimated/android/.. -IF:/taxi-system/mobile/node_modules/react-native-reanimated/android/build/generated/source/codegen/jni -IF:/taxi-system/mobile/node_modules/react-native/ReactCommon -IF:/taxi-system/mobile/node_modules/react-native/ReactCommon/yoga -IF:/taxi-system/mobile/node_modules/react-native/ReactAndroid/src/main/jni/react/turbomodule -IF:/taxi-system/mobile/node_modules/react-native/ReactCommon/callinvoker -IF:/taxi-system/mobile/node_modules/react-native/ReactCommon/runtimeexecutor -IF:/taxi-system/mobile/node_modules/react-native/ReactCommon/jsiexecutor -IF:/taxi-system/mobile/node_modules/react-native/ReactCommon/react/renderer/graphics/platform/cxx -isystem F:/taxi-system/mobile/.gradle-user-home/caches/9.3.1/transforms/eb2224229ff93535bf21ac0d1e319da4/workspace/transformed/react-android-0.86.0-release/prefab/modules/reactnative/include -isystem F:/taxi-system/mobile/.gradle-user-home/caches/9.3.1/transforms/eb2224229ff93535bf21ac0d1e319da4/workspace/transformed/react-android-0.86.0-release/prefab/modules/jsi/include -isystem F:/taxi-system/mobile/.gradle-user-home/caches/9.3.1/transforms/a380509ee370312f3a5187e825a1b544/workspace/transformed/fbjni-0.7.0/prefab/modules/fbjni/include -isystem F:/taxi-system/mobile/node_modules/react-native-worklets/android/build/prefab-headers/worklets -g -DANDROID -fdata-sections -ffunction-sections -funwind-tables -fstack-protector-strong -no-canonical-prefixes -D__BIONIC_NO_PAGE_SIZE_MACRO -D_FORTIFY_SOURCE=2 -march=armv7-a -mthumb -Wformat -Werror=format-security   -DREANIMATED_VERSION=4.5.0    -DREANIMATED_FEATURE_FLAGS="[EXPERIMENTAL_CSS_ANIMATIONS_FOR_SVG_COMPONENTS:true][RUNTIME_TEST_FLAG:false][DISABLE_COMMIT_PAUSING_MECHANISM:false][ANDROID_SYNCHRONOUSLY_UPDATE_UI_PROPS:false][IOS_CSS_CORE_ANIMATION:false][USE_SYNCHRONIZABLE_FOR_MUTABLES:true][FORCE_REACT_RENDER_FOR_SETTLED_ANIMATIONS:true][ENABLE_SHARED_ELEMENT_TRANSITIONS:false][IOS_SYNCHRONOUSLY_UPDATE_UI_PROPS:false][USE_COMMIT_HOOK_ONLY_FOR_REACT_COMMITS:true][USE_ANIMATION_BACKEND:false]" -fno-omit-frame-pointer -fstack-protector-all -fvisibility=hidden -DNDEBUG -flto=thin -O2 -g -DNDEBUG -fPIC -DFOLLY_NO_CONFIG=1 -DFOLLY_HAVE_CLOCK_GETTIME=1 -DFOLLY_USE_LIBCPP=1 -DFOLLY_CFG_NO_COROUTINES=1 -DFOLLY_MOBILE=1 -DFOLLY_HAVE_RECVMMSG=1 -DFOLLY_HAVE_PTHREAD=1 -DFOLLY_HAVE_XSI_STRERROR_R=1 -Wall -Werror -fexceptions -frtti -std=c++20 -DLOG_TAG=\"ReactNative\" -std=gnu++20 -Winvalid-pch -Xclang -include-pch -Xclang F:/taxi-system/mobile/node_modules/react-native-reanimated/android/.cxx/RelWithDebInfo/505y2cjv/armeabi-v7a/CMakeFiles/reanimated.dir/cmake_pch.hxx.pch -Xclang -include -Xclang F:/taxi-system/mobile/node_modules/react-native-reanimated/android/.cxx/RelWithDebInfo/505y2cjv/armeabi-v7a/CMakeFiles/reanimated.dir/cmake_pch.hxx -MD -MT CMakeFiles/reanimated.dir/8b67b8797f8f1319583705cbf910c788/Common/cpp/reanimated/LayoutAnimations/LayoutAnimationsManager.cpp.o -MF CMakeFiles\reanimated.dir\8b67b8797f8f1319583705cbf910c788\Common\cpp\reanimated\LayoutAnimations\LayoutAnimationsManager.cpp.o.d -o CMakeFiles/reanimated.dir/8b67b8797f8f1319583705cbf910c788/Common/cpp/reanimated/LayoutAnimations/LayoutAnimationsManager.cpp.o -c F:/taxi-system/mobile/node_modules/react-native-reanimated/Common/cpp/reanimated/LayoutAnimations/LayoutAnimationsManager.cpp
[28/107] Building CXX object CMakeFiles/reanimated.dir/8b67b8797f8f1319583705cbf910c788/Common/cpp/reanimated/LayoutAnimations/LayoutAnimationsProxy_Experimental.cpp.o
FAILED: CMakeFiles/reanimated.dir/8b67b8797f8f1319583705cbf910c788/Common/cpp/reanimated/LayoutAnimations/LayoutAnimationsProxy_Experimental.cpp.o 
C:\Users\Administrator\AppData\Local\Android\Sdk\ndk\27.1.12297006\toolchains\llvm\prebuilt\windows-x86_64\bin\clang++.exe --target=armv7-none-linux-androideabi24 --sysroot=C:/Users/Administrator/AppData/Local/Android/Sdk/ndk/27.1.12297006/toolchains/llvm/prebuilt/windows-x86_64/sysroot -DRN_SERIALIZABLE_STATE -Dreanimated_EXPORTS -IF:/taxi-system/mobile/node_modules/react-native-reanimated/android/../Common/cpp -IF:/taxi-system/mobile/node_modules/react-native-reanimated/android/src/main/cpp -IF:/taxi-system/mobile/node_modules/react-native-reanimated/android/.. -IF:/taxi-system/mobile/node_modules/react-native-reanimated/android/build/generated/source/codegen/jni -IF:/taxi-system/mobile/node_modules/react-native/ReactCommon -IF:/taxi-system/mobile/node_modules/react-native/ReactCommon/yoga -IF:/taxi-system/mobile/node_modules/react-native/ReactAndroid/src/main/jni/react/turbomodule -IF:/taxi-system/mobile/node_modules/react-native/ReactCommon/callinvoker -IF:/taxi-system/mobile/node_modules/react-native/ReactCommon/runtimeexecutor -IF:/taxi-system/mobile/node_modules/react-native/ReactCommon/jsiexecutor -IF:/taxi-system/mobile/node_modules/react-native/ReactCommon/react/renderer/graphics/platform/cxx -isystem F:/taxi-system/mobile/.gradle-user-home/caches/9.3.1/transforms/eb2224229ff93535bf21ac0d1e319da4/workspace/transformed/react-android-0.86.0-release/prefab/modules/reactnative/include -isystem F:/taxi-system/mobile/.gradle-user-home/caches/9.3.1/transforms/eb2224229ff93535bf21ac0d1e319da4/workspace/transformed/react-android-0.86.0-release/prefab/modules/jsi/include -isystem F:/taxi-system/mobile/.gradle-user-home/caches/9.3.1/transforms/a380509ee370312f3a5187e825a1b544/workspace/transformed/fbjni-0.7.0/prefab/modules/fbjni/include -isystem F:/taxi-system/mobile/node_modules/react-native-worklets/android/build/prefab-headers/worklets -g -DANDROID -fdata-sections -ffunction-sections -funwind-tables -fstack-protector-strong -no-canonical-prefixes -D__BIONIC_NO_PAGE_SIZE_MACRO -D_FORTIFY_SOURCE=2 -march=armv7-a -mthumb -Wformat -Werror=format-security   -DREANIMATED_VERSION=4.5.0    -DREANIMATED_FEATURE_FLAGS="[EXPERIMENTAL_CSS_ANIMATIONS_FOR_SVG_COMPONENTS:true][RUNTIME_TEST_FLAG:false][DISABLE_COMMIT_PAUSING_MECHANISM:false][ANDROID_SYNCHRONOUSLY_UPDATE_UI_PROPS:false][IOS_CSS_CORE_ANIMATION:false][USE_SYNCHRONIZABLE_FOR_MUTABLES:true][FORCE_REACT_RENDER_FOR_SETTLED_ANIMATIONS:true][ENABLE_SHARED_ELEMENT_TRANSITIONS:false][IOS_SYNCHRONOUSLY_UPDATE_UI_PROPS:false][USE_COMMIT_HOOK_ONLY_FOR_REACT_COMMITS:true][USE_ANIMATION_BACKEND:false]" -fno-omit-frame-pointer -fstack-protector-all -fvisibility=hidden -DNDEBUG -flto=thin -O2 -g -DNDEBUG -fPIC -DFOLLY_NO_CONFIG=1 -DFOLLY_HAVE_CLOCK_GETTIME=1 -DFOLLY_USE_LIBCPP=1 -DFOLLY_CFG_NO_COROUTINES=1 -DFOLLY_MOBILE=1 -DFOLLY_HAVE_RECVMMSG=1 -DFOLLY_HAVE_PTHREAD=1 -DFOLLY_HAVE_XSI_STRERROR_R=1 -Wall -Werror -fexceptions -frtti -std=c++20 -DLOG_TAG=\"ReactNative\" -std=gnu++20 -Winvalid-pch -Xclang -include-pch -Xclang F:/taxi-system/mobile/node_modules/react-native-reanimated/android/.cxx/RelWithDebInfo/505y2cjv/armeabi-v7a/CMakeFiles/reanimated.dir/cmake_pch.hxx.pch -Xclang -include -Xclang F:/taxi-system/mobile/node_modules/react-native-reanimated/android/.cxx/RelWithDebInfo/505y2cjv/armeabi-v7a/CMakeFiles/reanimated.dir/cmake_pch.hxx -MD -MT CMakeFiles/reanimated.dir/8b67b8797f8f1319583705cbf910c788/Common/cpp/reanimated/LayoutAnimations/LayoutAnimationsProxy_Experimental.cpp.o -MF CMakeFiles\reanimated.dir\8b67b8797f8f1319583705cbf910c788\Common\cpp\reanimated\LayoutAnimations\LayoutAnimationsProxy_Experimental.cpp.o.d -o CMakeFiles/reanimated.dir/8b67b8797f8f1319583705cbf910c788/Common/cpp/reanimated/LayoutAnimations/LayoutAnimationsProxy_Experimental.cpp.o -c F:/taxi-system/mobile/node_modules/react-native-reanimated/Common/cpp/reanimated/LayoutAnimations/LayoutAnimationsProxy_Experimental.cpp
[29/107] Building CXX object CMakeFiles/reanimated.dir/8b67b8797f8f1319583705cbf910c788/Common/cpp/reanimated/NativeModules/SynchronousPropsBufferSerializer.cpp.o
FAILED: CMakeFiles/reanimated.dir/8b67b8797f8f1319583705cbf910c788/Common/cpp/reanimated/NativeModules/SynchronousPropsBufferSerializer.cpp.o 
C:\Users\Administrator\AppData\Local\Android\Sdk\ndk\27.1.12297006\toolchains\llvm\prebuilt\windows-x86_64\bin\clang++.exe --target=armv7-none-linux-androideabi24 --sysroot=C:/Users/Administrator/AppData/Local/Android/Sdk/ndk/27.1.12297006/toolchains/llvm/prebuilt/windows-x86_64/sysroot -DRN_SERIALIZABLE_STATE -Dreanimated_EXPORTS -IF:/taxi-system/mobile/node_modules/react-native-reanimated/android/../Common/cpp -IF:/taxi-system/mobile/node_modules/react-native-reanimated/android/src/main/cpp -IF:/taxi-system/mobile/node_modules/react-native-reanimated/android/.. -IF:/taxi-system/mobile/node_modules/react-native-reanimated/android/build/generated/source/codegen/jni -IF:/taxi-system/mobile/node_modules/react-native/ReactCommon -IF:/taxi-system/mobile/node_modules/react-native/ReactCommon/yoga -IF:/taxi-system/mobile/node_modules/react-native/ReactAndroid/src/main/jni/react/turbomodule -IF:/taxi-system/mobile/node_modules/react-native/ReactCommon/callinvoker -IF:/taxi-system/mobile/node_modules/react-native/ReactCommon/runtimeexecutor -IF:/taxi-system/mobile/node_modules/react-native/ReactCommon/jsiexecutor -IF:/taxi-system/mobile/node_modules/react-native/ReactCommon/react/renderer/graphics/platform/cxx -isystem F:/taxi-system/mobile/.gradle-user-home/caches/9.3.1/transforms/eb2224229ff93535bf21ac0d1e319da4/workspace/transformed/react-android-0.86.0-release/prefab/modules/reactnative/include -isystem F:/taxi-system/mobile/.gradle-user-home/caches/9.3.1/transforms/eb2224229ff93535bf21ac0d1e319da4/workspace/transformed/react-android-0.86.0-release/prefab/modules/jsi/include -isystem F:/taxi-system/mobile/.gradle-user-home/caches/9.3.1/transforms/a380509ee370312f3a5187e825a1b544/workspace/transformed/fbjni-0.7.0/prefab/modules/fbjni/include -isystem F:/taxi-system/mobile/node_modules/react-native-worklets/android/build/prefab-headers/worklets -g -DANDROID -fdata-sections -ffunction-sections -funwind-tables -fstack-protector-strong -no-canonical-prefixes -D__BIONIC_NO_PAGE_SIZE_MACRO -D_FORTIFY_SOURCE=2 -march=armv7-a -mthumb -Wformat -Werror=format-security   -DREANIMATED_VERSION=4.5.0    -DREANIMATED_FEATURE_FLAGS="[EXPERIMENTAL_CSS_ANIMATIONS_FOR_SVG_COMPONENTS:true][RUNTIME_TEST_FLAG:false][DISABLE_COMMIT_PAUSING_MECHANISM:false][ANDROID_SYNCHRONOUSLY_UPDATE_UI_PROPS:false][IOS_CSS_CORE_ANIMATION:false][USE_SYNCHRONIZABLE_FOR_MUTABLES:true][FORCE_REACT_RENDER_FOR_SETTLED_ANIMATIONS:true][ENABLE_SHARED_ELEMENT_TRANSITIONS:false][IOS_SYNCHRONOUSLY_UPDATE_UI_PROPS:false][USE_COMMIT_HOOK_ONLY_FOR_REACT_COMMITS:true][USE_ANIMATION_BACKEND:false]" -fno-omit-frame-pointer -fstack-protector-all -fvisibility=hidden -DNDEBUG -flto=thin -O2 -g -DNDEBUG -fPIC -DFOLLY_NO_CONFIG=1 -DFOLLY_HAVE_CLOCK_GETTIME=1 -DFOLLY_USE_LIBCPP=1 -DFOLLY_CFG_NO_COROUTINES=1 -DFOLLY_MOBILE=1 -DFOLLY_HAVE_RECVMMSG=1 -DFOLLY_HAVE_PTHREAD=1 -DFOLLY_HAVE_XSI_STRERROR_R=1 -Wall -Werror -fexceptions -frtti -std=c++20 -DLOG_TAG=\"ReactNative\" -std=gnu++20 -Winvalid-pch -Xclang -include-pch -Xclang F:/taxi-system/mobile/node_modules/react-native-reanimated/android/.cxx/RelWithDebInfo/505y2cjv/armeabi-v7a/CMakeFiles/reanimated.dir/cmake_pch.hxx.pch -Xclang -include -Xclang F:/taxi-system/mobile/node_modules/react-native-reanimated/android/.cxx/RelWithDebInfo/505y2cjv/armeabi-v7a/CMakeFiles/reanimated.dir/cmake_pch.hxx -MD -MT CMakeFiles/reanimated.dir/8b67b8797f8f1319583705cbf910c788/Common/cpp/reanimated/NativeModules/SynchronousPropsBufferSerializer.cpp.o -MF CMakeFiles\reanimated.dir\8b67b8797f8f1319583705cbf910c788\Common\cpp\reanimated\NativeModules\SynchronousPropsBufferSerializer.cpp.o.d -o CMakeFiles/reanimated.dir/8b67b8797f8f1319583705cbf910c788/Common/cpp/reanimated/NativeModules/SynchronousPropsBufferSerializer.cpp.o -c F:/taxi-system/mobile/node_modules/react-native-reanimated/Common/cpp/reanimated/NativeModules/SynchronousPropsBufferSerializer.cpp
[30/107] Building CXX object CMakeFiles/reanimated.dir/8b67b8797f8f1319583705cbf910c788/Common/cpp/reanimated/LayoutAnimations/LayoutAnimationsProxy_Legacy.cpp.o
FAILED: CMakeFiles/reanimated.dir/8b67b8797f8f1319583705cbf910c788/Common/cpp/reanimated/LayoutAnimations/LayoutAnimationsProxy_Legacy.cpp.o 
C:\Users\Administrator\AppData\Local\Android\Sdk\ndk\27.1.12297006\toolchains\llvm\prebuilt\windows-x86_64\bin\clang++.exe --target=armv7-none-linux-androideabi24 --sysroot=C:/Users/Administrator/AppData/Local/Android/Sdk/ndk/27.1.12297006/toolchains/llvm/prebuilt/windows-x86_64/sysroot -DRN_SERIALIZABLE_STATE -Dreanimated_EXPORTS -IF:/taxi-system/mobile/node_modules/react-native-reanimated/android/../Common/cpp -IF:/taxi-system/mobile/node_modules/react-native-reanimated/android/src/main/cpp -IF:/taxi-system/mobile/node_modules/react-native-reanimated/android/.. -IF:/taxi-system/mobile/node_modules/react-native-reanimated/android/build/generated/source/codegen/jni -IF:/taxi-system/mobile/node_modules/react-native/ReactCommon -IF:/taxi-system/mobile/node_modules/react-native/ReactCommon/yoga -IF:/taxi-system/mobile/node_modules/react-native/ReactAndroid/src/main/jni/react/turbomodule -IF:/taxi-system/mobile/node_modules/react-native/ReactCommon/callinvoker -IF:/taxi-system/mobile/node_modules/react-native/ReactCommon/runtimeexecutor -IF:/taxi-system/mobile/node_modules/react-native/ReactCommon/jsiexecutor -IF:/taxi-system/mobile/node_modules/react-native/ReactCommon/react/renderer/graphics/platform/cxx -isystem F:/taxi-system/mobile/.gradle-user-home/caches/9.3.1/transforms/eb2224229ff93535bf21ac0d1e319da4/workspace/transformed/react-android-0.86.0-release/prefab/modules/reactnative/include -isystem F:/taxi-system/mobile/.gradle-user-home/caches/9.3.1/transforms/eb2224229ff93535bf21ac0d1e319da4/workspace/transformed/react-android-0.86.0-release/prefab/modules/jsi/include -isystem F:/taxi-system/mobile/.gradle-user-home/caches/9.3.1/transforms/a380509ee370312f3a5187e825a1b544/workspace/transformed/fbjni-0.7.0/prefab/modules/fbjni/include -isystem F:/taxi-system/mobile/node_modules/react-native-worklets/android/build/prefab-headers/worklets -g -DANDROID -fdata-sections -ffunction-sections -funwind-tables -fstack-protector-strong -no-canonical-prefixes -D__BIONIC_NO_PAGE_SIZE_MACRO -D_FORTIFY_SOURCE=2 -march=armv7-a -mthumb -Wformat -Werror=format-security   -DREANIMATED_VERSION=4.5.0    -DREANIMATED_FEATURE_FLAGS="[EXPERIMENTAL_CSS_ANIMATIONS_FOR_SVG_COMPONENTS:true][RUNTIME_TEST_FLAG:false][DISABLE_COMMIT_PAUSING_MECHANISM:false][ANDROID_SYNCHRONOUSLY_UPDATE_UI_PROPS:false][IOS_CSS_CORE_ANIMATION:false][USE_SYNCHRONIZABLE_FOR_MUTABLES:true][FORCE_REACT_RENDER_FOR_SETTLED_ANIMATIONS:true][ENABLE_SHARED_ELEMENT_TRANSITIONS:false][IOS_SYNCHRONOUSLY_UPDATE_UI_PROPS:false][USE_COMMIT_HOOK_ONLY_FOR_REACT_COMMITS:true][USE_ANIMATION_BACKEND:false]" -fno-omit-frame-pointer -fstack-protector-all -fvisibility=hidden -DNDEBUG -flto=thin -O2 -g -DNDEBUG -fPIC -DFOLLY_NO_CONFIG=1 -DFOLLY_HAVE_CLOCK_GETTIME=1 -DFOLLY_USE_LIBCPP=1 -DFOLLY_CFG_NO_COROUTINES=1 -DFOLLY_MOBILE=1 -DFOLLY_HAVE_RECVMMSG=1 -DFOLLY_HAVE_PTHREAD=1 -DFOLLY_HAVE_XSI_STRERROR_R=1 -Wall -Werror -fexceptions -frtti -std=c++20 -DLOG_TAG=\"ReactNative\" -std=gnu++20 -Winvalid-pch -Xclang -include-pch -Xclang F:/taxi-system/mobile/node_modules/react-native-reanimated/android/.cxx/RelWithDebInfo/505y2cjv/armeabi-v7a/CMakeFiles/reanimated.dir/cmake_pch.hxx.pch -Xclang -include -Xclang F:/taxi-system/mobile/node_modules/react-native-reanimated/android/.cxx/RelWithDebInfo/505y2cjv/armeabi-v7a/CMakeFiles/reanimated.dir/cmake_pch.hxx -MD -MT CMakeFiles/reanimated.dir/8b67b8797f8f1319583705cbf910c788/Common/cpp/reanimated/LayoutAnimations/LayoutAnimationsProxy_Legacy.cpp.o -MF CMakeFiles\reanimated.dir\8b67b8797f8f1319583705cbf910c788\Common\cpp\reanimated\LayoutAnimations\LayoutAnimationsProxy_Legacy.cpp.o.d -o CMakeFiles/reanimated.dir/8b67b8797f8f1319583705cbf910c788/Common/cpp/reanimated/LayoutAnimations/LayoutAnimationsProxy_Legacy.cpp.o -c F:/taxi-system/mobile/node_modules/react-native-reanimated/Common/cpp/reanimated/LayoutAnimations/LayoutAnimationsProxy_Legacy.cpp
[31/107] Building CXX object CMakeFiles/reanimated.dir/8b67b8797f8f1319583705cbf910c788/Common/cpp/reanimated/LayoutAnimations/LayoutAnimationsProxyCommon.cpp.o
ninja: build stopped: subcommand failed.

C++ build system [build] failed while executing:
    @echo off
    "C:\\Users\\Administrator\\AppData\\Local\\Android\\Sdk\\cmake\\3.22.1\\bin\\ninja.exe" ^
      -C ^
      "F:\\taxi-system\\mobile\\node_modules\\react-native-reanimated\\android\\.cxx\\RelWithDebInfo\\505y2cjv\\armeabi-v7a" ^
      reanimated
  from F:\taxi-system\mobile\node_modules\react-native-reanimated\android
	at org.gradle.internal.UncheckedException.throwAsUncheckedException(UncheckedException.java:69)
	at org.gradle.internal.UncheckedException.throwAsUncheckedException(UncheckedException.java:42)
	at org.gradle.internal.reflect.JavaMethod.invoke(JavaMethod.java:129)
	at org.gradle.api.internal.project.taskfactory.StandardTaskAction.doExecute(StandardTaskAction.java:58)
	at org.gradle.api.internal.project.taskfactory.StandardTaskAction.execute(StandardTaskAction.java:51)
	at org.gradle.api.internal.project.taskfactory.StandardTaskAction.execute(StandardTaskAction.java:29)
	at org.gradle.api.internal.tasks.execution.TaskExecution$3.run(TaskExecution.java:259)
	at org.gradle.internal.operations.DefaultBuildOperationRunner$1.execute(DefaultBuildOperationRunner.java:29)
	at org.gradle.internal.operations.DefaultBuildOperationRunner$1.execute(DefaultBuildOperationRunner.java:26)
	at org.gradle.internal.operations.DefaultBuildOperationRunner$2.execute(DefaultBuildOperationRunner.java:66)
	at org.gradle.internal.operations.DefaultBuildOperationRunner$2.execute(DefaultBuildOperationRunner.java:59)
	at org.gradle.internal.operations.DefaultBuildOperationRunner.execute(DefaultBuildOperationRunner.java:166)
	at org.gradle.internal.operations.DefaultBuildOperationRunner.execute(DefaultBuildOperationRunner.java:59)
	at org.gradle.internal.operations.DefaultBuildOperationRunner.run(DefaultBuildOperationRunner.java:47)
	at org.gradle.api.internal.tasks.execution.TaskExecution.executeAction(TaskExecution.java:244)
	at org.gradle.api.internal.tasks.execution.TaskExecution.executeActions(TaskExecution.java:227)
	at org.gradle.api.internal.tasks.execution.TaskExecution.executeWithPreviousOutputFiles(TaskExecution.java:210)
	at org.gradle.api.internal.tasks.execution.TaskExecution.execute(TaskExecution.java:176)
	at org.gradle.internal.execution.steps.ExecuteStep.executeInternal(ExecuteStep.java:110)
	at org.gradle.internal.execution.steps.ExecuteStep.access$000(ExecuteStep.java:47)
	at org.gradle.internal.execution.steps.ExecuteStep$1.call(ExecuteStep.java:64)
	at org.gradle.internal.execution.steps.ExecuteStep$1.call(ExecuteStep.java:61)
	at org.gradle.internal.operations.DefaultBuildOperationRunner$CallableBuildOperationWorker.execute(DefaultBuildOperationRunner.java:209)
	at org.gradle.internal.operations.DefaultBuildOperationRunner$CallableBuildOperationWorker.execute(DefaultBuildOperationRunner.java:204)
	at org.gradle.internal.operations.DefaultBuildOperationRunner$2.execute(DefaultBuildOperationRunner.java:66)
	at org.gradle.internal.operations.DefaultBuildOperationRunner$2.execute(DefaultBuildOperationRunner.java:59)
	at org.gradle.internal.operations.DefaultBuildOperationRunner.execute(DefaultBuildOperationRunner.java:166)
	at org.gradle.internal.operations.DefaultBuildOperationRunner.execute(DefaultBuildOperationRunner.java:59)
	at org.gradle.internal.operations.DefaultBuildOperationRunner.call(DefaultBuildOperationRunner.java:53)
	at org.gradle.internal.execution.steps.ExecuteStep.execute(ExecuteStep.java:61)
	at org.gradle.internal.execution.steps.ExecuteStep.execute(ExecuteStep.java:47)
	at org.gradle.internal.execution.steps.CancelExecutionStep.execute(CancelExecutionStep.java:42)
	at org.gradle.internal.execution.steps.TimeoutStep.executeWithoutTimeout(TimeoutStep.java:75)
	at org.gradle.internal.execution.steps.TimeoutStep.execute(TimeoutStep.java:55)
	at org.gradle.internal.execution.steps.PreCreateOutputParentsStep.execute(PreCreateOutputParentsStep.java:51)
	at org.gradle.internal.execution.steps.PreCreateOutputParentsStep.execute(PreCreateOutputParentsStep.java:29)
	at org.gradle.internal.execution.steps.RemovePreviousOutputsStep.executeMutable(RemovePreviousOutputsStep.java:70)
	at org.gradle.internal.execution.steps.RemovePreviousOutputsStep.executeMutable(RemovePreviousOutputsStep.java:40)
	at org.gradle.internal.execution.steps.MutableStep.execute(MutableStep.java:25)
	at org.gradle.internal.execution.steps.BroadcastChangingOutputsStep.execute(BroadcastChangingOutputsStep.java:62)
	at org.gradle.internal.execution.steps.BroadcastChangingOutputsStep.execute(BroadcastChangingOutputsStep.java:27)
	at org.gradle.internal.execution.steps.CaptureOutputsAfterExecutionStep.execute(CaptureOutputsAfterExecutionStep.java:69)
	at org.gradle.internal.execution.steps.CaptureOutputsAfterExecutionStep.execute(CaptureOutputsAfterExecutionStep.java:46)
	at org.gradle.internal.execution.steps.ResolveInputChangesStep.executeMutable(ResolveInputChangesStep.java:39)
	at org.gradle.internal.execution.steps.ResolveInputChangesStep.executeMutable(ResolveInputChangesStep.java:28)
	at org.gradle.internal.execution.steps.MutableStep.execute(MutableStep.java:25)
	at org.gradle.internal.execution.steps.BuildCacheStep.executeWithoutCache(BuildCacheStep.java:192)
	at org.gradle.internal.execution.steps.BuildCacheStep.lambda$execute$1(BuildCacheStep.java:76)
	at org.gradle.internal.Either$Right.fold(Either.java:176)
	at org.gradle.internal.execution.caching.CachingState.fold(CachingState.java:62)
	at org.gradle.internal.execution.steps.BuildCacheStep.execute(BuildCacheStep.java:74)
	at org.gradle.internal.execution.steps.BuildCacheStep.execute(BuildCacheStep.java:49)
	at org.gradle.internal.execution.steps.StoreExecutionStateStep.execute(StoreExecutionStateStep.java:46)
	at org.gradle.internal.execution.steps.StoreExecutionStateStep.execute(StoreExecutionStateStep.java:35)
	at org.gradle.internal.execution.steps.SkipUpToDateStep.executeBecause(SkipUpToDateStep.java:75)
	at org.gradle.internal.execution.steps.SkipUpToDateStep.lambda$execute$2(SkipUpToDateStep.java:53)
	at java.base/java.util.Optional.orElseGet(Optional.java:364)
	at org.gradle.internal.execution.steps.SkipUpToDateStep.execute(SkipUpToDateStep.java:53)
	at org.gradle.internal.execution.steps.SkipUpToDateStep.execute(SkipUpToDateStep.java:35)
	at org.gradle.internal.execution.steps.legacy.MarkSnapshottingInputsFinishedStep.execute(MarkSnapshottingInputsFinishedStep.java:37)
	at org.gradle.internal.execution.steps.legacy.MarkSnapshottingInputsFinishedStep.execute(MarkSnapshottingInputsFinishedStep.java:27)
	at org.gradle.internal.execution.steps.ResolveIncrementalCachingStateStep.executeDelegate(ResolveIncrementalCachingStateStep.java:49)
	at org.gradle.internal.execution.steps.ResolveIncrementalCachingStateStep.executeDelegate(ResolveIncrementalCachingStateStep.java:27)
	at org.gradle.internal.execution.steps.AbstractResolveCachingStateStep.execute(AbstractResolveCachingStateStep.java:71)
	at org.gradle.internal.execution.steps.AbstractResolveCachingStateStep.execute(AbstractResolveCachingStateStep.java:39)
	at org.gradle.internal.execution.steps.ResolveChangesStep.executeMutable(ResolveChangesStep.java:63)
	at org.gradle.internal.execution.steps.ResolveChangesStep.executeMutable(ResolveChangesStep.java:34)
	at org.gradle.internal.execution.steps.MutableStep.execute(MutableStep.java:25)
	at org.gradle.internal.execution.steps.ValidateStep.execute(ValidateStep.java:64)
	at org.gradle.internal.execution.steps.ValidateStep.execute(ValidateStep.java:42)
	at org.gradle.internal.execution.steps.AbstractCaptureStateBeforeExecutionStep.execute(AbstractCaptureStateBeforeExecutionStep.java:77)
	at org.gradle.internal.execution.steps.AbstractCaptureStateBeforeExecutionStep.execute(AbstractCaptureStateBeforeExecutionStep.java:46)
	at org.gradle.internal.execution.steps.AbstractSkipEmptyWorkStep.executeWithNonEmptySources(AbstractSkipEmptyWorkStep.java:133)
	at org.gradle.internal.execution.steps.AbstractSkipEmptyWorkStep.execute(AbstractSkipEmptyWorkStep.java:59)
	at org.gradle.internal.execution.steps.AbstractSkipEmptyWorkStep.execute(AbstractSkipEmptyWorkStep.java:36)
	at org.gradle.internal.execution.steps.legacy.MarkSnapshottingInputsStartedStep.execute(MarkSnapshottingInputsStartedStep.java:38)
	at org.gradle.internal.execution.steps.LoadPreviousExecutionStateStep.execute(LoadPreviousExecutionStateStep.java:36)
	at org.gradle.internal.execution.steps.LoadPreviousExecutionStateStep.execute(LoadPreviousExecutionStateStep.java:23)
	at org.gradle.internal.execution.steps.HandleStaleOutputsStep.executeMutable(HandleStaleOutputsStep.java:77)
	at org.gradle.internal.execution.steps.HandleStaleOutputsStep.executeMutable(HandleStaleOutputsStep.java:43)
	at org.gradle.internal.execution.steps.MutableStep.execute(MutableStep.java:25)
	at org.gradle.internal.execution.steps.AssignMutableWorkspaceStep.lambda$execute$0(AssignMutableWorkspaceStep.java:35)
	at org.gradle.api.internal.tasks.execution.TaskExecution$4.withWorkspace(TaskExecution.java:305)
	at org.gradle.internal.execution.steps.AssignMutableWorkspaceStep.execute(AssignMutableWorkspaceStep.java:31)
	at org.gradle.internal.execution.steps.AssignMutableWorkspaceStep.execute(AssignMutableWorkspaceStep.java:22)
	at org.gradle.internal.execution.steps.ChoosePipelineStep.execute(ChoosePipelineStep.java:40)
	at org.gradle.internal.execution.steps.ChoosePipelineStep.execute(ChoosePipelineStep.java:23)
	at org.gradle.internal.execution.steps.ExecuteWorkBuildOperationFiringStep.lambda$execute$2(ExecuteWorkBuildOperationFiringStep.java:67)
	at java.base/java.util.Optional.orElseGet(Optional.java:364)
	at org.gradle.internal.execution.steps.ExecuteWorkBuildOperationFiringStep.execute(ExecuteWorkBuildOperationFiringStep.java:67)
	at org.gradle.internal.execution.steps.ExecuteWorkBuildOperationFiringStep.execute(ExecuteWorkBuildOperationFiringStep.java:39)
	at org.gradle.internal.execution.steps.IdentityCacheStep.execute(IdentityCacheStep.java:46)
	at org.gradle.internal.execution.steps.IdentityCacheStep.execute(IdentityCacheStep.java:34)
	at org.gradle.internal.execution.steps.IdentifyStep.execute(IdentifyStep.java:44)
	at org.gradle.internal.execution.steps.IdentifyStep.execute(IdentifyStep.java:31)
	at org.gradle.internal.execution.impl.DefaultExecutionEngine$1.execute(DefaultExecutionEngine.java:68)
	at org.gradle.api.internal.tasks.execution.ExecuteActionsTaskExecuter.executeIfValid(ExecuteActionsTaskExecuter.java:132)
	... 66 more
Caused by: com.android.ide.common.process.ProcessException: ninja: Entering directory `F:\taxi-system\mobile\node_modules\react-native-reanimated\android\.cxx\RelWithDebInfo\505y2cjv\armeabi-v7a'
[0/2] Re-checking globbed directories...
[1/107] Building CXX object CMakeFiles/reanimated.dir/cmake_pch.hxx.pch
[2/107] Building CXX object CMakeFiles/reanimated.dir/F_/taxi-system/mobile/node_modules/react-native-reanimated/Common/cpp/reanimated/CSS/utils/algorithms.cpp.o
[3/107] Building CXX object CMakeFiles/reanimated.dir/F_/taxi-system/mobile/node_modules/react-native-reanimated/Common/cpp/reanimated/CSS/common/filters/FilterOp.cpp.o
[4/107] Building CXX object CMakeFiles/reanimated.dir/8b67b8797f8f1319583705cbf910c788/Common/cpp/reanimated/CSS/svg/values/SVGStrokeDashArray.cpp.o
[5/107] Building CXX object CMakeFiles/reanimated.dir/8b67b8797f8f1319583705cbf910c788/Common/cpp/reanimated/AnimatedSensor/AnimatedSensorModule.cpp.o
[6/107] Building CXX object CMakeFiles/reanimated.dir/F_/taxi-system/mobile/node_modules/react-native-reanimated/Common/cpp/reanimated/CSS/utils/interpolators.cpp.o
[7/107] Building CXX object CMakeFiles/reanimated.dir/F_/taxi-system/mobile/node_modules/react-native-reanimated/Common/cpp/reanimated/CSS/svg/values/SVGStops.cpp.o
[8/107] Building CXX object CMakeFiles/reanimated.dir/ba90dc2fc5fc7f2598bc73a98f21f206/react-native-reanimated/Common/cpp/reanimated/CSS/svg/values/CSSLengthArray.cpp.o
[9/107] Building CXX object CMakeFiles/reanimated.dir/8b67b8797f8f1319583705cbf910c788/Common/cpp/reanimated/CSS/registries/CSSTransitionsRegistry.cpp.o
[10/107] Building CXX object CMakeFiles/reanimated.dir/8b67b8797f8f1319583705cbf910c788/Common/cpp/reanimated/CSS/registries/StaticPropsRegistry.cpp.o
[11/107] Building CXX object CMakeFiles/reanimated.dir/8b67b8797f8f1319583705cbf910c788/Common/cpp/reanimated/CSS/svg/values/CSSLengthVector.cpp.o
[12/107] Building CXX object CMakeFiles/reanimated.dir/F_/taxi-system/mobile/node_modules/react-native-reanimated/Common/cpp/reanimated/CSS/svg/values/SVGBrush.cpp.o
[13/107] Building CXX object CMakeFiles/reanimated.dir/8b67b8797f8f1319583705cbf910c788/Common/cpp/reanimated/Fabric/updates/AnimatedPropsRegistry.cpp.o
[14/107] Building CXX object CMakeFiles/reanimated.dir/ba90dc2fc5fc7f2598bc73a98f21f206/react-native-reanimated/Common/cpp/reanimated/Fabric/updates/OperationsLoop.cpp.o
[15/107] Building CXX object CMakeFiles/reanimated.dir/8b67b8797f8f1319583705cbf910c788/Common/cpp/reanimated/Fabric/updates/UpdatesRegistryManager.cpp.o
[16/107] Building CXX object CMakeFiles/reanimated.dir/F_/taxi-system/mobile/node_modules/react-native-reanimated/Common/cpp/reanimated/Events/UIEventHandler.cpp.o
[17/107] Building CXX object CMakeFiles/reanimated.dir/ba90dc2fc5fc7f2598bc73a98f21f206/react-native-reanimated/Common/cpp/reanimated/Events/UIEventHandlerRegistry.cpp.o
[18/107] Building CXX object CMakeFiles/reanimated.dir/F_/taxi-system/mobile/node_modules/react-native-reanimated/Common/cpp/reanimated/CSS/utils/platform.cpp.o
[19/107] Building CXX object CMakeFiles/reanimated.dir/F_/taxi-system/mobile/node_modules/react-native-reanimated/Common/cpp/reanimated/CSS/svg/values/SVGPath.cpp.o
[20/107] Building CXX object CMakeFiles/reanimated.dir/8b67b8797f8f1319583705cbf910c788/Common/cpp/reanimated/Fabric/updates/UpdatesRegistry.cpp.o
[21/107] Building CXX object CMakeFiles/reanimated.dir/F_/taxi-system/mobile/node_modules/react-native-reanimated/Common/cpp/reanimated/Fabric/ReanimatedCommitHook.cpp.o
[22/107] Building CXX object CMakeFiles/reanimated.dir/F_/taxi-system/mobile/node_modules/react-native-reanimated/Common/cpp/reanimated/CSS/utils/props.cpp.o
[23/107] Building CXX object CMakeFiles/reanimated.dir/F_/taxi-system/mobile/node_modules/react-native-reanimated/Common/cpp/reanimated/Fabric/ReanimatedMountHook.cpp.o
[24/107] Building CXX object CMakeFiles/reanimated.dir/8b67b8797f8f1319583705cbf910c788/Common/cpp/reanimated/LayoutAnimations/LayoutAnimationsUtils.cpp.o
[25/107] Building CXX object CMakeFiles/reanimated.dir/F_/taxi-system/mobile/node_modules/react-native-reanimated/Common/cpp/reanimated/Fabric/ShadowTreeCloner.cpp.o
[26/107] Building CXX object CMakeFiles/reanimated.dir/F_/taxi-system/mobile/node_modules/react-native-reanimated/Common/cpp/reanimated/CSS/InterpolatorRegistry.cpp.o
FAILED: CMakeFiles/reanimated.dir/F_/taxi-system/mobile/node_modules/react-native-reanimated/Common/cpp/reanimated/CSS/InterpolatorRegistry.cpp.o 
C:\Users\Administrator\AppData\Local\Android\Sdk\ndk\27.1.12297006\toolchains\llvm\prebuilt\windows-x86_64\bin\clang++.exe --target=armv7-none-linux-androideabi24 --sysroot=C:/Users/Administrator/AppData/Local/Android/Sdk/ndk/27.1.12297006/toolchains/llvm/prebuilt/windows-x86_64/sysroot -DRN_SERIALIZABLE_STATE -Dreanimated_EXPORTS -IF:/taxi-system/mobile/node_modules/react-native-reanimated/android/../Common/cpp -IF:/taxi-system/mobile/node_modules/react-native-reanimated/android/src/main/cpp -IF:/taxi-system/mobile/node_modules/react-native-reanimated/android/.. -IF:/taxi-system/mobile/node_modules/react-native-reanimated/android/build/generated/source/codegen/jni -IF:/taxi-system/mobile/node_modules/react-native/ReactCommon -IF:/taxi-system/mobile/node_modules/react-native/ReactCommon/yoga -IF:/taxi-system/mobile/node_modules/react-native/ReactAndroid/src/main/jni/react/turbomodule -IF:/taxi-system/mobile/node_modules/react-native/ReactCommon/callinvoker -IF:/taxi-system/mobile/node_modules/react-native/ReactCommon/runtimeexecutor -IF:/taxi-system/mobile/node_modules/react-native/ReactCommon/jsiexecutor -IF:/taxi-system/mobile/node_modules/react-native/ReactCommon/react/renderer/graphics/platform/cxx -isystem F:/taxi-system/mobile/.gradle-user-home/caches/9.3.1/transforms/eb2224229ff93535bf21ac0d1e319da4/workspace/transformed/react-android-0.86.0-release/prefab/modules/reactnative/include -isystem F:/taxi-system/mobile/.gradle-user-home/caches/9.3.1/transforms/eb2224229ff93535bf21ac0d1e319da4/workspace/transformed/react-android-0.86.0-release/prefab/modules/jsi/include -isystem F:/taxi-system/mobile/.gradle-user-home/caches/9.3.1/transforms/a380509ee370312f3a5187e825a1b544/workspace/transformed/fbjni-0.7.0/prefab/modules/fbjni/include -isystem F:/taxi-system/mobile/node_modules/react-native-worklets/android/build/prefab-headers/worklets -g -DANDROID -fdata-sections -ffunction-sections -funwind-tables -fstack-protector-strong -no-canonical-prefixes -D__BIONIC_NO_PAGE_SIZE_MACRO -D_FORTIFY_SOURCE=2 -march=armv7-a -mthumb -Wformat -Werror=format-security   -DREANIMATED_VERSION=4.5.0    -DREANIMATED_FEATURE_FLAGS="[EXPERIMENTAL_CSS_ANIMATIONS_FOR_SVG_COMPONENTS:true][RUNTIME_TEST_FLAG:false][DISABLE_COMMIT_PAUSING_MECHANISM:false][ANDROID_SYNCHRONOUSLY_UPDATE_UI_PROPS:false][IOS_CSS_CORE_ANIMATION:false][USE_SYNCHRONIZABLE_FOR_MUTABLES:true][FORCE_REACT_RENDER_FOR_SETTLED_ANIMATIONS:true][ENABLE_SHARED_ELEMENT_TRANSITIONS:false][IOS_SYNCHRONOUSLY_UPDATE_UI_PROPS:false][USE_COMMIT_HOOK_ONLY_FOR_REACT_COMMITS:true][USE_ANIMATION_BACKEND:false]" -fno-omit-frame-pointer -fstack-protector-all -fvisibility=hidden -DNDEBUG -flto=thin -O2 -g -DNDEBUG -fPIC -DFOLLY_NO_CONFIG=1 -DFOLLY_HAVE_CLOCK_GETTIME=1 -DFOLLY_USE_LIBCPP=1 -DFOLLY_CFG_NO_COROUTINES=1 -DFOLLY_MOBILE=1 -DFOLLY_HAVE_RECVMMSG=1 -DFOLLY_HAVE_PTHREAD=1 -DFOLLY_HAVE_XSI_STRERROR_R=1 -Wall -Werror -fexceptions -frtti -std=c++20 -DLOG_TAG=\"ReactNative\" -std=gnu++20 -Winvalid-pch -Xclang -include-pch -Xclang F:/taxi-system/mobile/node_modules/react-native-reanimated/android/.cxx/RelWithDebInfo/505y2cjv/armeabi-v7a/CMakeFiles/reanimated.dir/cmake_pch.hxx.pch -Xclang -include -Xclang F:/taxi-system/mobile/node_modules/react-native-reanimated/android/.cxx/RelWithDebInfo/505y2cjv/armeabi-v7a/CMakeFiles/reanimated.dir/cmake_pch.hxx -MD -MT CMakeFiles/reanimated.dir/F_/taxi-system/mobile/node_modules/react-native-reanimated/Common/cpp/reanimated/CSS/InterpolatorRegistry.cpp.o -MF CMakeFiles\reanimated.dir\F_\taxi-system\mobile\node_modules\react-native-reanimated\Common\cpp\reanimated\CSS\InterpolatorRegistry.cpp.o.d -o CMakeFiles/reanimated.dir/F_/taxi-system/mobile/node_modules/react-native-reanimated/Common/cpp/reanimated/CSS/InterpolatorRegistry.cpp.o -c F:/taxi-system/mobile/node_modules/react-native-reanimated/Common/cpp/reanimated/CSS/InterpolatorRegistry.cpp
[27/107] Building CXX object CMakeFiles/reanimated.dir/8b67b8797f8f1319583705cbf910c788/Common/cpp/reanimated/LayoutAnimations/LayoutAnimationsManager.cpp.o
FAILED: CMakeFiles/reanimated.dir/8b67b8797f8f1319583705cbf910c788/Common/cpp/reanimated/LayoutAnimations/LayoutAnimationsManager.cpp.o 
C:\Users\Administrator\AppData\Local\Android\Sdk\ndk\27.1.12297006\toolchains\llvm\prebuilt\windows-x86_64\bin\clang++.exe --target=armv7-none-linux-androideabi24 --sysroot=C:/Users/Administrator/AppData/Local/Android/Sdk/ndk/27.1.12297006/toolchains/llvm/prebuilt/windows-x86_64/sysroot -DRN_SERIALIZABLE_STATE -Dreanimated_EXPORTS -IF:/taxi-system/mobile/node_modules/react-native-reanimated/android/../Common/cpp -IF:/taxi-system/mobile/node_modules/react-native-reanimated/android/src/main/cpp -IF:/taxi-system/mobile/node_modules/react-native-reanimated/android/.. -IF:/taxi-system/mobile/node_modules/react-native-reanimated/android/build/generated/source/codegen/jni -IF:/taxi-system/mobile/node_modules/react-native/ReactCommon -IF:/taxi-system/mobile/node_modules/react-native/ReactCommon/yoga -IF:/taxi-system/mobile/node_modules/react-native/ReactAndroid/src/main/jni/react/turbomodule -IF:/taxi-system/mobile/node_modules/react-native/ReactCommon/callinvoker -IF:/taxi-system/mobile/node_modules/react-native/ReactCommon/runtimeexecutor -IF:/taxi-system/mobile/node_modules/react-native/ReactCommon/jsiexecutor -IF:/taxi-system/mobile/node_modules/react-native/ReactCommon/react/renderer/graphics/platform/cxx -isystem F:/taxi-system/mobile/.gradle-user-home/caches/9.3.1/transforms/eb2224229ff93535bf21ac0d1e319da4/workspace/transformed/react-android-0.86.0-release/prefab/modules/reactnative/include -isystem F:/taxi-system/mobile/.gradle-user-home/caches/9.3.1/transforms/eb2224229ff93535bf21ac0d1e319da4/workspace/transformed/react-android-0.86.0-release/prefab/modules/jsi/include -isystem F:/taxi-system/mobile/.gradle-user-home/caches/9.3.1/transforms/a380509ee370312f3a5187e825a1b544/workspace/transformed/fbjni-0.7.0/prefab/modules/fbjni/include -isystem F:/taxi-system/mobile/node_modules/react-native-worklets/android/build/prefab-headers/worklets -g -DANDROID -fdata-sections -ffunction-sections -funwind-tables -fstack-protector-strong -no-canonical-prefixes -D__BIONIC_NO_PAGE_SIZE_MACRO -D_FORTIFY_SOURCE=2 -march=armv7-a -mthumb -Wformat -Werror=format-security   -DREANIMATED_VERSION=4.5.0    -DREANIMATED_FEATURE_FLAGS="[EXPERIMENTAL_CSS_ANIMATIONS_FOR_SVG_COMPONENTS:true][RUNTIME_TEST_FLAG:false][DISABLE_COMMIT_PAUSING_MECHANISM:false][ANDROID_SYNCHRONOUSLY_UPDATE_UI_PROPS:false][IOS_CSS_CORE_ANIMATION:false][USE_SYNCHRONIZABLE_FOR_MUTABLES:true][FORCE_REACT_RENDER_FOR_SETTLED_ANIMATIONS:true][ENABLE_SHARED_ELEMENT_TRANSITIONS:false][IOS_SYNCHRONOUSLY_UPDATE_UI_PROPS:false][USE_COMMIT_HOOK_ONLY_FOR_REACT_COMMITS:true][USE_ANIMATION_BACKEND:false]" -fno-omit-frame-pointer -fstack-protector-all -fvisibility=hidden -DNDEBUG -flto=thin -O2 -g -DNDEBUG -fPIC -DFOLLY_NO_CONFIG=1 -DFOLLY_HAVE_CLOCK_GETTIME=1 -DFOLLY_USE_LIBCPP=1 -DFOLLY_CFG_NO_COROUTINES=1 -DFOLLY_MOBILE=1 -DFOLLY_HAVE_RECVMMSG=1 -DFOLLY_HAVE_PTHREAD=1 -DFOLLY_HAVE_XSI_STRERROR_R=1 -Wall -Werror -fexceptions -frtti -std=c++20 -DLOG_TAG=\"ReactNative\" -std=gnu++20 -Winvalid-pch -Xclang -include-pch -Xclang F:/taxi-system/mobile/node_modules/react-native-reanimated/android/.cxx/RelWithDebInfo/505y2cjv/armeabi-v7a/CMakeFiles/reanimated.dir/cmake_pch.hxx.pch -Xclang -include -Xclang F:/taxi-system/mobile/node_modules/react-native-reanimated/android/.cxx/RelWithDebInfo/505y2cjv/armeabi-v7a/CMakeFiles/reanimated.dir/cmake_pch.hxx -MD -MT CMakeFiles/reanimated.dir/8b67b8797f8f1319583705cbf910c788/Common/cpp/reanimated/LayoutAnimations/LayoutAnimationsManager.cpp.o -MF CMakeFiles\reanimated.dir\8b67b8797f8f1319583705cbf910c788\Common\cpp\reanimated\LayoutAnimations\LayoutAnimationsManager.cpp.o.d -o CMakeFiles/reanimated.dir/8b67b8797f8f1319583705cbf910c788/Common/cpp/reanimated/LayoutAnimations/LayoutAnimationsManager.cpp.o -c F:/taxi-system/mobile/node_modules/react-native-reanimated/Common/cpp/reanimated/LayoutAnimations/LayoutAnimationsManager.cpp
[28/107] Building CXX object CMakeFiles/reanimated.dir/8b67b8797f8f1319583705cbf910c788/Common/cpp/reanimated/LayoutAnimations/LayoutAnimationsProxy_Experimental.cpp.o
FAILED: CMakeFiles/reanimated.dir/8b67b8797f8f1319583705cbf910c788/Common/cpp/reanimated/LayoutAnimations/LayoutAnimationsProxy_Experimental.cpp.o 
C:\Users\Administrator\AppData\Local\Android\Sdk\ndk\27.1.12297006\toolchains\llvm\prebuilt\windows-x86_64\bin\clang++.exe --target=armv7-none-linux-androideabi24 --sysroot=C:/Users/Administrator/AppData/Local/Android/Sdk/ndk/27.1.12297006/toolchains/llvm/prebuilt/windows-x86_64/sysroot -DRN_SERIALIZABLE_STATE -Dreanimated_EXPORTS -IF:/taxi-system/mobile/node_modules/react-native-reanimated/android/../Common/cpp -IF:/taxi-system/mobile/node_modules/react-native-reanimated/android/src/main/cpp -IF:/taxi-system/mobile/node_modules/react-native-reanimated/android/.. -IF:/taxi-system/mobile/node_modules/react-native-reanimated/android/build/generated/source/codegen/jni -IF:/taxi-system/mobile/node_modules/react-native/ReactCommon -IF:/taxi-system/mobile/node_modules/react-native/ReactCommon/yoga -IF:/taxi-system/mobile/node_modules/react-native/ReactAndroid/src/main/jni/react/turbomodule -IF:/taxi-system/mobile/node_modules/react-native/ReactCommon/callinvoker -IF:/taxi-system/mobile/node_modules/react-native/ReactCommon/runtimeexecutor -IF:/taxi-system/mobile/node_modules/react-native/ReactCommon/jsiexecutor -IF:/taxi-system/mobile/node_modules/react-native/ReactCommon/react/renderer/graphics/platform/cxx -isystem F:/taxi-system/mobile/.gradle-user-home/caches/9.3.1/transforms/eb2224229ff93535bf21ac0d1e319da4/workspace/transformed/react-android-0.86.0-release/prefab/modules/reactnative/include -isystem F:/taxi-system/mobile/.gradle-user-home/caches/9.3.1/transforms/eb2224229ff93535bf21ac0d1e319da4/workspace/transformed/react-android-0.86.0-release/prefab/modules/jsi/include -isystem F:/taxi-system/mobile/.gradle-user-home/caches/9.3.1/transforms/a380509ee370312f3a5187e825a1b544/workspace/transformed/fbjni-0.7.0/prefab/modules/fbjni/include -isystem F:/taxi-system/mobile/node_modules/react-native-worklets/android/build/prefab-headers/worklets -g -DANDROID -fdata-sections -ffunction-sections -funwind-tables -fstack-protector-strong -no-canonical-prefixes -D__BIONIC_NO_PAGE_SIZE_MACRO -D_FORTIFY_SOURCE=2 -march=armv7-a -mthumb -Wformat -Werror=format-security   -DREANIMATED_VERSION=4.5.0    -DREANIMATED_FEATURE_FLAGS="[EXPERIMENTAL_CSS_ANIMATIONS_FOR_SVG_COMPONENTS:true][RUNTIME_TEST_FLAG:false][DISABLE_COMMIT_PAUSING_MECHANISM:false][ANDROID_SYNCHRONOUSLY_UPDATE_UI_PROPS:false][IOS_CSS_CORE_ANIMATION:false][USE_SYNCHRONIZABLE_FOR_MUTABLES:true][FORCE_REACT_RENDER_FOR_SETTLED_ANIMATIONS:true][ENABLE_SHARED_ELEMENT_TRANSITIONS:false][IOS_SYNCHRONOUSLY_UPDATE_UI_PROPS:false][USE_COMMIT_HOOK_ONLY_FOR_REACT_COMMITS:true][USE_ANIMATION_BACKEND:false]" -fno-omit-frame-pointer -fstack-protector-all -fvisibility=hidden -DNDEBUG -flto=thin -O2 -g -DNDEBUG -fPIC -DFOLLY_NO_CONFIG=1 -DFOLLY_HAVE_CLOCK_GETTIME=1 -DFOLLY_USE_LIBCPP=1 -DFOLLY_CFG_NO_COROUTINES=1 -DFOLLY_MOBILE=1 -DFOLLY_HAVE_RECVMMSG=1 -DFOLLY_HAVE_PTHREAD=1 -DFOLLY_HAVE_XSI_STRERROR_R=1 -Wall -Werror -fexceptions -frtti -std=c++20 -DLOG_TAG=\"ReactNative\" -std=gnu++20 -Winvalid-pch -Xclang -include-pch -Xclang F:/taxi-system/mobile/node_modules/react-native-reanimated/android/.cxx/RelWithDebInfo/505y2cjv/armeabi-v7a/CMakeFiles/reanimated.dir/cmake_pch.hxx.pch -Xclang -include -Xclang F:/taxi-system/mobile/node_modules/react-native-reanimated/android/.cxx/RelWithDebInfo/505y2cjv/armeabi-v7a/CMakeFiles/reanimated.dir/cmake_pch.hxx -MD -MT CMakeFiles/reanimated.dir/8b67b8797f8f1319583705cbf910c788/Common/cpp/reanimated/LayoutAnimations/LayoutAnimationsProxy_Experimental.cpp.o -MF CMakeFiles\reanimated.dir\8b67b8797f8f1319583705cbf910c788\Common\cpp\reanimated\LayoutAnimations\LayoutAnimationsProxy_Experimental.cpp.o.d -o CMakeFiles/reanimated.dir/8b67b8797f8f1319583705cbf910c788/Common/cpp/reanimated/LayoutAnimations/LayoutAnimationsProxy_Experimental.cpp.o -c F:/taxi-system/mobile/node_modules/react-native-reanimated/Common/cpp/reanimated/LayoutAnimations/LayoutAnimationsProxy_Experimental.cpp
[29/107] Building CXX object CMakeFiles/reanimated.dir/8b67b8797f8f1319583705cbf910c788/Common/cpp/reanimated/NativeModules/SynchronousPropsBufferSerializer.cpp.o
FAILED: CMakeFiles/reanimated.dir/8b67b8797f8f1319583705cbf910c788/Common/cpp/reanimated/NativeModules/SynchronousPropsBufferSerializer.cpp.o 
C:\Users\Administrator\AppData\Local\Android\Sdk\ndk\27.1.12297006\toolchains\llvm\prebuilt\windows-x86_64\bin\clang++.exe --target=armv7-none-linux-androideabi24 --sysroot=C:/Users/Administrator/AppData/Local/Android/Sdk/ndk/27.1.12297006/toolchains/llvm/prebuilt/windows-x86_64/sysroot -DRN_SERIALIZABLE_STATE -Dreanimated_EXPORTS -IF:/taxi-system/mobile/node_modules/react-native-reanimated/android/../Common/cpp -IF:/taxi-system/mobile/node_modules/react-native-reanimated/android/src/main/cpp -IF:/taxi-system/mobile/node_modules/react-native-reanimated/android/.. -IF:/taxi-system/mobile/node_modules/react-native-reanimated/android/build/generated/source/codegen/jni -IF:/taxi-system/mobile/node_modules/react-native/ReactCommon -IF:/taxi-system/mobile/node_modules/react-native/ReactCommon/yoga -IF:/taxi-system/mobile/node_modules/react-native/ReactAndroid/src/main/jni/react/turbomodule -IF:/taxi-system/mobile/node_modules/react-native/ReactCommon/callinvoker -IF:/taxi-system/mobile/node_modules/react-native/ReactCommon/runtimeexecutor -IF:/taxi-system/mobile/node_modules/react-native/ReactCommon/jsiexecutor -IF:/taxi-system/mobile/node_modules/react-native/ReactCommon/react/renderer/graphics/platform/cxx -isystem F:/taxi-system/mobile/.gradle-user-home/caches/9.3.1/transforms/eb2224229ff93535bf21ac0d1e319da4/workspace/transformed/react-android-0.86.0-release/prefab/modules/reactnative/include -isystem F:/taxi-system/mobile/.gradle-user-home/caches/9.3.1/transforms/eb2224229ff93535bf21ac0d1e319da4/workspace/transformed/react-android-0.86.0-release/prefab/modules/jsi/include -isystem F:/taxi-system/mobile/.gradle-user-home/caches/9.3.1/transforms/a380509ee370312f3a5187e825a1b544/workspace/transformed/fbjni-0.7.0/prefab/modules/fbjni/include -isystem F:/taxi-system/mobile/node_modules/react-native-worklets/android/build/prefab-headers/worklets -g -DANDROID -fdata-sections -ffunction-sections -funwind-tables -fstack-protector-strong -no-canonical-prefixes -D__BIONIC_NO_PAGE_SIZE_MACRO -D_FORTIFY_SOURCE=2 -march=armv7-a -mthumb -Wformat -Werror=format-security   -DREANIMATED_VERSION=4.5.0    -DREANIMATED_FEATURE_FLAGS="[EXPERIMENTAL_CSS_ANIMATIONS_FOR_SVG_COMPONENTS:true][RUNTIME_TEST_FLAG:false][DISABLE_COMMIT_PAUSING_MECHANISM:false][ANDROID_SYNCHRONOUSLY_UPDATE_UI_PROPS:false][IOS_CSS_CORE_ANIMATION:false][USE_SYNCHRONIZABLE_FOR_MUTABLES:true][FORCE_REACT_RENDER_FOR_SETTLED_ANIMATIONS:true][ENABLE_SHARED_ELEMENT_TRANSITIONS:false][IOS_SYNCHRONOUSLY_UPDATE_UI_PROPS:false][USE_COMMIT_HOOK_ONLY_FOR_REACT_COMMITS:true][USE_ANIMATION_BACKEND:false]" -fno-omit-frame-pointer -fstack-protector-all -fvisibility=hidden -DNDEBUG -flto=thin -O2 -g -DNDEBUG -fPIC -DFOLLY_NO_CONFIG=1 -DFOLLY_HAVE_CLOCK_GETTIME=1 -DFOLLY_USE_LIBCPP=1 -DFOLLY_CFG_NO_COROUTINES=1 -DFOLLY_MOBILE=1 -DFOLLY_HAVE_RECVMMSG=1 -DFOLLY_HAVE_PTHREAD=1 -DFOLLY_HAVE_XSI_STRERROR_R=1 -Wall -Werror -fexceptions -frtti -std=c++20 -DLOG_TAG=\"ReactNative\" -std=gnu++20 -Winvalid-pch -Xclang -include-pch -Xclang F:/taxi-system/mobile/node_modules/react-native-reanimated/android/.cxx/RelWithDebInfo/505y2cjv/armeabi-v7a/CMakeFiles/reanimated.dir/cmake_pch.hxx.pch -Xclang -include -Xclang F:/taxi-system/mobile/node_modules/react-native-reanimated/android/.cxx/RelWithDebInfo/505y2cjv/armeabi-v7a/CMakeFiles/reanimated.dir/cmake_pch.hxx -MD -MT CMakeFiles/reanimated.dir/8b67b8797f8f1319583705cbf910c788/Common/cpp/reanimated/NativeModules/SynchronousPropsBufferSerializer.cpp.o -MF CMakeFiles\reanimated.dir\8b67b8797f8f1319583705cbf910c788\Common\cpp\reanimated\NativeModules\SynchronousPropsBufferSerializer.cpp.o.d -o CMakeFiles/reanimated.dir/8b67b8797f8f1319583705cbf910c788/Common/cpp/reanimated/NativeModules/SynchronousPropsBufferSerializer.cpp.o -c F:/taxi-system/mobile/node_modules/react-native-reanimated/Common/cpp/reanimated/NativeModules/SynchronousPropsBufferSerializer.cpp
[30/107] Building CXX object CMakeFiles/reanimated.dir/8b67b8797f8f1319583705cbf910c788/Common/cpp/reanimated/LayoutAnimations/LayoutAnimationsProxy_Legacy.cpp.o
FAILED: CMakeFiles/reanimated.dir/8b67b8797f8f1319583705cbf910c788/Common/cpp/reanimated/LayoutAnimations/LayoutAnimationsProxy_Legacy.cpp.o 
C:\Users\Administrator\AppData\Local\Android\Sdk\ndk\27.1.12297006\toolchains\llvm\prebuilt\windows-x86_64\bin\clang++.exe --target=armv7-none-linux-androideabi24 --sysroot=C:/Users/Administrator/AppData/Local/Android/Sdk/ndk/27.1.12297006/toolchains/llvm/prebuilt/windows-x86_64/sysroot -DRN_SERIALIZABLE_STATE -Dreanimated_EXPORTS -IF:/taxi-system/mobile/node_modules/react-native-reanimated/android/../Common/cpp -IF:/taxi-system/mobile/node_modules/react-native-reanimated/android/src/main/cpp -IF:/taxi-system/mobile/node_modules/react-native-reanimated/android/.. -IF:/taxi-system/mobile/node_modules/react-native-reanimated/android/build/generated/source/codegen/jni -IF:/taxi-system/mobile/node_modules/react-native/ReactCommon -IF:/taxi-system/mobile/node_modules/react-native/ReactCommon/yoga -IF:/taxi-system/mobile/node_modules/react-native/ReactAndroid/src/main/jni/react/turbomodule -IF:/taxi-system/mobile/node_modules/react-native/ReactCommon/callinvoker -IF:/taxi-system/mobile/node_modules/react-native/ReactCommon/runtimeexecutor -IF:/taxi-system/mobile/node_modules/react-native/ReactCommon/jsiexecutor -IF:/taxi-system/mobile/node_modules/react-native/ReactCommon/react/renderer/graphics/platform/cxx -isystem F:/taxi-system/mobile/.gradle-user-home/caches/9.3.1/transforms/eb2224229ff93535bf21ac0d1e319da4/workspace/transformed/react-android-0.86.0-release/prefab/modules/reactnative/include -isystem F:/taxi-system/mobile/.gradle-user-home/caches/9.3.1/transforms/eb2224229ff93535bf21ac0d1e319da4/workspace/transformed/react-android-0.86.0-release/prefab/modules/jsi/include -isystem F:/taxi-system/mobile/.gradle-user-home/caches/9.3.1/transforms/a380509ee370312f3a5187e825a1b544/workspace/transformed/fbjni-0.7.0/prefab/modules/fbjni/include -isystem F:/taxi-system/mobile/node_modules/react-native-worklets/android/build/prefab-headers/worklets -g -DANDROID -fdata-sections -ffunction-sections -funwind-tables -fstack-protector-strong -no-canonical-prefixes -D__BIONIC_NO_PAGE_SIZE_MACRO -D_FORTIFY_SOURCE=2 -march=armv7-a -mthumb -Wformat -Werror=format-security   -DREANIMATED_VERSION=4.5.0    -DREANIMATED_FEATURE_FLAGS="[EXPERIMENTAL_CSS_ANIMATIONS_FOR_SVG_COMPONENTS:true][RUNTIME_TEST_FLAG:false][DISABLE_COMMIT_PAUSING_MECHANISM:false][ANDROID_SYNCHRONOUSLY_UPDATE_UI_PROPS:false][IOS_CSS_CORE_ANIMATION:false][USE_SYNCHRONIZABLE_FOR_MUTABLES:true][FORCE_REACT_RENDER_FOR_SETTLED_ANIMATIONS:true][ENABLE_SHARED_ELEMENT_TRANSITIONS:false][IOS_SYNCHRONOUSLY_UPDATE_UI_PROPS:false][USE_COMMIT_HOOK_ONLY_FOR_REACT_COMMITS:true][USE_ANIMATION_BACKEND:false]" -fno-omit-frame-pointer -fstack-protector-all -fvisibility=hidden -DNDEBUG -flto=thin -O2 -g -DNDEBUG -fPIC -DFOLLY_NO_CONFIG=1 -DFOLLY_HAVE_CLOCK_GETTIME=1 -DFOLLY_USE_LIBCPP=1 -DFOLLY_CFG_NO_COROUTINES=1 -DFOLLY_MOBILE=1 -DFOLLY_HAVE_RECVMMSG=1 -DFOLLY_HAVE_PTHREAD=1 -DFOLLY_HAVE_XSI_STRERROR_R=1 -Wall -Werror -fexceptions -frtti -std=c++20 -DLOG_TAG=\"ReactNative\" -std=gnu++20 -Winvalid-pch -Xclang -include-pch -Xclang F:/taxi-system/mobile/node_modules/react-native-reanimated/android/.cxx/RelWithDebInfo/505y2cjv/armeabi-v7a/CMakeFiles/reanimated.dir/cmake_pch.hxx.pch -Xclang -include -Xclang F:/taxi-system/mobile/node_modules/react-native-reanimated/android/.cxx/RelWithDebInfo/505y2cjv/armeabi-v7a/CMakeFiles/reanimated.dir/cmake_pch.hxx -MD -MT CMakeFiles/reanimated.dir/8b67b8797f8f1319583705cbf910c788/Common/cpp/reanimated/LayoutAnimations/LayoutAnimationsProxy_Legacy.cpp.o -MF CMakeFiles\reanimated.dir\8b67b8797f8f1319583705cbf910c788\Common\cpp\reanimated\LayoutAnimations\LayoutAnimationsProxy_Legacy.cpp.o.d -o CMakeFiles/reanimated.dir/8b67b8797f8f1319583705cbf910c788/Common/cpp/reanimated/LayoutAnimations/LayoutAnimationsProxy_Legacy.cpp.o -c F:/taxi-system/mobile/node_modules/react-native-reanimated/Common/cpp/reanimated/LayoutAnimations/LayoutAnimationsProxy_Legacy.cpp
[31/107] Building CXX object CMakeFiles/reanimated.dir/8b67b8797f8f1319583705cbf910c788/Common/cpp/reanimated/LayoutAnimations/LayoutAnimationsProxyCommon.cpp.o
ninja: build stopped: subcommand failed.

C++ build system [build] failed while executing:
    @echo off
    "C:\\Users\\Administrator\\AppData\\Local\\Android\\Sdk\\cmake\\3.22.1\\bin\\ninja.exe" ^
      -C ^
      "F:\\taxi-system\\mobile\\node_modules\\react-native-reanimated\\android\\.cxx\\RelWithDebInfo\\505y2cjv\\armeabi-v7a" ^
      reanimated
  from F:\taxi-system\mobile\node_modules\react-native-reanimated\android
	at com.android.build.gradle.internal.cxx.process.ExecuteProcessKt.execute(ExecuteProcess.kt:288)
	at com.android.build.gradle.internal.cxx.process.ExecuteProcessKt$executeProcess$1.invoke(ExecuteProcess.kt:108)
	at com.android.build.gradle.internal.cxx.process.ExecuteProcessKt$executeProcess$1.invoke(ExecuteProcess.kt:106)
	at com.android.build.gradle.internal.cxx.timing.TimingEnvironmentKt.time(TimingEnvironment.kt:32)
	at com.android.build.gradle.internal.cxx.process.ExecuteProcessKt.executeProcess(ExecuteProcess.kt:106)
	at com.android.build.gradle.internal.cxx.process.ExecuteProcessKt.executeProcess$default(ExecuteProcess.kt:85)
	at com.android.build.gradle.internal.cxx.build.CxxRegularBuilder.executeProcessBatch(CxxRegularBuilder.kt:332)
	at com.android.build.gradle.internal.cxx.build.CxxRegularBuilder.build(CxxRegularBuilder.kt:129)
	at com.android.build.gradle.tasks.ExternalNativeBuildTask.doTaskAction(ExternalNativeBuildTask.kt:72)
	at com.android.build.gradle.internal.tasks.UnsafeOutputsTask$taskAction$$inlined$recordTaskAction$1.invoke(BaseTask.kt:59)
	at com.android.build.gradle.internal.tasks.Blocks.recordSpan(Blocks.java:51)
	at com.android.build.gradle.internal.tasks.UnsafeOutputsTask.taskAction(UnsafeOutputsTask.kt:81)
	at jdk.internal.reflect.GeneratedMethodAccessor631.invoke(Unknown Source)
	at java.base/jdk.internal.reflect.DelegatingMethodAccessorImpl.invoke(DelegatingMethodAccessorImpl.java:43)
	at java.base/java.lang.reflect.Method.invoke(Method.java:569)
	at org.gradle.internal.reflect.JavaMethod.invoke(JavaMethod.java:125)
	... 160 more
Caused by: com.android.ide.common.process.ProcessException: Error while executing process C:\Users\Administrator\AppData\Local\Android\Sdk\cmake\3.22.1\bin\ninja.exe with arguments {-C F:\taxi-system\mobile\node_modules\react-native-reanimated\android\.cxx\RelWithDebInfo\505y2cjv\armeabi-v7a reanimated}
	at com.android.build.gradle.internal.process.GradleProcessResult.buildProcessException(GradleProcessResult.java:73)
	at com.android.build.gradle.internal.process.GradleProcessResult.assertNormalExitValue(GradleProcessResult.java:48)
	at com.android.build.gradle.internal.cxx.process.ExecuteProcessKt.execute(ExecuteProcess.kt:277)
	... 175 more
Caused by: org.gradle.process.ProcessExecutionException: Process 'command 'C:\Users\Administrator\AppData\Local\Android\Sdk\cmake\3.22.1\bin\ninja.exe'' finished with non-zero exit value 1
	at org.gradle.process.internal.DefaultExecHandle$ExecResultImpl.assertNormalExitValue(DefaultExecHandle.java:454)
	at com.android.build.gradle.internal.process.GradleProcessResult.assertNormalExitValue(GradleProcessResult.java:46)
	... 176 more

==============================================================================

BUILD FAILED in 1h 22m 57s

