Picked up JAVA_TOOL_OPTIONS: -Dfile.encoding=UTF-8
Picked up JAVA_TOOL_OPTIONS: -Dfile.encoding=UTF-8

Picked up JAVA_TOOL_OPTIONS: -Dfile.encoding=UTF-8

Picked up JAVA_TOOL_OPTIONS: -Dfile.encoding=UTF-8

Note: Some input files use or override a deprecated API.
Note: Recompile with -Xlint:deprecation for details.
Note: Some input files use or override a deprecated API.
Note: Recompile with -Xlint:deprecation for details.

FAILURE: Build completed with 2 failures.

1: Task failed with an exception.
-----------
* What went wrong:
Execution failed for task ':expo-updates:kspReleaseKotlin'.
> Could not resolve all files for configuration ':expo-updates:detachedConfiguration10'.
   > Could not download symbol-processing-aa-embeddable-2.1.20-2.0.1.jar (com.google.devtools.ksp:symbol-processing-aa-embeddable:2.1.20-2.0.1)
      > Could not get resource 'https://maven.myket.ir/com/google/devtools/ksp/symbol-processing-aa-embeddable/2.1.20-2.0.1/symbol-processing-aa-embeddable-2.1.20-2.0.1.jar'.
         > Could not GET 'https://maven.myket.ir/com/google/devtools/ksp/symbol-processing-aa-embeddable/2.1.20-2.0.1/symbol-processing-aa-embeddable-2.1.20-2.0.1.jar'.
            > Got socket exception during request. It might be caused by SSL misconfiguration
               > Network is unreachable: getsockopt

* Try:
> Run with --info or --debug option to get more log output.
> Run with --scan to get full insights from a Build Scan (powered by Develocity).
> Get more help at https://help.gradle.org.

* Exception is:
org.gradle.api.tasks.TaskExecutionException: Execution failed for task ':expo-updates:kspReleaseKotlin'.
	at org.gradle.api.internal.tasks.execution.CatchExceptionTaskExecuter.execute(CatchExceptionTaskExecuter.java:38)
	at org.gradle.api.internal.tasks.execution.EventFiringTaskExecuter$1.executeTask(EventFiringTaskExecuter.java:77)
	at org.gradle.api.internal.tasks.execution.EventFiringTaskExecuter$1.call(EventFiringTaskExecuter.java:55)
	at org.gradle.api.internal.tasks.execution.EventFiringTaskExecuter$1.call(EventFiringTaskExecuter.java:52)
	at org.gradle.internal.operations.DefaultBuildOperationRunner$CallableBuildOperationWorker.execute(DefaultBuildOperationRunner.java:209)
	at org.gradle.internal.operations.DefaultBuildOperationRunner$CallableBuildOperationWorker.execute(DefaultBuildOperationRunner.java:204)
	at org.gradle.internal.operations.DefaultBuildOperationRunner$2.execute(DefaultBuildOperationRunner.java:66)
	at org.gradle.internal.operations.DefaultBuildOperationRunner$2.execute(DefaultBuildOperationRunner.java:59)
	at org.gradle.internal.operations.DefaultBuildOperationRunner.execute(DefaultBuildOperationRunner.java:166)
	at org.gradle.internal.operations.DefaultBuildOperationRunner.execute(DefaultBuildOperationRunner.java:59)
	at org.gradle.internal.operations.DefaultBuildOperationRunner.call(DefaultBuildOperationRunner.java:53)
	at org.gradle.api.internal.tasks.execution.EventFiringTaskExecuter.execute(EventFiringTaskExecuter.java:52)
	at org.gradle.execution.plan.DefaultNodeExecutor.executeLocalTaskNode(DefaultNodeExecutor.java:55)
	at org.gradle.execution.plan.DefaultNodeExecutor.execute(DefaultNodeExecutor.java:34)
	at org.gradle.execution.taskgraph.DefaultTaskExecutionGraph$InvokeNodeExecutorsAction.execute(DefaultTaskExecutionGraph.java:355)
	at org.gradle.execution.taskgraph.DefaultTaskExecutionGraph$InvokeNodeExecutorsAction.execute(DefaultTaskExecutionGraph.java:343)
	at org.gradle.execution.taskgraph.DefaultTaskExecutionGraph$BuildOperationAwareExecutionAction.lambda$execute$0(DefaultTaskExecutionGraph.java:339)
	at org.gradle.internal.operations.CurrentBuildOperationRef.with(CurrentBuildOperationRef.java:84)
	at org.gradle.execution.taskgraph.DefaultTaskExecutionGraph$BuildOperationAwareExecutionAction.execute(DefaultTaskExecutionGraph.java:339)
	at org.gradle.execution.taskgraph.DefaultTaskExecutionGraph$BuildOperationAwareExecutionAction.execute(DefaultTaskExecutionGraph.java:328)
	at org.gradle.execution.plan.DefaultPlanExecutor$ExecutorWorker.execute(DefaultPlanExecutor.java:459)
	at org.gradle.execution.plan.DefaultPlanExecutor$ExecutorWorker.run(DefaultPlanExecutor.java:376)
	at org.gradle.execution.plan.DefaultPlanExecutor.process(DefaultPlanExecutor.java:111)
	at org.gradle.execution.taskgraph.DefaultTaskExecutionGraph.executeWithServices(DefaultTaskExecutionGraph.java:146)
	at org.gradle.execution.taskgraph.DefaultTaskExecutionGraph.execute(DefaultTaskExecutionGraph.java:131)
	at org.gradle.execution.SelectedTaskExecutionAction.execute(SelectedTaskExecutionAction.java:35)
	at org.gradle.execution.BuildOperationFiringBuildWorkerExecutor$ExecuteTasks.call(BuildOperationFiringBuildWorkerExecutor.java:54)
	at org.gradle.execution.BuildOperationFiringBuildWorkerExecutor$ExecuteTasks.call(BuildOperationFiringBuildWorkerExecutor.java:43)
	at org.gradle.internal.operations.DefaultBuildOperationRunner$CallableBuildOperationWorker.execute(DefaultBuildOperationRunner.java:209)
	at org.gradle.internal.operations.DefaultBuildOperationRunner$CallableBuildOperationWorker.execute(DefaultBuildOperationRunner.java:204)
	at org.gradle.internal.operations.DefaultBuildOperationRunner$2.execute(DefaultBuildOperationRunner.java:66)
	at org.gradle.internal.operations.DefaultBuildOperationRunner$2.execute(DefaultBuildOperationRunner.java:59)
	at org.gradle.internal.operations.DefaultBuildOperationRunner.execute(DefaultBuildOperationRunner.java:166)
	at org.gradle.internal.operations.DefaultBuildOperationRunner.execute(DefaultBuildOperationRunner.java:59)
	at org.gradle.internal.operations.DefaultBuildOperationRunner.call(DefaultBuildOperationRunner.java:53)
	at org.gradle.execution.BuildOperationFiringBuildWorkerExecutor.execute(BuildOperationFiringBuildWorkerExecutor.java:40)
	at org.gradle.internal.build.DefaultBuildLifecycleController.lambda$executeTasks$10(DefaultBuildLifecycleController.java:313)
	at org.gradle.internal.model.StateTransitionController.doTransition(StateTransitionController.java:276)
	at org.gradle.internal.model.StateTransitionController.lambda$tryTransition$8(StateTransitionController.java:187)
	at org.gradle.internal.work.DefaultSynchronizer.withLock(DefaultSynchronizer.java:45)
	at org.gradle.internal.model.StateTransitionController.tryTransition(StateTransitionController.java:187)
	at org.gradle.internal.build.DefaultBuildLifecycleController.executeTasks(DefaultBuildLifecycleController.java:304)
	at org.gradle.internal.build.DefaultBuildWorkGraphController$DefaultBuildWorkGraph.runWork(DefaultBuildWorkGraphController.java:220)
	at org.gradle.internal.work.DefaultWorkerLeaseService.lambda$withLocksAcquired$0(DefaultWorkerLeaseService.java:269)
	at org.gradle.internal.work.ResourceLockStatistics$1.measure(ResourceLockStatistics.java:42)
	at org.gradle.internal.work.DefaultWorkerLeaseService.withLocksAcquired(DefaultWorkerLeaseService.java:267)
	at org.gradle.internal.work.DefaultWorkerLeaseService.withLocks(DefaultWorkerLeaseService.java:259)
	at org.gradle.internal.work.DefaultWorkerLeaseService.runAsWorkerThread(DefaultWorkerLeaseService.java:127)
	at org.gradle.composite.internal.DefaultBuildController.doRun(DefaultBuildController.java:181)
	at org.gradle.composite.internal.DefaultBuildController.access$000(DefaultBuildController.java:50)
	at org.gradle.composite.internal.DefaultBuildController$BuildOpRunnable.lambda$run$0(DefaultBuildController.java:198)
	at org.gradle.internal.operations.CurrentBuildOperationRef.with(CurrentBuildOperationRef.java:84)
	at org.gradle.composite.internal.DefaultBuildController$BuildOpRunnable.run(DefaultBuildController.java:198)
	at org.gradle.internal.concurrent.ExecutorPolicy$CatchAndRecordFailures.onExecute(ExecutorPolicy.java:64)
	at org.gradle.internal.concurrent.AbstractManagedExecutor$1.run(AbstractManagedExecutor.java:47)
Caused by: org.gradle.api.internal.artifacts.ivyservice.TypedResolveException: Could not resolve all files for configuration ':expo-updates:detachedConfiguration10'.
	at org.gradle.api.internal.artifacts.ResolveExceptionMapper.mapFailure(ResolveExceptionMapper.java:73)
	at org.gradle.api.internal.artifacts.ResolveExceptionMapper.mapFailures(ResolveExceptionMapper.java:65)
	at org.gradle.api.internal.artifacts.configurations.DefaultConfiguration$DefaultResolutionHost.consolidateFailures(DefaultConfiguration.java:1740)
	at org.gradle.api.internal.artifacts.configurations.ResolutionHost.rethrowFailuresAndReportProblems(ResolutionHost.java:75)
	at org.gradle.api.internal.artifacts.configurations.ResolutionBackedFileCollection.maybeThrowResolutionFailures(ResolutionBackedFileCollection.java:86)
	at org.gradle.api.internal.artifacts.configurations.ResolutionBackedFileCollection.visitContents(ResolutionBackedFileCollection.java:76)
	at org.gradle.api.internal.file.AbstractFileCollection.visitStructure(AbstractFileCollection.java:361)
	at org.gradle.api.internal.artifacts.configurations.DefaultConfiguration.visitContents(DefaultConfiguration.java:490)
	at org.gradle.api.internal.file.AbstractFileCollection.visitStructure(AbstractFileCollection.java:361)
	at org.gradle.api.internal.file.collections.DefaultConfigurableFileCollection.lambda$calculateFinalizedValue$1(DefaultConfigurableFileCollection.java:423)
	at org.gradle.api.internal.file.collections.UnpackingVisitor.add(UnpackingVisitor.java:66)
	at org.gradle.api.internal.file.collections.DefaultConfigurableFileCollection$UnresolvedItemsCollector.visitContents(DefaultConfigurableFileCollection.java:635)
	at org.gradle.api.internal.file.collections.DefaultConfigurableFileCollection.calculateFinalizedValue(DefaultConfigurableFileCollection.java:423)
	at org.gradle.api.internal.file.collections.DefaultConfigurableFileCollection.finalizeNow(DefaultConfigurableFileCollection.java:125)
	at org.gradle.api.internal.file.collections.DefaultConfigurableFileCollection.lambda$visitChildren$2(DefaultConfigurableFileCollection.java:447)
	at org.gradle.api.internal.provider.ValueState.finalizeOnReadIfNeeded(ValueState.java:142)
	at org.gradle.api.internal.file.collections.DefaultConfigurableFileCollection.visitChildren(DefaultConfigurableFileCollection.java:447)
	at org.gradle.api.internal.file.CompositeFileCollection.visitContents(CompositeFileCollection.java:112)
	at org.gradle.api.internal.file.AbstractFileCollection.visitStructure(AbstractFileCollection.java:361)
	at org.gradle.api.internal.file.CompositeFileCollection.lambda$visitContents$0(CompositeFileCollection.java:112)
	at org.gradle.api.internal.file.collections.UnpackingVisitor.add(UnpackingVisitor.java:66)
	at org.gradle.api.internal.file.collections.UnpackingVisitor.add(UnpackingVisitor.java:91)
	at org.gradle.api.internal.file.DefaultFileCollectionFactory$ResolvingFileCollection.visitChildren(DefaultFileCollectionFactory.java:311)
	at org.gradle.api.internal.file.CompositeFileCollection.visitContents(CompositeFileCollection.java:112)
	at org.gradle.api.internal.file.AbstractFileCollection.visitStructure(AbstractFileCollection.java:361)
	at org.gradle.api.internal.file.CompositeFileCollection.lambda$visitContents$0(CompositeFileCollection.java:112)
	at org.gradle.api.internal.tasks.PropertyFileCollection.visitChildren(PropertyFileCollection.java:48)
	at org.gradle.api.internal.file.CompositeFileCollection.visitContents(CompositeFileCollection.java:112)
	at org.gradle.api.internal.file.AbstractFileCollection.visitStructure(AbstractFileCollection.java:361)
	at org.gradle.internal.fingerprint.impl.DefaultFileCollectionSnapshotter.snapshot(DefaultFileCollectionSnapshotter.java:48)
	at org.gradle.internal.execution.impl.DefaultInputFingerprinter$InputCollectingVisitor.visitInputFileProperty(DefaultInputFingerprinter.java:151)
	at org.gradle.api.internal.tasks.execution.TaskExecution.visitMutableInputs(TaskExecution.java:340)
	at org.gradle.internal.execution.impl.DefaultInputFingerprinter.fingerprintInputProperties(DefaultInputFingerprinter.java:77)
	at org.gradle.internal.execution.steps.AbstractCaptureStateBeforeExecutionStep.captureExecutionStateWithOutputs(AbstractCaptureStateBeforeExecutionStep.java:123)
	at org.gradle.internal.execution.steps.AbstractCaptureStateBeforeExecutionStep.lambda$captureExecutionState$0(AbstractCaptureStateBeforeExecutionStep.java:88)
	at org.gradle.internal.execution.steps.BuildOperationStep$1.call(BuildOperationStep.java:38)
	at org.gradle.internal.operations.DefaultBuildOperationRunner$CallableBuildOperationWorker.execute(DefaultBuildOperationRunner.java:209)
	at org.gradle.internal.operations.DefaultBuildOperationRunner$CallableBuildOperationWorker.execute(DefaultBuildOperationRunner.java:204)
	at org.gradle.internal.operations.DefaultBuildOperationRunner$2.execute(DefaultBuildOperationRunner.java:66)
	at org.gradle.internal.operations.DefaultBuildOperationRunner$2.execute(DefaultBuildOperationRunner.java:59)
	at org.gradle.internal.operations.DefaultBuildOperationRunner.execute(DefaultBuildOperationRunner.java:166)
	at org.gradle.internal.operations.DefaultBuildOperationRunner.execute(DefaultBuildOperationRunner.java:59)
	at org.gradle.internal.operations.DefaultBuildOperationRunner.call(DefaultBuildOperationRunner.java:53)
	at org.gradle.internal.execution.steps.BuildOperationStep.operation(BuildOperationStep.java:35)
	at org.gradle.internal.execution.steps.AbstractCaptureStateBeforeExecutionStep.captureExecutionState(AbstractCaptureStateBeforeExecutionStep.java:83)
	at org.gradle.internal.execution.steps.AbstractCaptureStateBeforeExecutionStep.execute(AbstractCaptureStateBeforeExecutionStep.java:66)
	at org.gradle.internal.execution.steps.AbstractCaptureStateBeforeExecutionStep.execute(AbstractCaptureStateBeforeExecutionStep.java:46)
	at org.gradle.internal.execution.steps.AbstractSkipEmptyWorkStep.executeWithNonEmptySources(AbstractSkipEmptyWorkStep.java:133)
	at org.gradle.internal.execution.steps.AbstractSkipEmptyWorkStep.execute(AbstractSkipEmptyWorkStep.java:64)
	at org.gradle.internal.execution.steps.AbstractSkipEmptyWorkStep.execute(AbstractSkipEmptyWorkStep.java:36)
	at org.gradle.internal.execution.steps.legacy.MarkSnapshottingInputsStartedStep.execute(MarkSnapshottingInputsStartedStep.java:38)
	at org.gradle.internal.execution.steps.LoadPreviousExecutionStateStep.execute(LoadPreviousExecutionStateStep.java:36)
	at org.gradle.internal.execution.steps.LoadPreviousExecutionStateStep.execute(LoadPreviousExecutionStateStep.java:23)
	at org.gradle.internal.execution.steps.HandleStaleOutputsStep.executeMutable(HandleStaleOutputsStep.java:77)
	at org.gradle.internal.execution.steps.HandleStaleOutputsStep.executeMutable(HandleStaleOutputsStep.java:43)
	at org.gradle.internal.execution.steps.MutableStep.execute(MutableStep.java:25)
	at org.gradle.internal.execution.steps.AssignMutableWorkspaceStep.lambda$execute$0(AssignMutableWorkspaceStep.java:35)
	at org.gradle.api.internal.tasks.execution.TaskExecution$4.withWorkspace(TaskExecution.java:305)
	at org.gradle.internal.execution.steps.AssignMutableWorkspaceStep.execute(AssignMutableWorkspaceStep.java:31)
	at org.gradle.internal.execution.steps.AssignMutableWorkspaceStep.execute(AssignMutableWorkspaceStep.java:22)
	at org.gradle.internal.execution.steps.ChoosePipelineStep.execute(ChoosePipelineStep.java:40)
	at org.gradle.internal.execution.steps.ChoosePipelineStep.execute(ChoosePipelineStep.java:23)
	at org.gradle.internal.execution.steps.ExecuteWorkBuildOperationFiringStep.lambda$execute$2(ExecuteWorkBuildOperationFiringStep.java:67)
	at org.gradle.internal.execution.steps.ExecuteWorkBuildOperationFiringStep.execute(ExecuteWorkBuildOperationFiringStep.java:67)
	at org.gradle.internal.execution.steps.ExecuteWorkBuildOperationFiringStep.execute(ExecuteWorkBuildOperationFiringStep.java:39)
	at org.gradle.internal.execution.steps.IdentityCacheStep.execute(IdentityCacheStep.java:46)
	at org.gradle.internal.execution.steps.IdentityCacheStep.execute(IdentityCacheStep.java:34)
	at org.gradle.internal.execution.steps.IdentifyStep.execute(IdentifyStep.java:44)
	at org.gradle.internal.execution.steps.IdentifyStep.execute(IdentifyStep.java:31)
	at org.gradle.internal.execution.impl.DefaultExecutionEngine$1.execute(DefaultExecutionEngine.java:68)
	at org.gradle.api.internal.tasks.execution.ExecuteActionsTaskExecuter.executeIfValid(ExecuteActionsTaskExecuter.java:132)
	at org.gradle.api.internal.tasks.execution.ExecuteActionsTaskExecuter.execute(ExecuteActionsTaskExecuter.java:121)
	at org.gradle.api.internal.tasks.execution.ProblemsTaskPathTrackingTaskExecuter.execute(ProblemsTaskPathTrackingTaskExecuter.java:41)
	at org.gradle.api.internal.tasks.execution.FinalizePropertiesTaskExecuter.execute(FinalizePropertiesTaskExecuter.java:46)
	at org.gradle.api.internal.tasks.execution.ResolveTaskExecutionModeExecuter.execute(ResolveTaskExecutionModeExecuter.java:51)
	at org.gradle.api.internal.tasks.execution.SkipTaskWithNoActionsExecuter.execute(SkipTaskWithNoActionsExecuter.java:57)
	at org.gradle.api.internal.tasks.execution.SkipOnlyIfTaskExecuter.execute(SkipOnlyIfTaskExecuter.java:74)
	at org.gradle.api.internal.tasks.execution.CatchExceptionTaskExecuter.execute(CatchExceptionTaskExecuter.java:36)
	... 54 more
Caused by: org.gradle.internal.resolve.ArtifactResolveException: Could not download symbol-processing-aa-embeddable-2.1.20-2.0.1.jar (com.google.devtools.ksp:symbol-processing-aa-embeddable:2.1.20-2.0.1)
	at org.gradle.api.internal.artifacts.repositories.resolver.ExternalResourceResolver$RemoteRepositoryAccess.resolveArtifact(ExternalResourceResolver.java:499)
	at org.gradle.api.internal.artifacts.ivyservice.ivyresolve.CachingModuleComponentRepository$ResolveAndCacheRepositoryAccess.resolveArtifact(CachingModuleComponentRepository.java:470)
	at org.gradle.api.internal.artifacts.ivyservice.ivyresolve.ErrorHandlingModuleComponentRepository$ErrorHandlingModuleComponentRepositoryAccess.lambda$resolveArtifact$12(ErrorHandlingModuleComponentRepository.java:180)
	at org.gradle.api.internal.artifacts.ivyservice.ivyresolve.ErrorHandlingModuleComponentRepository$ErrorHandlingModuleComponentRepositoryAccess.tryResolveAndMaybeDisable(ErrorHandlingModuleComponentRepository.java:251)
	at org.gradle.api.internal.artifacts.ivyservice.ivyresolve.ErrorHandlingModuleComponentRepository$ErrorHandlingModuleComponentRepositoryAccess.performOperationWithRetries(ErrorHandlingModuleComponentRepository.java:204)
	at org.gradle.api.internal.artifacts.ivyservice.ivyresolve.ErrorHandlingModuleComponentRepository$ErrorHandlingModuleComponentRepositoryAccess.resolveArtifact(ErrorHandlingModuleComponentRepository.java:178)
	at org.gradle.api.internal.artifacts.ivyservice.ivyresolve.RepositoryChainArtifactResolver.resolveArtifactLater(RepositoryChainArtifactResolver.java:75)
	at org.gradle.api.internal.artifacts.ivyservice.ivyresolve.RepositoryChainArtifactResolver.lambda$resolveArtifact$0(RepositoryChainArtifactResolver.java:63)
	at org.gradle.internal.model.CalculatedValueContainerFactory$SupplierBackedCalculator.calculateValue(CalculatedValueContainerFactory.java:69)
	at org.gradle.internal.model.CalculatedValueContainer$CalculationState.lambda$attachValue$0(CalculatedValueContainer.java:227)
	at org.gradle.internal.Try.ofFailable(Try.java:46)
	at org.gradle.internal.model.CalculatedValueContainer$CalculationState.attachValue(CalculatedValueContainer.java:222)
	at org.gradle.internal.model.CalculatedValueContainer.finalizeIfNotAlready(CalculatedValueContainer.java:195)
	at org.gradle.internal.model.CalculatedValueContainer.finalizeIfNotAlready(CalculatedValueContainer.java:186)
	at org.gradle.api.internal.artifacts.ivyservice.resolveengine.artifact.ArtifactBackedResolvedVariant$DownloadArtifactFile.run(ArtifactBackedResolvedVariant.java:208)
	at org.gradle.internal.operations.DefaultBuildOperationRunner$2.execute(DefaultBuildOperationRunner.java:66)
	at org.gradle.internal.operations.DefaultBuildOperationRunner$2.execute(DefaultBuildOperationRunner.java:59)
	at org.gradle.internal.operations.DefaultBuildOperationRunner.execute(DefaultBuildOperationRunner.java:166)
	at org.gradle.internal.operations.DefaultBuildOperationRunner.execute(DefaultBuildOperationRunner.java:59)
	at org.gradle.internal.operations.DefaultBuildOperationExecutor.lambda$executeInParallel$0(DefaultBuildOperationExecutor.java:102)
	at org.gradle.internal.operations.DefaultBuildOperationQueue$WorkerRunnable.runOperation(DefaultBuildOperationQueue.java:292)
	at org.gradle.internal.operations.DefaultBuildOperationQueue$WorkerRunnable.doRunBatch(DefaultBuildOperationQueue.java:273)
	at org.gradle.internal.operations.DefaultBuildOperationQueue$WorkerRunnable.lambda$runBatch$0(DefaultBuildOperationQueue.java:258)
	at org.gradle.internal.resources.AbstractResourceLockRegistry.whileDisallowingLockChanges(AbstractResourceLockRegistry.java:50)
	at org.gradle.internal.work.DefaultWorkerLeaseService.whileDisallowingProjectLockChanges(DefaultWorkerLeaseService.java:233)
	at org.gradle.internal.operations.DefaultBuildOperationQueue$WorkerRunnable.lambda$runBatch$1(DefaultBuildOperationQueue.java:258)
	at org.gradle.internal.work.DefaultWorkerLeaseService.runAsWorkerThread(DefaultWorkerLeaseService.java:125)
	at org.gradle.internal.operations.DefaultBuildOperationQueue$WorkerRunnable.runBatch(DefaultBuildOperationQueue.java:244)
	at org.gradle.internal.operations.DefaultBuildOperationQueue$WorkerRunnable.runOperations(DefaultBuildOperationQueue.java:212)
	at org.gradle.internal.operations.CurrentBuildOperationRef.with(CurrentBuildOperationRef.java:84)
	at org.gradle.internal.operations.DefaultBuildOperationQueue$WorkerRunnable.run(DefaultBuildOperationQueue.java:205)
	at org.gradle.internal.operations.DefaultBuildOperationQueue.waitForCompletion(DefaultBuildOperationQueue.java:114)
	at org.gradle.internal.operations.DefaultBuildOperationExecutor.executeInParallel(DefaultBuildOperationExecutor.java:115)
	at org.gradle.internal.operations.DefaultBuildOperationExecutor.runAll(DefaultBuildOperationExecutor.java:64)
	at org.gradle.api.internal.artifacts.ivyservice.resolveengine.artifact.ParallelResolveArtifactSet$VisitingSet.visit(ParallelResolveArtifactSet.java:66)
	at org.gradle.api.internal.artifacts.ivyservice.resolveengine.artifact.ResolvedArtifactSetResolver$1.run(ResolvedArtifactSetResolver.java:68)
	at org.gradle.internal.operations.DefaultBuildOperationRunner$1.execute(DefaultBuildOperationRunner.java:29)
	at org.gradle.internal.operations.DefaultBuildOperationRunner$1.execute(DefaultBuildOperationRunner.java:26)
	at org.gradle.internal.operations.DefaultBuildOperationRunner$2.execute(DefaultBuildOperationRunner.java:66)
	at org.gradle.internal.operations.DefaultBuildOperationRunner$2.execute(DefaultBuildOperationRunner.java:59)
	at org.gradle.internal.operations.DefaultBuildOperationRunner.execute(DefaultBuildOperationRunner.java:166)
	at org.gradle.internal.operations.DefaultBuildOperationRunner.execute(DefaultBuildOperationRunner.java:59)
	at org.gradle.internal.operations.DefaultBuildOperationRunner.run(DefaultBuildOperationRunner.java:47)
	at org.gradle.api.internal.artifacts.ivyservice.resolveengine.artifact.ResolvedArtifactSetResolver.visitArtifacts(ResolvedArtifactSetResolver.java:65)
	at org.gradle.api.internal.artifacts.ivyservice.resolveengine.artifact.ResolvedArtifactSetResolver.lambda$visitInUnmanagedWorkerThread$0(ResolvedArtifactSetResolver.java:61)
	at org.gradle.internal.work.DefaultWorkerLeaseService.runAsUnmanagedWorkerThread(DefaultWorkerLeaseService.java:139)
	at org.gradle.api.internal.artifacts.ivyservice.resolveengine.artifact.ResolvedArtifactSetResolver.visitInUnmanagedWorkerThread(ResolvedArtifactSetResolver.java:61)
	at org.gradle.api.internal.artifacts.ivyservice.resolveengine.artifact.DefaultSelectedArtifactSet.visitArtifacts(DefaultSelectedArtifactSet.java:59)
	at org.gradle.api.internal.artifacts.configurations.ResolutionResultProviderBackedSelectedArtifactSet.visitArtifacts(ResolutionResultProviderBackedSelectedArtifactSet.java:52)
	at org.gradle.api.internal.artifacts.ivyservice.resolveengine.artifact.SelectedArtifactSet.visitFiles(SelectedArtifactSet.java:34)
	at org.gradle.api.internal.artifacts.configurations.ResolutionBackedFileCollection.visitContents(ResolutionBackedFileCollection.java:75)
	... 126 more
Caused by: org.gradle.api.resources.ResourceException: Could not get resource 'https://maven.myket.ir/com/google/devtools/ksp/symbol-processing-aa-embeddable/2.1.20-2.0.1/symbol-processing-aa-embeddable-2.1.20-2.0.1.jar'.
	at org.gradle.internal.resource.ResourceExceptions.failure(ResourceExceptions.java:74)
	at org.gradle.internal.resource.ResourceExceptions.getFailed(ResourceExceptions.java:57)
	at org.gradle.api.internal.artifacts.repositories.resolver.DefaultExternalResourceArtifactResolver.downloadByCoords(DefaultExternalResourceArtifactResolver.java:154)
	at org.gradle.api.internal.artifacts.repositories.resolver.DefaultExternalResourceArtifactResolver.downloadStaticResource(DefaultExternalResourceArtifactResolver.java:94)
	at org.gradle.api.internal.artifacts.repositories.resolver.DefaultExternalResourceArtifactResolver.resolveArtifact(DefaultExternalResourceArtifactResolver.java:62)
	at org.gradle.api.internal.artifacts.repositories.resolver.ExternalResourceResolver$RemoteRepositoryAccess.resolveArtifact(ExternalResourceResolver.java:492)
	... 176 more
Caused by: org.gradle.internal.resource.transport.http.HttpRequestException: Could not GET 'https://maven.myket.ir/com/google/devtools/ksp/symbol-processing-aa-embeddable/2.1.20-2.0.1/symbol-processing-aa-embeddable-2.1.20-2.0.1.jar'.
	at org.gradle.internal.resource.transport.http.HttpClientHelper.createHttpRequestException(HttpClientHelper.java:123)
	at org.gradle.internal.resource.transport.http.HttpClientHelper.performRequest(HttpClientHelper.java:117)
	at org.gradle.internal.resource.transport.http.HttpClientHelper.performRawGet(HttpClientHelper.java:99)
	at org.gradle.internal.resource.transport.http.HttpClientHelper.performGet(HttpClientHelper.java:104)
	at org.gradle.internal.resource.transport.http.HttpResourceAccessor.openResource(HttpResourceAccessor.java:45)
	at org.gradle.internal.resource.transport.http.HttpResourceAccessor.openResource(HttpResourceAccessor.java:30)
	at org.gradle.internal.resource.transfer.AbstractExternalResourceAccessor.withContent(AbstractExternalResourceAccessor.java:32)
	at org.gradle.internal.resource.transfer.DefaultExternalResourceConnector.withContent(DefaultExternalResourceConnector.java:59)
	at org.gradle.internal.resource.transfer.ProgressLoggingExternalResourceAccessor$DownloadOperation.call(ProgressLoggingExternalResourceAccessor.java:136)
	at org.gradle.internal.operations.DefaultBuildOperationRunner$CallableBuildOperationWorker.execute(DefaultBuildOperationRunner.java:209)
	at org.gradle.internal.operations.DefaultBuildOperationRunner$CallableBuildOperationWorker.execute(DefaultBuildOperationRunner.java:204)
	at org.gradle.internal.operations.DefaultBuildOperationRunner$2.execute(DefaultBuildOperationRunner.java:66)
	at org.gradle.internal.operations.DefaultBuildOperationRunner$2.execute(DefaultBuildOperationRunner.java:59)
	at org.gradle.internal.operations.DefaultBuildOperationRunner.execute(DefaultBuildOperationRunner.java:166)
	at org.gradle.internal.operations.DefaultBuildOperationRunner.execute(DefaultBuildOperationRunner.java:59)
	at org.gradle.internal.operations.DefaultBuildOperationRunner.call(DefaultBuildOperationRunner.java:53)
	at org.gradle.internal.resource.transfer.ProgressLoggingExternalResourceAccessor.withContent(ProgressLoggingExternalResourceAccessor.java:49)
	at org.gradle.internal.resource.transfer.AccessorBackedExternalResource.withContentIfPresent(AccessorBackedExternalResource.java:103)
	at org.gradle.internal.resource.transfer.DefaultCacheAwareExternalResourceAccessor.copyToCache(DefaultCacheAwareExternalResourceAccessor.java:188)
	at org.gradle.internal.resource.transfer.DefaultCacheAwareExternalResourceAccessor.lambda$getResource$1(DefaultCacheAwareExternalResourceAccessor.java:86)
	at org.gradle.cache.internal.ProducerGuard$AdaptiveProducerGuard.guardByKey(ProducerGuard.java:97)
	at org.gradle.internal.resource.transfer.DefaultCacheAwareExternalResourceAccessor.getResource(DefaultCacheAwareExternalResourceAccessor.java:80)
	at org.gradle.api.internal.artifacts.repositories.resolver.DefaultExternalResourceArtifactResolver.downloadByCoords(DefaultExternalResourceArtifactResolver.java:149)
	... 179 more
Caused by: org.gradle.internal.resource.transport.http.HttpRequestException: Got socket exception during request. It might be caused by SSL misconfiguration
	at org.gradle.internal.resource.transport.http.HttpClientHelper.wrapWithExplanation(HttpClientHelper.java:128)
	... 201 more
Caused by: java.net.SocketException: Network is unreachable: getsockopt
	at org.apache.http.conn.ssl.SSLConnectionSocketFactory.connectSocket(SSLConnectionSocketFactory.java:368)
	at org.apache.http.impl.conn.DefaultHttpClientConnectionOperator.connect(DefaultHttpClientConnectionOperator.java:142)
	at org.apache.http.impl.conn.PoolingHttpClientConnectionManager.connect(PoolingHttpClientConnectionManager.java:376)
	at org.apache.http.impl.execchain.MainClientExec.establishRoute(MainClientExec.java:393)
	at org.apache.http.impl.execchain.MainClientExec.execute(MainClientExec.java:236)
	at org.apache.http.impl.execchain.ProtocolExec.execute(ProtocolExec.java:186)
	at org.apache.http.impl.execchain.RetryExec.execute(RetryExec.java:89)
	at org.apache.http.impl.execchain.RedirectExec.execute(RedirectExec.java:110)
	at org.apache.http.impl.client.InternalHttpClient.doExecute(InternalHttpClient.java:185)
	at org.apache.http.impl.client.CloseableHttpClient.execute(CloseableHttpClient.java:83)
	at org.gradle.internal.resource.transport.http.HttpClientHelper.performHttpRequest(HttpClientHelper.java:200)
	at org.gradle.internal.resource.transport.http.HttpClientHelper.performHttpRequest(HttpClientHelper.java:176)
	at org.gradle.internal.resource.transport.http.HttpClientHelper.executeGetOrHead(HttpClientHelper.java:165)
	at org.gradle.internal.resource.transport.http.HttpClientHelper.performRequest(HttpClientHelper.java:113)
	... 200 more

==============================================================================

2: Task failed with an exception.
-----------
* What went wrong:
Execution failed for task ':app:mergeReleaseNativeLibs'.
> Could not resolve all files for configuration ':app:releaseRuntimeClasspath'.
   > Failed to transform media3-session-1.9.0.aar (androidx.media3:media3-session:1.9.0) to match attributes {artifactType=android-jni, org.gradle.category=library, org.gradle.dependency.bundling=external, org.gradle.libraryelements=aar, org.gradle.status=release, org.gradle.usage=java-runtime}.
      > Could not download media3-session-1.9.0.aar (androidx.media3:media3-session:1.9.0)
         > Could not get resource 'https://maven.myket.ir/androidx/media3/media3-session/1.9.0/media3-session-1.9.0.aar'.
            > Could not GET 'https://maven.myket.ir/androidx/media3/media3-session/1.9.0/media3-session-1.9.0.aar'.
               > Got socket exception during request. It might be caused by SSL misconfiguration
                  > Network is unreachable: getsockopt
   > Failed to transform media3-ui-1.9.0.aar (androidx.media3:media3-ui:1.9.0) to match attributes {artifactType=android-jni, org.gradle.category=library, org.gradle.dependency.bundling=external, org.gradle.libraryelements=aar, org.gradle.status=release, org.gradle.usage=java-runtime}.
      > Could not download media3-ui-1.9.0.aar (androidx.media3:media3-ui:1.9.0)
         > Could not get resource 'https://maven.myket.ir/androidx/media3/media3-ui/1.9.0/media3-ui-1.9.0.aar'.
            > Could not GET 'https://maven.myket.ir/androidx/media3/media3-ui/1.9.0/media3-ui-1.9.0.aar'.
               > Got socket exception during request. It might be caused by SSL misconfiguration
                  > Network is unreachable: getsockopt
   > Failed to transform media3-exoplayer-dash-1.9.0.aar (androidx.media3:media3-exoplayer-dash:1.9.0) to match attributes {artifactType=android-jni, org.gradle.category=library, org.gradle.dependency.bundling=external, org.gradle.libraryelements=aar, org.gradle.status=release, org.gradle.usage=java-runtime}.
      > Could not download media3-exoplayer-dash-1.9.0.aar (androidx.media3:media3-exoplayer-dash:1.9.0)
         > Could not get resource 'https://maven.myket.ir/androidx/media3/media3-exoplayer-dash/1.9.0/media3-exoplayer-dash-1.9.0.aar'.
            > Could not GET 'https://maven.myket.ir/androidx/media3/media3-exoplayer-dash/1.9.0/media3-exoplayer-dash-1.9.0.aar'.
               > Got socket exception during request. It might be caused by SSL misconfiguration
                  > Network is unreachable: getsockopt
   > Failed to transform media3-exoplayer-hls-1.9.0.aar (androidx.media3:media3-exoplayer-hls:1.9.0) to match attributes {artifactType=android-jni, org.gradle.category=library, org.gradle.dependency.bundling=external, org.gradle.libraryelements=aar, org.gradle.status=release, org.gradle.usage=java-runtime}.
      > Could not download media3-exoplayer-hls-1.9.0.aar (androidx.media3:media3-exoplayer-hls:1.9.0)
         > Could not get resource 'https://maven.myket.ir/androidx/media3/media3-exoplayer-hls/1.9.0/media3-exoplayer-hls-1.9.0.aar'.
            > Could not GET 'https://maven.myket.ir/androidx/media3/media3-exoplayer-hls/1.9.0/media3-exoplayer-hls-1.9.0.aar'.
               > maven.myket.ir
   > Failed to transform media3-exoplayer-smoothstreaming-1.9.0.aar (androidx.media3:media3-exoplayer-smoothstreaming:1.9.0) to match attributes {artifactType=android-jni, org.gradle.category=library, org.gradle.dependency.bundling=external, org.gradle.libraryelements=aar, org.gradle.status=release, org.gradle.usage=java-runtime}.
      > Could not download media3-exoplayer-smoothstreaming-1.9.0.aar (androidx.media3:media3-exoplayer-smoothstreaming:1.9.0)
         > Could not get resource 'https://maven.myket.ir/androidx/media3/media3-exoplayer-smoothstreaming/1.9.0/media3-exoplayer-smoothstreaming-1.9.0.aar'.
            > Could not GET 'https://maven.myket.ir/androidx/media3/media3-exoplayer-smoothstreaming/1.9.0/media3-exoplayer-smoothstreaming-1.9.0.aar'.
               > No such host is known (maven.myket.ir)
   > Failed to transform media3-exoplayer-1.9.0.aar (androidx.media3:media3-exoplayer:1.9.0) to match attributes {artifactType=android-jni, org.gradle.category=library, org.gradle.dependency.bundling=external, org.gradle.libraryelements=aar, org.gradle.status=release, org.gradle.usage=java-runtime}.
      > Could not download media3-exoplayer-1.9.0.aar (androidx.media3:media3-exoplayer:1.9.0)
         > Could not get resource 'https://maven.myket.ir/androidx/media3/media3-exoplayer/1.9.0/media3-exoplayer-1.9.0.aar'.
            > Could not GET 'https://maven.myket.ir/androidx/media3/media3-exoplayer/1.9.0/media3-exoplayer-1.9.0.aar'.
               > maven.myket.ir
   > Failed to transform media3-datasource-okhttp-1.9.0.aar (androidx.media3:media3-datasource-okhttp:1.9.0) to match attributes {artifactType=android-jni, org.gradle.category=library, org.gradle.dependency.bundling=external, org.gradle.libraryelements=aar, org.gradle.status=release, org.gradle.usage=java-runtime}.
      > Could not download media3-datasource-okhttp-1.9.0.aar (androidx.media3:media3-datasource-okhttp:1.9.0)
         > Could not get resource 'https://maven.myket.ir/androidx/media3/media3-datasource-okhttp/1.9.0/media3-datasource-okhttp-1.9.0.aar'.
            > Could not GET 'https://maven.myket.ir/androidx/media3/media3-datasource-okhttp/1.9.0/media3-datasource-okhttp-1.9.0.aar'.
               > maven.myket.ir
   > Failed to transform media3-datasource-1.9.0.aar (androidx.media3:media3-datasource:1.9.0) to match attributes {artifactType=android-jni, org.gradle.category=library, org.gradle.dependency.bundling=external, org.gradle.libraryelements=aar, org.gradle.status=release, org.gradle.usage=java-runtime}.
      > Could not download media3-datasource-1.9.0.aar (androidx.media3:media3-datasource:1.9.0)
         > Could not get resource 'https://maven.myket.ir/androidx/media3/media3-datasource/1.9.0/media3-datasource-1.9.0.aar'.
            > Could not GET 'https://maven.myket.ir/androidx/media3/media3-datasource/1.9.0/media3-datasource-1.9.0.aar'.
               > maven.myket.ir
   > Failed to transform media3-extractor-1.9.0.aar (androidx.media3:media3-extractor:1.9.0) to match attributes {artifactType=android-jni, org.gradle.category=library, org.gradle.dependency.bundling=external, org.gradle.libraryelements=aar, org.gradle.status=release, org.gradle.usage=java-runtime}.
      > Could not download media3-extractor-1.9.0.aar (androidx.media3:media3-extractor:1.9.0)
         > Could not get resource 'https://maven.myket.ir/androidx/media3/media3-extractor/1.9.0/media3-extractor-1.9.0.aar'.
            > Could not GET 'https://maven.myket.ir/androidx/media3/media3-extractor/1.9.0/media3-extractor-1.9.0.aar'.
               > maven.myket.ir
   > Failed to transform media3-decoder-1.9.0.aar (androidx.media3:media3-decoder:1.9.0) to match attributes {artifactType=android-jni, org.gradle.category=library, org.gradle.dependency.bundling=external, org.gradle.libraryelements=aar, org.gradle.status=release, org.gradle.usage=java-runtime}.
      > Could not download media3-decoder-1.9.0.aar (androidx.media3:media3-decoder:1.9.0)
         > Could not get resource 'https://maven.myket.ir/androidx/media3/media3-decoder/1.9.0/media3-decoder-1.9.0.aar'.
            > Could not GET 'https://maven.myket.ir/androidx/media3/media3-decoder/1.9.0/media3-decoder-1.9.0.aar'.
               > maven.myket.ir
   > Failed to transform media3-database-1.9.0.aar (androidx.media3:media3-database:1.9.0) to match attributes {artifactType=android-jni, org.gradle.category=library, org.gradle.dependency.bundling=external, org.gradle.libraryelements=aar, org.gradle.status=release, org.gradle.usage=java-runtime}.
      > Could not download media3-database-1.9.0.aar (androidx.media3:media3-database:1.9.0)
         > Could not get resource 'https://maven.myket.ir/androidx/media3/media3-database/1.9.0/media3-database-1.9.0.aar'.
            > Could not GET 'https://maven.myket.ir/androidx/media3/media3-database/1.9.0/media3-database-1.9.0.aar'.
               > maven.myket.ir
   > Failed to transform room-common-2.6.1.jar (androidx.room:room-common:2.6.1) to match attributes {artifactType=android-jni, org.gradle.category=library, org.gradle.dependency.bundling=external, org.gradle.jvm.environment=standard-jvm, org.gradle.jvm.version=8, org.gradle.libraryelements=jar, org.gradle.status=release, org.gradle.usage=java-runtime, org.jetbrains.kotlin.platform.type=jvm}.
      > Could not download room-common-2.6.1.jar (androidx.room:room-common:2.6.1)
         > Could not get resource 'https://maven.myket.ir/androidx/room/room-common/2.6.1/room-common-2.6.1.jar'.
            > Could not GET 'https://maven.myket.ir/androidx/room/room-common/2.6.1/room-common-2.6.1.jar'.
               > maven.myket.ir
   > Failed to transform core-splashscreen-1.2.0.aar (androidx.core:core-splashscreen:1.2.0) to match attributes {artifactType=android-jni, org.gradle.category=library, org.gradle.dependency.bundling=external, org.gradle.libraryelements=aar, org.gradle.status=release, org.gradle.usage=java-runtime}.
      > Could not download core-splashscreen-1.2.0.aar (androidx.core:core-splashscreen:1.2.0)
         > Could not get resource 'https://maven.myket.ir/androidx/core/core-splashscreen/1.2.0/core-splashscreen-1.2.0.aar'.
            > Could not GET 'https://maven.myket.ir/androidx/core/core-splashscreen/1.2.0/core-splashscreen-1.2.0.aar'.
               > maven.myket.ir
   > Failed to transform media-1.7.0.aar (androidx.media:media:1.7.0) to match attributes {artifactType=android-jni, org.gradle.category=library, org.gradle.dependency.bundling=external, org.gradle.libraryelements=aar, org.gradle.status=release, org.gradle.usage=java-runtime}.
      > Could not download media-1.7.0.aar (androidx.media:media:1.7.0)
         > Could not get resource 'https://maven.myket.ir/androidx/media/media/1.7.0/media-1.7.0.aar'.
            > Could not GET 'https://maven.myket.ir/androidx/media/media/1.7.0/media-1.7.0.aar'.
               > maven.myket.ir
   > Failed to transform recyclerview-1.3.0.aar (androidx.recyclerview:recyclerview:1.3.0) to match attributes {artifactType=android-jni, org.gradle.category=library, org.gradle.dependency.bundling=external, org.gradle.libraryelements=aar, org.gradle.status=release, org.gradle.usage=java-runtime}.
      > Could not download recyclerview-1.3.0.aar (androidx.recyclerview:recyclerview:1.3.0)
         > Could not get resource 'https://maven.myket.ir/androidx/recyclerview/recyclerview/1.3.0/recyclerview-1.3.0.aar'.
            > Could not GET 'https://maven.myket.ir/androidx/recyclerview/recyclerview/1.3.0/recyclerview-1.3.0.aar'.
               > maven.myket.ir
   > Failed to transform recyclerview-1.3.0.aar (androidx.recyclerview:recyclerview:1.3.0) to match attributes {artifactType=android-jni, org.gradle.category=library, org.gradle.status=release}.
      > Could not download recyclerview-1.3.0.aar (androidx.recyclerview:recyclerview:1.3.0)
         > Could not get resource 'https://maven.myket.ir/androidx/recyclerview/recyclerview/1.3.0/recyclerview-1.3.0.aar'.
            > Could not GET 'https://maven.myket.ir/androidx/recyclerview/recyclerview/1.3.0/recyclerview-1.3.0.aar'.
               > maven.myket.ir
   > Failed to transform customview-poolingcontainer-1.0.0.aar (androidx.customview:customview-poolingcontainer:1.0.0) to match attributes {artifactType=android-jni, org.gradle.category=library, org.gradle.dependency.bundling=external, org.gradle.libraryelements=aar, org.gradle.status=release, org.gradle.usage=java-runtime}.
      > Could not download customview-poolingcontainer-1.0.0.aar (androidx.customview:customview-poolingcontainer:1.0.0)
         > Could not get resource 'https://maven.myket.ir/androidx/customview/customview-poolingcontainer/1.0.0/customview-poolingcontainer-1.0.0.aar'.
            > Could not GET 'https://maven.myket.ir/androidx/customview/customview-poolingcontainer/1.0.0/customview-poolingcontainer-1.0.0.aar'.
               > maven.myket.ir

* Try:
> Run with --info or --debug option to get more log output.
> Run with --scan to get full insights from a Build Scan (powered by Develocity).
> Get more help at https://help.gradle.org.

* Exception is:
org.gradle.api.tasks.TaskExecutionException: Execution failed for task ':app:mergeReleaseNativeLibs'.
	at org.gradle.api.internal.tasks.execution.CatchExceptionTaskExecuter.execute(CatchExceptionTaskExecuter.java:38)
	at org.gradle.api.internal.tasks.execution.EventFiringTaskExecuter$1.executeTask(EventFiringTaskExecuter.java:77)
	at org.gradle.api.internal.tasks.execution.EventFiringTaskExecuter$1.call(EventFiringTaskExecuter.java:55)
	at org.gradle.api.internal.tasks.execution.EventFiringTaskExecuter$1.call(EventFiringTaskExecuter.java:52)
	at org.gradle.internal.operations.DefaultBuildOperationRunner$CallableBuildOperationWorker.execute(DefaultBuildOperationRunner.java:209)
	at org.gradle.internal.operations.DefaultBuildOperationRunner$CallableBuildOperationWorker.execute(DefaultBuildOperationRunner.java:204)
	at org.gradle.internal.operations.DefaultBuildOperationRunner$2.execute(DefaultBuildOperationRunner.java:66)
	at org.gradle.internal.operations.DefaultBuildOperationRunner$2.execute(DefaultBuildOperationRunner.java:59)
	at org.gradle.internal.operations.DefaultBuildOperationRunner.execute(DefaultBuildOperationRunner.java:166)
	at org.gradle.internal.operations.DefaultBuildOperationRunner.execute(DefaultBuildOperationRunner.java:59)
	at org.gradle.internal.operations.DefaultBuildOperationRunner.call(DefaultBuildOperationRunner.java:53)
	at org.gradle.api.internal.tasks.execution.EventFiringTaskExecuter.execute(EventFiringTaskExecuter.java:52)
	at org.gradle.execution.plan.DefaultNodeExecutor.executeLocalTaskNode(DefaultNodeExecutor.java:55)
	at org.gradle.execution.plan.DefaultNodeExecutor.execute(DefaultNodeExecutor.java:34)
	at org.gradle.execution.taskgraph.DefaultTaskExecutionGraph$InvokeNodeExecutorsAction.execute(DefaultTaskExecutionGraph.java:355)
	at org.gradle.execution.taskgraph.DefaultTaskExecutionGraph$InvokeNodeExecutorsAction.execute(DefaultTaskExecutionGraph.java:343)
	at org.gradle.execution.taskgraph.DefaultTaskExecutionGraph$BuildOperationAwareExecutionAction.lambda$execute$0(DefaultTaskExecutionGraph.java:339)
	at org.gradle.internal.operations.CurrentBuildOperationRef.with(CurrentBuildOperationRef.java:84)
	at org.gradle.execution.taskgraph.DefaultTaskExecutionGraph$BuildOperationAwareExecutionAction.execute(DefaultTaskExecutionGraph.java:339)
	at org.gradle.execution.taskgraph.DefaultTaskExecutionGraph$BuildOperationAwareExecutionAction.execute(DefaultTaskExecutionGraph.java:328)
	at org.gradle.execution.plan.DefaultPlanExecutor$ExecutorWorker.execute(DefaultPlanExecutor.java:459)
	at org.gradle.execution.plan.DefaultPlanExecutor$ExecutorWorker.run(DefaultPlanExecutor.java:376)
	at org.gradle.internal.concurrent.ExecutorPolicy$CatchAndRecordFailures.onExecute(ExecutorPolicy.java:64)
	at org.gradle.internal.concurrent.AbstractManagedExecutor$1.run(AbstractManagedExecutor.java:47)
	at java.base/java.util.concurrent.ThreadPoolExecutor.runWorker(ThreadPoolExecutor.java:1136)
	at java.base/java.util.concurrent.ThreadPoolExecutor$Worker.run(ThreadPoolExecutor.java:635)
	at java.base/java.lang.Thread.run(Thread.java:840)
Caused by: org.gradle.api.internal.artifacts.ivyservice.TypedResolveException: Could not resolve all files for configuration ':app:releaseRuntimeClasspath'.
	at org.gradle.api.internal.artifacts.ResolveExceptionMapper.mapFailures(ResolveExceptionMapper.java:61)
	at org.gradle.api.internal.artifacts.configurations.DefaultConfiguration$DefaultResolutionHost.consolidateFailures(DefaultConfiguration.java:1740)
	at org.gradle.api.internal.artifacts.configurations.ResolutionHost.rethrowFailuresAndReportProblems(ResolutionHost.java:75)
	at org.gradle.api.internal.artifacts.configurations.ResolutionBackedFileCollection.maybeThrowResolutionFailures(ResolutionBackedFileCollection.java:86)
	at org.gradle.api.internal.artifacts.configurations.ResolutionBackedFileCollection.visitContents(ResolutionBackedFileCollection.java:76)
	at org.gradle.api.internal.file.AbstractFileCollection.getFiles(AbstractFileCollection.java:124)
	at org.gradle.api.internal.file.AbstractFileCollection.iterator(AbstractFileCollection.java:165)
	at org.gradle.api.internal.file.FilteredFileCollection.iterator(FilteredFileCollection.java:80)
	at com.google.common.collect.ImmutableSet.copyOf(ImmutableSet.java:224)
	at org.gradle.api.internal.file.collections.DefaultConfigurableFileCollection$2.visitCollection(DefaultConfigurableFileCollection.java:426)
	at org.gradle.api.internal.file.AbstractFileCollection.visitContents(AbstractFileCollection.java:366)
	at org.gradle.api.internal.file.AbstractFileCollection.visitStructure(AbstractFileCollection.java:361)
	at org.gradle.api.internal.file.collections.DefaultConfigurableFileCollection.lambda$calculateFinalizedValue$1(DefaultConfigurableFileCollection.java:423)
	at org.gradle.api.internal.file.collections.UnpackingVisitor.add(UnpackingVisitor.java:66)
	at org.gradle.api.internal.file.collections.DefaultConfigurableFileCollection$UnresolvedItemsCollector.visitContents(DefaultConfigurableFileCollection.java:635)
	at org.gradle.api.internal.file.collections.DefaultConfigurableFileCollection.calculateFinalizedValue(DefaultConfigurableFileCollection.java:423)
	at org.gradle.api.internal.file.collections.DefaultConfigurableFileCollection.finalizeNow(DefaultConfigurableFileCollection.java:125)
	at org.gradle.api.internal.file.collections.DefaultConfigurableFileCollection.lambda$visitChildren$2(DefaultConfigurableFileCollection.java:447)
	at org.gradle.api.internal.provider.ValueState.finalizeOnReadIfNeeded(ValueState.java:142)
	at org.gradle.api.internal.file.collections.DefaultConfigurableFileCollection.visitChildren(DefaultConfigurableFileCollection.java:447)
	at org.gradle.api.internal.file.CompositeFileCollection.visitContents(CompositeFileCollection.java:112)
	at org.gradle.api.internal.file.AbstractFileCollection.visitStructure(AbstractFileCollection.java:361)
	at org.gradle.api.internal.file.CompositeFileCollection.lambda$visitContents$0(CompositeFileCollection.java:112)
	at org.gradle.api.internal.file.collections.UnpackingVisitor.add(UnpackingVisitor.java:66)
	at org.gradle.api.internal.file.collections.UnpackingVisitor.add(UnpackingVisitor.java:91)
	at org.gradle.api.internal.file.DefaultFileCollectionFactory$ResolvingFileCollection.visitChildren(DefaultFileCollectionFactory.java:311)
	at org.gradle.api.internal.file.CompositeFileCollection.visitContents(CompositeFileCollection.java:112)
	at org.gradle.api.internal.file.AbstractFileCollection.visitStructure(AbstractFileCollection.java:361)
	at org.gradle.api.internal.file.CompositeFileCollection.lambda$visitContents$0(CompositeFileCollection.java:112)
	at org.gradle.api.internal.tasks.PropertyFileCollection.visitChildren(PropertyFileCollection.java:48)
	at org.gradle.api.internal.file.CompositeFileCollection.visitContents(CompositeFileCollection.java:112)
	at org.gradle.api.internal.file.AbstractFileCollection.visitStructure(AbstractFileCollection.java:361)
	at org.gradle.internal.fingerprint.impl.DefaultFileCollectionSnapshotter.snapshot(DefaultFileCollectionSnapshotter.java:48)
	at org.gradle.internal.execution.impl.DefaultInputFingerprinter$InputCollectingVisitor.visitInputFileProperty(DefaultInputFingerprinter.java:151)
	at org.gradle.internal.execution.steps.AbstractSkipEmptyWorkStep$1.visitInputFileProperty(AbstractSkipEmptyWorkStep.java:107)
	at org.gradle.api.internal.tasks.execution.TaskExecution.visitMutableInputs(TaskExecution.java:340)
	at org.gradle.internal.execution.steps.AbstractSkipEmptyWorkStep.lambda$fingerprintPrimaryInputs$2(AbstractSkipEmptyWorkStep.java:103)
	at org.gradle.internal.execution.impl.DefaultInputFingerprinter.fingerprintInputProperties(DefaultInputFingerprinter.java:77)
	at org.gradle.internal.execution.steps.AbstractSkipEmptyWorkStep.fingerprintPrimaryInputs(AbstractSkipEmptyWorkStep.java:98)
	at org.gradle.internal.execution.steps.AbstractSkipEmptyWorkStep.execute(AbstractSkipEmptyWorkStep.java:55)
	at org.gradle.internal.execution.steps.AbstractSkipEmptyWorkStep.execute(AbstractSkipEmptyWorkStep.java:36)
	at org.gradle.internal.execution.steps.legacy.MarkSnapshottingInputsStartedStep.execute(MarkSnapshottingInputsStartedStep.java:38)
	at org.gradle.internal.execution.steps.LoadPreviousExecutionStateStep.execute(LoadPreviousExecutionStateStep.java:36)
	at org.gradle.internal.execution.steps.LoadPreviousExecutionStateStep.execute(LoadPreviousExecutionStateStep.java:23)
	at org.gradle.internal.execution.steps.HandleStaleOutputsStep.executeMutable(HandleStaleOutputsStep.java:77)
	at org.gradle.internal.execution.steps.HandleStaleOutputsStep.executeMutable(HandleStaleOutputsStep.java:43)
	at org.gradle.internal.execution.steps.MutableStep.execute(MutableStep.java:25)
	at org.gradle.internal.execution.steps.AssignMutableWorkspaceStep.lambda$execute$0(AssignMutableWorkspaceStep.java:35)
	at org.gradle.api.internal.tasks.execution.TaskExecution$4.withWorkspace(TaskExecution.java:305)
	at org.gradle.internal.execution.steps.AssignMutableWorkspaceStep.execute(AssignMutableWorkspaceStep.java:31)
	at org.gradle.internal.execution.steps.AssignMutableWorkspaceStep.execute(AssignMutableWorkspaceStep.java:22)
	at org.gradle.internal.execution.steps.ChoosePipelineStep.execute(ChoosePipelineStep.java:40)
	at org.gradle.internal.execution.steps.ChoosePipelineStep.execute(ChoosePipelineStep.java:23)
	at org.gradle.internal.execution.steps.ExecuteWorkBuildOperationFiringStep.lambda$execute$2(ExecuteWorkBuildOperationFiringStep.java:67)
	at java.base/java.util.Optional.orElseGet(Optional.java:364)
	at org.gradle.internal.execution.steps.ExecuteWorkBuildOperationFiringStep.execute(ExecuteWorkBuildOperationFiringStep.java:67)
	at org.gradle.internal.execution.steps.ExecuteWorkBuildOperationFiringStep.execute(ExecuteWorkBuildOperationFiringStep.java:39)
	at org.gradle.internal.execution.steps.IdentityCacheStep.execute(IdentityCacheStep.java:46)
	at org.gradle.internal.execution.steps.IdentityCacheStep.execute(IdentityCacheStep.java:34)
	at org.gradle.internal.execution.steps.IdentifyStep.execute(IdentifyStep.java:44)
	at org.gradle.internal.execution.steps.IdentifyStep.execute(IdentifyStep.java:31)
	at org.gradle.internal.execution.impl.DefaultExecutionEngine$1.execute(DefaultExecutionEngine.java:68)
	at org.gradle.api.internal.tasks.execution.ExecuteActionsTaskExecuter.executeIfValid(ExecuteActionsTaskExecuter.java:132)
	at org.gradle.api.internal.tasks.execution.ExecuteActionsTaskExecuter.execute(ExecuteActionsTaskExecuter.java:121)
	at org.gradle.api.internal.tasks.execution.ProblemsTaskPathTrackingTaskExecuter.execute(ProblemsTaskPathTrackingTaskExecuter.java:41)
	at org.gradle.api.internal.tasks.execution.FinalizePropertiesTaskExecuter.execute(FinalizePropertiesTaskExecuter.java:46)
	at org.gradle.api.internal.tasks.execution.ResolveTaskExecutionModeExecuter.execute(ResolveTaskExecutionModeExecuter.java:51)
	at org.gradle.api.internal.tasks.execution.SkipTaskWithNoActionsExecuter.execute(SkipTaskWithNoActionsExecuter.java:57)
	at org.gradle.api.internal.tasks.execution.SkipOnlyIfTaskExecuter.execute(SkipOnlyIfTaskExecuter.java:74)
	at org.gradle.api.internal.tasks.execution.CatchExceptionTaskExecuter.execute(CatchExceptionTaskExecuter.java:36)
	... 26 more
Cause 1: org.gradle.api.internal.artifacts.transform.TransformException: Failed to transform media3-session-1.9.0.aar (androidx.media3:media3-session:1.9.0) to match attributes {artifactType=android-jni, org.gradle.category=library, org.gradle.dependency.bundling=external, org.gradle.libraryelements=aar, org.gradle.status=release, org.gradle.usage=java-runtime}.
	at org.gradle.api.internal.artifacts.transform.TransformingAsyncArtifactListener$TransformedArtifact.lambda$visit$4(TransformingAsyncArtifactListener.java:256)
	at org.gradle.internal.Try$Failure.ifSuccessfulOrElse(Try.java:288)
	at org.gradle.api.internal.artifacts.transform.TransformingAsyncArtifactListener$TransformedArtifact.visit(TransformingAsyncArtifactListener.java:248)
	at org.gradle.api.internal.artifacts.ivyservice.resolveengine.artifact.ParallelResolveArtifactSet$VisitingSet$StartVisitAction.visitResults(ParallelResolveArtifactSet.java:100)
	at org.gradle.api.internal.artifacts.ivyservice.resolveengine.artifact.ParallelResolveArtifactSet$VisitingSet.visit(ParallelResolveArtifactSet.java:69)
	at org.gradle.api.internal.artifacts.ivyservice.resolveengine.artifact.ResolvedArtifactSetResolver$1.run(ResolvedArtifactSetResolver.java:68)
	at org.gradle.internal.operations.DefaultBuildOperationRunner$1.execute(DefaultBuildOperationRunner.java:29)
	at org.gradle.internal.operations.DefaultBuildOperationRunner$1.execute(DefaultBuildOperationRunner.java:26)
	at org.gradle.internal.operations.DefaultBuildOperationRunner$2.execute(DefaultBuildOperationRunner.java:66)
	at org.gradle.internal.operations.DefaultBuildOperationRunner$2.execute(DefaultBuildOperationRunner.java:59)
	at org.gradle.internal.operations.DefaultBuildOperationRunner.execute(DefaultBuildOperationRunner.java:166)
	at org.gradle.internal.operations.DefaultBuildOperationRunner.execute(DefaultBuildOperationRunner.java:59)
	at org.gradle.internal.operations.DefaultBuildOperationRunner.run(DefaultBuildOperationRunner.java:47)
	at org.gradle.api.internal.artifacts.ivyservice.resolveengine.artifact.ResolvedArtifactSetResolver.visitArtifacts(ResolvedArtifactSetResolver.java:65)
	at org.gradle.api.internal.artifacts.ivyservice.resolveengine.artifact.ResolvedArtifactSetResolver.lambda$visitInUnmanagedWorkerThread$0(ResolvedArtifactSetResolver.java:61)
	at org.gradle.internal.work.DefaultWorkerLeaseService.runAsUnmanagedWorkerThread(DefaultWorkerLeaseService.java:139)
	at org.gradle.api.internal.artifacts.ivyservice.resolveengine.artifact.ResolvedArtifactSetResolver.visitInUnmanagedWorkerThread(ResolvedArtifactSetResolver.java:61)
	at org.gradle.api.internal.artifacts.ivyservice.resolveengine.artifact.DefaultSelectedArtifactSet.visitArtifacts(DefaultSelectedArtifactSet.java:59)
	at org.gradle.api.internal.artifacts.configurations.ResolutionResultProviderBackedSelectedArtifactSet.visitArtifacts(ResolutionResultProviderBackedSelectedArtifactSet.java:52)
	at org.gradle.api.internal.artifacts.ivyservice.resolveengine.artifact.SelectedArtifactSet.visitFiles(SelectedArtifactSet.java:34)
	at org.gradle.api.internal.artifacts.configurations.ResolutionBackedFileCollection.visitContents(ResolutionBackedFileCollection.java:75)
	... 91 more
Caused by: org.gradle.internal.resolve.ArtifactResolveException: Could not download media3-session-1.9.0.aar (androidx.media3:media3-session:1.9.0)
	at org.gradle.api.internal.artifacts.repositories.resolver.ExternalResourceResolver$RemoteRepositoryAccess.resolveArtifact(ExternalResourceResolver.java:499)
	at org.gradle.api.internal.artifacts.ivyservice.ivyresolve.CachingModuleComponentRepository$ResolveAndCacheRepositoryAccess.resolveArtifact(CachingModuleComponentRepository.java:470)
	at org.gradle.api.internal.artifacts.ivyservice.ivyresolve.ErrorHandlingModuleComponentRepository$ErrorHandlingModuleComponentRepositoryAccess.lambda$resolveArtifact$12(ErrorHandlingModuleComponentRepository.java:180)
	at org.gradle.api.internal.artifacts.ivyservice.ivyresolve.ErrorHandlingModuleComponentRepository$ErrorHandlingModuleComponentRepositoryAccess.tryResolveAndMaybeDisable(ErrorHandlingModuleComponentRepository.java:251)
	at org.gradle.api.internal.artifacts.ivyservice.ivyresolve.ErrorHandlingModuleComponentRepository$ErrorHandlingModuleComponentRepositoryAccess.performOperationWithRetries(ErrorHandlingModuleComponentRepository.java:204)
	at org.gradle.api.internal.artifacts.ivyservice.ivyresolve.ErrorHandlingModuleComponentRepository$ErrorHandlingModuleComponentRepositoryAccess.resolveArtifact(ErrorHandlingModuleComponentRepository.java:178)
	at org.gradle.api.internal.artifacts.ivyservice.ivyresolve.RepositoryChainArtifactResolver.resolveArtifactLater(RepositoryChainArtifactResolver.java:75)
	at org.gradle.api.internal.artifacts.ivyservice.ivyresolve.RepositoryChainArtifactResolver.lambda$resolveArtifact$0(RepositoryChainArtifactResolver.java:63)
	at org.gradle.internal.model.CalculatedValueContainerFactory$SupplierBackedCalculator.calculateValue(CalculatedValueContainerFactory.java:69)
	at org.gradle.internal.model.CalculatedValueContainer$CalculationState.lambda$attachValue$0(CalculatedValueContainer.java:227)
	at org.gradle.internal.Try.ofFailable(Try.java:46)
	at org.gradle.internal.model.CalculatedValueContainer$CalculationState.attachValue(CalculatedValueContainer.java:222)
	at org.gradle.internal.model.CalculatedValueContainer.finalizeIfNotAlready(CalculatedValueContainer.java:195)
	at org.gradle.internal.model.CalculatedValueContainer.finalizeIfNotAlready(CalculatedValueContainer.java:186)
	at org.gradle.api.internal.artifacts.transform.TransformingAsyncArtifactListener$TransformedArtifact.finalizeValue(TransformingAsyncArtifactListener.java:206)
	at org.gradle.api.internal.artifacts.transform.TransformingAsyncArtifactListener$TransformedArtifact.run(TransformingAsyncArtifactListener.java:160)
	at org.gradle.internal.operations.DefaultBuildOperationRunner$2.execute(DefaultBuildOperationRunner.java:66)
	at org.gradle.internal.operations.DefaultBuildOperationRunner$2.execute(DefaultBuildOperationRunner.java:59)
	at org.gradle.internal.operations.DefaultBuildOperationRunner.execute(DefaultBuildOperationRunner.java:166)
	at org.gradle.internal.operations.DefaultBuildOperationRunner.execute(DefaultBuildOperationRunner.java:59)
	at org.gradle.internal.operations.DefaultBuildOperationExecutor.lambda$executeInParallel$0(DefaultBuildOperationExecutor.java:102)
	at org.gradle.internal.operations.DefaultBuildOperationQueue$WorkerRunnable.runOperation(DefaultBuildOperationQueue.java:292)
	at org.gradle.internal.operations.DefaultBuildOperationQueue$WorkerRunnable.doRunBatch(DefaultBuildOperationQueue.java:273)
	at org.gradle.internal.operations.DefaultBuildOperationQueue$WorkerRunnable.lambda$runBatch$0(DefaultBuildOperationQueue.java:258)
	at org.gradle.internal.resources.AbstractResourceLockRegistry.whileDisallowingLockChanges(AbstractResourceLockRegistry.java:50)
	at org.gradle.internal.work.DefaultWorkerLeaseService.whileDisallowingProjectLockChanges(DefaultWorkerLeaseService.java:233)
	at org.gradle.internal.operations.DefaultBuildOperationQueue$WorkerRunnable.lambda$runBatch$1(DefaultBuildOperationQueue.java:258)
	at org.gradle.internal.work.DefaultWorkerLeaseService.runAsWorkerThread(DefaultWorkerLeaseService.java:125)
	at org.gradle.internal.operations.DefaultBuildOperationQueue$WorkerRunnable.runBatch(DefaultBuildOperationQueue.java:244)
	at org.gradle.internal.operations.DefaultBuildOperationQueue$WorkerRunnable.runOperations(DefaultBuildOperationQueue.java:212)
	at org.gradle.internal.operations.CurrentBuildOperationRef.with(CurrentBuildOperationRef.java:84)
	at org.gradle.internal.operations.DefaultBuildOperationQueue$WorkerRunnable.run(DefaultBuildOperationQueue.java:205)
	at org.gradle.internal.operations.DefaultBuildOperationQueue.waitForCompletion(DefaultBuildOperationQueue.java:114)
	at org.gradle.internal.operations.DefaultBuildOperationExecutor.executeInParallel(DefaultBuildOperationExecutor.java:115)
	at org.gradle.internal.operations.DefaultBuildOperationExecutor.runAll(DefaultBuildOperationExecutor.java:64)
	at org.gradle.api.internal.artifacts.ivyservice.resolveengine.artifact.ParallelResolveArtifactSet$VisitingSet.visit(ParallelResolveArtifactSet.java:66)
	... 107 more
Caused by: org.gradle.api.resources.ResourceException: Could not get resource 'https://maven.myket.ir/androidx/media3/media3-session/1.9.0/media3-session-1.9.0.aar'.
	at org.gradle.internal.resource.ResourceExceptions.failure(ResourceExceptions.java:74)
	at org.gradle.internal.resource.ResourceExceptions.getFailed(ResourceExceptions.java:57)
	at org.gradle.api.internal.artifacts.repositories.resolver.DefaultExternalResourceArtifactResolver.downloadByUrl(DefaultExternalResourceArtifactResolver.java:114)
	at org.gradle.api.internal.artifacts.repositories.resolver.DefaultExternalResourceArtifactResolver.downloadStaticResource(DefaultExternalResourceArtifactResolver.java:92)
	at org.gradle.api.internal.artifacts.repositories.resolver.DefaultExternalResourceArtifactResolver.resolveArtifact(DefaultExternalResourceArtifactResolver.java:62)
	at org.gradle.api.internal.artifacts.repositories.resolver.ExternalResourceResolver$RemoteRepositoryAccess.resolveArtifact(ExternalResourceResolver.java:492)
	... 142 more
Caused by: org.gradle.internal.resource.transport.http.HttpRequestException: Could not GET 'https://maven.myket.ir/androidx/media3/media3-session/1.9.0/media3-session-1.9.0.aar'.
	at org.gradle.internal.resource.transport.http.HttpClientHelper.createHttpRequestException(HttpClientHelper.java:123)
	at org.gradle.internal.resource.transport.http.HttpClientHelper.performRequest(HttpClientHelper.java:117)
	at org.gradle.internal.resource.transport.http.HttpClientHelper.performRawGet(HttpClientHelper.java:99)
	at org.gradle.internal.resource.transport.http.HttpClientHelper.performGet(HttpClientHelper.java:104)
	at org.gradle.internal.resource.transport.http.HttpResourceAccessor.openResource(HttpResourceAccessor.java:45)
	at org.gradle.internal.resource.transport.http.HttpResourceAccessor.openResource(HttpResourceAccessor.java:30)
	at org.gradle.internal.resource.transfer.AbstractExternalResourceAccessor.withContent(AbstractExternalResourceAccessor.java:32)
	at org.gradle.internal.resource.transfer.DefaultExternalResourceConnector.withContent(DefaultExternalResourceConnector.java:59)
	at org.gradle.internal.resource.transfer.ProgressLoggingExternalResourceAccessor$DownloadOperation.call(ProgressLoggingExternalResourceAccessor.java:136)
	at org.gradle.internal.operations.DefaultBuildOperationRunner$CallableBuildOperationWorker.execute(DefaultBuildOperationRunner.java:209)
	at org.gradle.internal.operations.DefaultBuildOperationRunner$CallableBuildOperationWorker.execute(DefaultBuildOperationRunner.java:204)
	at org.gradle.internal.operations.DefaultBuildOperationRunner$2.execute(DefaultBuildOperationRunner.java:66)
	at org.gradle.internal.operations.DefaultBuildOperationRunner$2.execute(DefaultBuildOperationRunner.java:59)
	at org.gradle.internal.operations.DefaultBuildOperationRunner.execute(DefaultBuildOperationRunner.java:166)
	at org.gradle.internal.operations.DefaultBuildOperationRunner.execute(DefaultBuildOperationRunner.java:59)
	at org.gradle.internal.operations.DefaultBuildOperationRunner.call(DefaultBuildOperationRunner.java:53)
	at org.gradle.internal.resource.transfer.ProgressLoggingExternalResourceAccessor.withContent(ProgressLoggingExternalResourceAccessor.java:49)
	at org.gradle.internal.resource.transfer.AccessorBackedExternalResource.withContentIfPresent(AccessorBackedExternalResource.java:103)
	at org.gradle.internal.resource.transfer.DefaultCacheAwareExternalResourceAccessor.copyToCache(DefaultCacheAwareExternalResourceAccessor.java:188)
	at org.gradle.internal.resource.transfer.DefaultCacheAwareExternalResourceAccessor.lambda$getResource$1(DefaultCacheAwareExternalResourceAccessor.java:86)
	at org.gradle.cache.internal.ProducerGuard$AdaptiveProducerGuard.guardByKey(ProducerGuard.java:97)
	at org.gradle.internal.resource.transfer.DefaultCacheAwareExternalResourceAccessor.getResource(DefaultCacheAwareExternalResourceAccessor.java:80)
	at org.gradle.api.internal.artifacts.repositories.resolver.DefaultExternalResourceArtifactResolver.downloadByUrl(DefaultExternalResourceArtifactResolver.java:109)
	... 145 more
Caused by: org.gradle.internal.resource.transport.http.HttpRequestException: Got socket exception during request. It might be caused by SSL misconfiguration
	at org.gradle.internal.resource.transport.http.HttpClientHelper.wrapWithExplanation(HttpClientHelper.java:128)
	... 167 more
Caused by: java.net.SocketException: Network is unreachable: getsockopt
	at java.base/sun.nio.ch.Net.pollConnect(Native Method)
	at java.base/sun.nio.ch.Net.pollConnectNow(Net.java:672)
	at java.base/sun.nio.ch.NioSocketImpl.timedFinishConnect(NioSocketImpl.java:547)
	at java.base/sun.nio.ch.NioSocketImpl.connect(NioSocketImpl.java:602)
	at java.base/java.net.SocksSocketImpl.connect(SocksSocketImpl.java:327)
	at java.base/java.net.Socket.connect(Socket.java:633)
	at org.apache.http.conn.ssl.SSLConnectionSocketFactory.connectSocket(SSLConnectionSocketFactory.java:368)
	at org.apache.http.impl.conn.DefaultHttpClientConnectionOperator.connect(DefaultHttpClientConnectionOperator.java:142)
	at org.apache.http.impl.conn.PoolingHttpClientConnectionManager.connect(PoolingHttpClientConnectionManager.java:376)
	at org.apache.http.impl.execchain.MainClientExec.establishRoute(MainClientExec.java:393)
	at org.apache.http.impl.execchain.MainClientExec.execute(MainClientExec.java:236)
	at org.apache.http.impl.execchain.ProtocolExec.execute(ProtocolExec.java:186)
	at org.apache.http.impl.execchain.RetryExec.execute(RetryExec.java:89)
	at org.apache.http.impl.execchain.RedirectExec.execute(RedirectExec.java:110)
	at org.apache.http.impl.client.InternalHttpClient.doExecute(InternalHttpClient.java:185)
	at org.apache.http.impl.client.CloseableHttpClient.execute(CloseableHttpClient.java:83)
	at org.gradle.internal.resource.transport.http.HttpClientHelper.performHttpRequest(HttpClientHelper.java:200)
	at org.gradle.internal.resource.transport.http.HttpClientHelper.performHttpRequest(HttpClientHelper.java:176)
	at org.gradle.internal.resource.transport.http.HttpClientHelper.executeGetOrHead(HttpClientHelper.java:165)
	at org.gradle.internal.resource.transport.http.HttpClientHelper.performRequest(HttpClientHelper.java:113)
	... 166 more
Cause 2: org.gradle.api.internal.artifacts.transform.TransformException: Failed to transform media3-ui-1.9.0.aar (androidx.media3:media3-ui:1.9.0) to match attributes {artifactType=android-jni, org.gradle.category=library, org.gradle.dependency.bundling=external, org.gradle.libraryelements=aar, org.gradle.status=release, org.gradle.usage=java-runtime}.
	at org.gradle.api.internal.artifacts.transform.TransformingAsyncArtifactListener$TransformedArtifact.lambda$visit$4(TransformingAsyncArtifactListener.java:256)
	at org.gradle.internal.Try$Failure.ifSuccessfulOrElse(Try.java:288)
	at org.gradle.api.internal.artifacts.transform.TransformingAsyncArtifactListener$TransformedArtifact.visit(TransformingAsyncArtifactListener.java:248)
	at org.gradle.api.internal.artifacts.ivyservice.resolveengine.artifact.ParallelResolveArtifactSet$VisitingSet$StartVisitAction.visitResults(ParallelResolveArtifactSet.java:100)
	at org.gradle.api.internal.artifacts.ivyservice.resolveengine.artifact.ParallelResolveArtifactSet$VisitingSet.visit(ParallelResolveArtifactSet.java:69)
	at org.gradle.api.internal.artifacts.ivyservice.resolveengine.artifact.ResolvedArtifactSetResolver$1.run(ResolvedArtifactSetResolver.java:68)
	at org.gradle.internal.operations.DefaultBuildOperationRunner$1.execute(DefaultBuildOperationRunner.java:29)
	at org.gradle.internal.operations.DefaultBuildOperationRunner$1.execute(DefaultBuildOperationRunner.java:26)
	at org.gradle.internal.operations.DefaultBuildOperationRunner$2.execute(DefaultBuildOperationRunner.java:66)
	at org.gradle.internal.operations.DefaultBuildOperationRunner$2.execute(DefaultBuildOperationRunner.java:59)
	at org.gradle.internal.operations.DefaultBuildOperationRunner.execute(DefaultBuildOperationRunner.java:166)
	at org.gradle.internal.operations.DefaultBuildOperationRunner.execute(DefaultBuildOperationRunner.java:59)
	at org.gradle.internal.operations.DefaultBuildOperationRunner.run(DefaultBuildOperationRunner.java:47)
	at org.gradle.api.internal.artifacts.ivyservice.resolveengine.artifact.ResolvedArtifactSetResolver.visitArtifacts(ResolvedArtifactSetResolver.java:65)
	at org.gradle.api.internal.artifacts.ivyservice.resolveengine.artifact.ResolvedArtifactSetResolver.lambda$visitInUnmanagedWorkerThread$0(ResolvedArtifactSetResolver.java:61)
	at org.gradle.internal.work.DefaultWorkerLeaseService.runAsUnmanagedWorkerThread(DefaultWorkerLeaseService.java:139)
	at org.gradle.api.internal.artifacts.ivyservice.resolveengine.artifact.ResolvedArtifactSetResolver.visitInUnmanagedWorkerThread(ResolvedArtifactSetResolver.java:61)
	at org.gradle.api.internal.artifacts.ivyservice.resolveengine.artifact.DefaultSelectedArtifactSet.visitArtifacts(DefaultSelectedArtifactSet.java:59)
	at org.gradle.api.internal.artifacts.configurations.ResolutionResultProviderBackedSelectedArtifactSet.visitArtifacts(ResolutionResultProviderBackedSelectedArtifactSet.java:52)
	at org.gradle.api.internal.artifacts.ivyservice.resolveengine.artifact.SelectedArtifactSet.visitFiles(SelectedArtifactSet.java:34)
	at org.gradle.api.internal.artifacts.configurations.ResolutionBackedFileCollection.visitContents(ResolutionBackedFileCollection.java:75)
	... 91 more
Caused by: org.gradle.internal.resolve.ArtifactResolveException: Could not download media3-ui-1.9.0.aar (androidx.media3:media3-ui:1.9.0)
	at org.gradle.api.internal.artifacts.repositories.resolver.ExternalResourceResolver$RemoteRepositoryAccess.resolveArtifact(ExternalResourceResolver.java:499)
	at org.gradle.api.internal.artifacts.ivyservice.ivyresolve.CachingModuleComponentRepository$ResolveAndCacheRepositoryAccess.resolveArtifact(CachingModuleComponentRepository.java:470)
	at org.gradle.api.internal.artifacts.ivyservice.ivyresolve.ErrorHandlingModuleComponentRepository$ErrorHandlingModuleComponentRepositoryAccess.lambda$resolveArtifact$12(ErrorHandlingModuleComponentRepository.java:180)
	at org.gradle.api.internal.artifacts.ivyservice.ivyresolve.ErrorHandlingModuleComponentRepository$ErrorHandlingModuleComponentRepositoryAccess.tryResolveAndMaybeDisable(ErrorHandlingModuleComponentRepository.java:251)
	at org.gradle.api.internal.artifacts.ivyservice.ivyresolve.ErrorHandlingModuleComponentRepository$ErrorHandlingModuleComponentRepositoryAccess.performOperationWithRetries(ErrorHandlingModuleComponentRepository.java:204)
	at org.gradle.api.internal.artifacts.ivyservice.ivyresolve.ErrorHandlingModuleComponentRepository$ErrorHandlingModuleComponentRepositoryAccess.resolveArtifact(ErrorHandlingModuleComponentRepository.java:178)
	at org.gradle.api.internal.artifacts.ivyservice.ivyresolve.RepositoryChainArtifactResolver.resolveArtifactLater(RepositoryChainArtifactResolver.java:75)
	at org.gradle.api.internal.artifacts.ivyservice.ivyresolve.RepositoryChainArtifactResolver.lambda$resolveArtifact$0(RepositoryChainArtifactResolver.java:63)
	at org.gradle.internal.model.CalculatedValueContainerFactory$SupplierBackedCalculator.calculateValue(CalculatedValueContainerFactory.java:69)
	at org.gradle.internal.model.CalculatedValueContainer$CalculationState.lambda$attachValue$0(CalculatedValueContainer.java:227)
	at org.gradle.internal.Try.ofFailable(Try.java:46)
	at org.gradle.internal.model.CalculatedValueContainer$CalculationState.attachValue(CalculatedValueContainer.java:222)
	at org.gradle.internal.model.CalculatedValueContainer.finalizeIfNotAlready(CalculatedValueContainer.java:195)
	at org.gradle.internal.model.CalculatedValueContainer.finalizeIfNotAlready(CalculatedValueContainer.java:186)
	at org.gradle.api.internal.artifacts.transform.TransformingAsyncArtifactListener$TransformedArtifact.finalizeValue(TransformingAsyncArtifactListener.java:206)
	at org.gradle.api.internal.artifacts.transform.TransformingAsyncArtifactListener$TransformedArtifact.run(TransformingAsyncArtifactListener.java:160)
	at org.gradle.internal.operations.DefaultBuildOperationRunner$2.execute(DefaultBuildOperationRunner.java:66)
	at org.gradle.internal.operations.DefaultBuildOperationRunner$2.execute(DefaultBuildOperationRunner.java:59)
	at org.gradle.internal.operations.DefaultBuildOperationRunner.execute(DefaultBuildOperationRunner.java:166)
	at org.gradle.internal.operations.DefaultBuildOperationRunner.execute(DefaultBuildOperationRunner.java:59)
	at org.gradle.internal.operations.DefaultBuildOperationExecutor.lambda$executeInParallel$0(DefaultBuildOperationExecutor.java:102)
	at org.gradle.internal.operations.DefaultBuildOperationQueue$WorkerRunnable.runOperation(DefaultBuildOperationQueue.java:292)
	at org.gradle.internal.operations.DefaultBuildOperationQueue$WorkerRunnable.doRunBatch(DefaultBuildOperationQueue.java:273)
	at org.gradle.internal.operations.DefaultBuildOperationQueue$WorkerRunnable.lambda$runBatch$0(DefaultBuildOperationQueue.java:258)
	at org.gradle.internal.resources.AbstractResourceLockRegistry.whileDisallowingLockChanges(AbstractResourceLockRegistry.java:50)
	at org.gradle.internal.work.DefaultWorkerLeaseService.whileDisallowingProjectLockChanges(DefaultWorkerLeaseService.java:233)
	at org.gradle.internal.operations.DefaultBuildOperationQueue$WorkerRunnable.lambda$runBatch$1(DefaultBuildOperationQueue.java:258)
	at org.gradle.internal.work.DefaultWorkerLeaseService.runAsWorkerThread(DefaultWorkerLeaseService.java:125)
	at org.gradle.internal.operations.DefaultBuildOperationQueue$WorkerRunnable.runBatch(DefaultBuildOperationQueue.java:244)
	at org.gradle.internal.operations.DefaultBuildOperationQueue$WorkerRunnable.runOperations(DefaultBuildOperationQueue.java:212)
	at org.gradle.internal.operations.CurrentBuildOperationRef.with(CurrentBuildOperationRef.java:84)
	at org.gradle.internal.operations.DefaultBuildOperationQueue$WorkerRunnable.run(DefaultBuildOperationQueue.java:205)
	at org.gradle.internal.operations.DefaultBuildOperationQueue.waitForCompletion(DefaultBuildOperationQueue.java:114)
	at org.gradle.internal.operations.DefaultBuildOperationExecutor.executeInParallel(DefaultBuildOperationExecutor.java:115)
	at org.gradle.internal.operations.DefaultBuildOperationExecutor.runAll(DefaultBuildOperationExecutor.java:64)
	at org.gradle.api.internal.artifacts.ivyservice.resolveengine.artifact.ParallelResolveArtifactSet$VisitingSet.visit(ParallelResolveArtifactSet.java:66)
	... 107 more
Caused by: org.gradle.api.resources.ResourceException: Could not get resource 'https://maven.myket.ir/androidx/media3/media3-ui/1.9.0/media3-ui-1.9.0.aar'.
	at org.gradle.internal.resource.ResourceExceptions.failure(ResourceExceptions.java:74)
	at org.gradle.internal.resource.ResourceExceptions.getFailed(ResourceExceptions.java:57)
	at org.gradle.api.internal.artifacts.repositories.resolver.DefaultExternalResourceArtifactResolver.downloadByUrl(DefaultExternalResourceArtifactResolver.java:114)
	at org.gradle.api.internal.artifacts.repositories.resolver.DefaultExternalResourceArtifactResolver.downloadStaticResource(DefaultExternalResourceArtifactResolver.java:92)
	at org.gradle.api.internal.artifacts.repositories.resolver.DefaultExternalResourceArtifactResolver.resolveArtifact(DefaultExternalResourceArtifactResolver.java:62)
	at org.gradle.api.internal.artifacts.repositories.resolver.ExternalResourceResolver$RemoteRepositoryAccess.resolveArtifact(ExternalResourceResolver.java:492)
	... 142 more
Caused by: org.gradle.internal.resource.transport.http.HttpRequestException: Could not GET 'https://maven.myket.ir/androidx/media3/media3-ui/1.9.0/media3-ui-1.9.0.aar'.
	at org.gradle.internal.resource.transport.http.HttpClientHelper.createHttpRequestException(HttpClientHelper.java:123)
	at org.gradle.internal.resource.transport.http.HttpClientHelper.performRequest(HttpClientHelper.java:117)
	at org.gradle.internal.resource.transport.http.HttpClientHelper.performRawGet(HttpClientHelper.java:99)
	at org.gradle.internal.resource.transport.http.HttpClientHelper.performGet(HttpClientHelper.java:104)
	at org.gradle.internal.resource.transport.http.HttpResourceAccessor.openResource(HttpResourceAccessor.java:45)
	at org.gradle.internal.resource.transport.http.HttpResourceAccessor.openResource(HttpResourceAccessor.java:30)
	at org.gradle.internal.resource.transfer.AbstractExternalResourceAccessor.withContent(AbstractExternalResourceAccessor.java:32)
	at org.gradle.internal.resource.transfer.DefaultExternalResourceConnector.withContent(DefaultExternalResourceConnector.java:59)
	at org.gradle.internal.resource.transfer.ProgressLoggingExternalResourceAccessor$DownloadOperation.call(ProgressLoggingExternalResourceAccessor.java:136)
	at org.gradle.internal.operations.DefaultBuildOperationRunner$CallableBuildOperationWorker.execute(DefaultBuildOperationRunner.java:209)
	at org.gradle.internal.operations.DefaultBuildOperationRunner$CallableBuildOperationWorker.execute(DefaultBuildOperationRunner.java:204)
	at org.gradle.internal.operations.DefaultBuildOperationRunner$2.execute(DefaultBuildOperationRunner.java:66)
	at org.gradle.internal.operations.DefaultBuildOperationRunner$2.execute(DefaultBuildOperationRunner.java:59)
	at org.gradle.internal.operations.DefaultBuildOperationRunner.execute(DefaultBuildOperationRunner.java:166)
	at org.gradle.internal.operations.DefaultBuildOperationRunner.execute(DefaultBuildOperationRunner.java:59)
	at org.gradle.internal.operations.DefaultBuildOperationRunner.call(DefaultBuildOperationRunner.java:53)
	at org.gradle.internal.resource.transfer.ProgressLoggingExternalResourceAccessor.withContent(ProgressLoggingExternalResourceAccessor.java:49)
	at org.gradle.internal.resource.transfer.AccessorBackedExternalResource.withContentIfPresent(AccessorBackedExternalResource.java:103)
	at org.gradle.internal.resource.transfer.DefaultCacheAwareExternalResourceAccessor.copyToCache(DefaultCacheAwareExternalResourceAccessor.java:188)
	at org.gradle.internal.resource.transfer.DefaultCacheAwareExternalResourceAccessor.lambda$getResource$1(DefaultCacheAwareExternalResourceAccessor.java:86)
	at org.gradle.cache.internal.ProducerGuard$AdaptiveProducerGuard.guardByKey(ProducerGuard.java:97)
	at org.gradle.internal.resource.transfer.DefaultCacheAwareExternalResourceAccessor.getResource(DefaultCacheAwareExternalResourceAccessor.java:80)
	at org.gradle.api.internal.artifacts.repositories.resolver.DefaultExternalResourceArtifactResolver.downloadByUrl(DefaultExternalResourceArtifactResolver.java:109)
	... 145 more
Caused by: org.gradle.internal.resource.transport.http.HttpRequestException: Got socket exception during request. It might be caused by SSL misconfiguration
	at org.gradle.internal.resource.transport.http.HttpClientHelper.wrapWithExplanation(HttpClientHelper.java:128)
	... 167 more
Caused by: java.net.SocketException: Network is unreachable: getsockopt
	at java.base/sun.nio.ch.Net.pollConnect(Native Method)
	at java.base/sun.nio.ch.Net.pollConnectNow(Net.java:672)
	at java.base/sun.nio.ch.NioSocketImpl.timedFinishConnect(NioSocketImpl.java:547)
	at java.base/sun.nio.ch.NioSocketImpl.connect(NioSocketImpl.java:602)
	at java.base/java.net.SocksSocketImpl.connect(SocksSocketImpl.java:327)
	at java.base/java.net.Socket.connect(Socket.java:633)
	at org.apache.http.conn.ssl.SSLConnectionSocketFactory.connectSocket(SSLConnectionSocketFactory.java:368)
	at org.apache.http.impl.conn.DefaultHttpClientConnectionOperator.connect(DefaultHttpClientConnectionOperator.java:142)
	at org.apache.http.impl.conn.PoolingHttpClientConnectionManager.connect(PoolingHttpClientConnectionManager.java:376)
	at org.apache.http.impl.execchain.MainClientExec.establishRoute(MainClientExec.java:393)
	at org.apache.http.impl.execchain.MainClientExec.execute(MainClientExec.java:236)
	at org.apache.http.impl.execchain.ProtocolExec.execute(ProtocolExec.java:186)
	at org.apache.http.impl.execchain.RetryExec.execute(RetryExec.java:89)
	at org.apache.http.impl.execchain.RedirectExec.execute(RedirectExec.java:110)
	at org.apache.http.impl.client.InternalHttpClient.doExecute(InternalHttpClient.java:185)
	at org.apache.http.impl.client.CloseableHttpClient.execute(CloseableHttpClient.java:83)
	at org.gradle.internal.resource.transport.http.HttpClientHelper.performHttpRequest(HttpClientHelper.java:200)
	at org.gradle.internal.resource.transport.http.HttpClientHelper.performHttpRequest(HttpClientHelper.java:176)
	at org.gradle.internal.resource.transport.http.HttpClientHelper.executeGetOrHead(HttpClientHelper.java:165)
	at org.gradle.internal.resource.transport.http.HttpClientHelper.performRequest(HttpClientHelper.java:113)
	... 166 more
Cause 3: org.gradle.api.internal.artifacts.transform.TransformException: Failed to transform media3-exoplayer-dash-1.9.0.aar (androidx.media3:media3-exoplayer-dash:1.9.0) to match attributes {artifactType=android-jni, org.gradle.category=library, org.gradle.dependency.bundling=external, org.gradle.libraryelements=aar, org.gradle.status=release, org.gradle.usage=java-runtime}.
	at org.gradle.api.internal.artifacts.transform.TransformingAsyncArtifactListener$TransformedArtifact.lambda$visit$4(TransformingAsyncArtifactListener.java:256)
	at org.gradle.internal.Try$Failure.ifSuccessfulOrElse(Try.java:288)
	at org.gradle.api.internal.artifacts.transform.TransformingAsyncArtifactListener$TransformedArtifact.visit(TransformingAsyncArtifactListener.java:248)
	at org.gradle.api.internal.artifacts.ivyservice.resolveengine.artifact.ParallelResolveArtifactSet$VisitingSet$StartVisitAction.visitResults(ParallelResolveArtifactSet.java:100)
	at org.gradle.api.internal.artifacts.ivyservice.resolveengine.artifact.ParallelResolveArtifactSet$VisitingSet.visit(ParallelResolveArtifactSet.java:69)
	at org.gradle.api.internal.artifacts.ivyservice.resolveengine.artifact.ResolvedArtifactSetResolver$1.run(ResolvedArtifactSetResolver.java:68)
	at org.gradle.internal.operations.DefaultBuildOperationRunner$1.execute(DefaultBuildOperationRunner.java:29)
	at org.gradle.internal.operations.DefaultBuildOperationRunner$1.execute(DefaultBuildOperationRunner.java:26)
	at org.gradle.internal.operations.DefaultBuildOperationRunner$2.execute(DefaultBuildOperationRunner.java:66)
	at org.gradle.internal.operations.DefaultBuildOperationRunner$2.execute(DefaultBuildOperationRunner.java:59)
	at org.gradle.internal.operations.DefaultBuildOperationRunner.execute(DefaultBuildOperationRunner.java:166)
	at org.gradle.internal.operations.DefaultBuildOperationRunner.execute(DefaultBuildOperationRunner.java:59)
	at org.gradle.internal.operations.DefaultBuildOperationRunner.run(DefaultBuildOperationRunner.java:47)
	at org.gradle.api.internal.artifacts.ivyservice.resolveengine.artifact.ResolvedArtifactSetResolver.visitArtifacts(ResolvedArtifactSetResolver.java:65)
	at org.gradle.api.internal.artifacts.ivyservice.resolveengine.artifact.ResolvedArtifactSetResolver.lambda$visitInUnmanagedWorkerThread$0(ResolvedArtifactSetResolver.java:61)
	at org.gradle.internal.work.DefaultWorkerLeaseService.runAsUnmanagedWorkerThread(DefaultWorkerLeaseService.java:139)
	at org.gradle.api.internal.artifacts.ivyservice.resolveengine.artifact.ResolvedArtifactSetResolver.visitInUnmanagedWorkerThread(ResolvedArtifactSetResolver.java:61)
	at org.gradle.api.internal.artifacts.ivyservice.resolveengine.artifact.DefaultSelectedArtifactSet.visitArtifacts(DefaultSelectedArtifactSet.java:59)
	at org.gradle.api.internal.artifacts.configurations.ResolutionResultProviderBackedSelectedArtifactSet.visitArtifacts(ResolutionResultProviderBackedSelectedArtifactSet.java:52)
	at org.gradle.api.internal.artifacts.ivyservice.resolveengine.artifact.SelectedArtifactSet.visitFiles(SelectedArtifactSet.java:34)
	at org.gradle.api.internal.artifacts.configurations.ResolutionBackedFileCollection.visitContents(ResolutionBackedFileCollection.java:75)
	... 91 more
Caused by: org.gradle.internal.resolve.ArtifactResolveException: Could not download media3-exoplayer-dash-1.9.0.aar (androidx.media3:media3-exoplayer-dash:1.9.0)
	at org.gradle.api.internal.artifacts.repositories.resolver.ExternalResourceResolver$RemoteRepositoryAccess.resolveArtifact(ExternalResourceResolver.java:499)
	at org.gradle.api.internal.artifacts.ivyservice.ivyresolve.CachingModuleComponentRepository$ResolveAndCacheRepositoryAccess.resolveArtifact(CachingModuleComponentRepository.java:470)
	at org.gradle.api.internal.artifacts.ivyservice.ivyresolve.ErrorHandlingModuleComponentRepository$ErrorHandlingModuleComponentRepositoryAccess.lambda$resolveArtifact$12(ErrorHandlingModuleComponentRepository.java:180)
	at org.gradle.api.internal.artifacts.ivyservice.ivyresolve.ErrorHandlingModuleComponentRepository$ErrorHandlingModuleComponentRepositoryAccess.tryResolveAndMaybeDisable(ErrorHandlingModuleComponentRepository.java:251)
	at org.gradle.api.internal.artifacts.ivyservice.ivyresolve.ErrorHandlingModuleComponentRepository$ErrorHandlingModuleComponentRepositoryAccess.performOperationWithRetries(ErrorHandlingModuleComponentRepository.java:204)
	at org.gradle.api.internal.artifacts.ivyservice.ivyresolve.ErrorHandlingModuleComponentRepository$ErrorHandlingModuleComponentRepositoryAccess.resolveArtifact(ErrorHandlingModuleComponentRepository.java:178)
	at org.gradle.api.internal.artifacts.ivyservice.ivyresolve.RepositoryChainArtifactResolver.resolveArtifactLater(RepositoryChainArtifactResolver.java:75)
	at org.gradle.api.internal.artifacts.ivyservice.ivyresolve.RepositoryChainArtifactResolver.lambda$resolveArtifact$0(RepositoryChainArtifactResolver.java:63)
	at org.gradle.internal.model.CalculatedValueContainerFactory$SupplierBackedCalculator.calculateValue(CalculatedValueContainerFactory.java:69)
	at org.gradle.internal.model.CalculatedValueContainer$CalculationState.lambda$attachValue$0(CalculatedValueContainer.java:227)
	at org.gradle.internal.Try.ofFailable(Try.java:46)
	at org.gradle.internal.model.CalculatedValueContainer$CalculationState.attachValue(CalculatedValueContainer.java:222)
	at org.gradle.internal.model.CalculatedValueContainer.finalizeIfNotAlready(CalculatedValueContainer.java:195)
	at org.gradle.internal.model.CalculatedValueContainer.finalizeIfNotAlready(CalculatedValueContainer.java:186)
	at org.gradle.api.internal.artifacts.transform.TransformingAsyncArtifactListener$TransformedArtifact.finalizeValue(TransformingAsyncArtifactListener.java:206)
	at org.gradle.api.internal.artifacts.transform.TransformingAsyncArtifactListener$TransformedArtifact.run(TransformingAsyncArtifactListener.java:160)
	at org.gradle.internal.operations.DefaultBuildOperationRunner$2.execute(DefaultBuildOperationRunner.java:66)
	at org.gradle.internal.operations.DefaultBuildOperationRunner$2.execute(DefaultBuildOperationRunner.java:59)
	at org.gradle.internal.operations.DefaultBuildOperationRunner.execute(DefaultBuildOperationRunner.java:166)
	at org.gradle.internal.operations.DefaultBuildOperationRunner.execute(DefaultBuildOperationRunner.java:59)
	at org.gradle.internal.operations.DefaultBuildOperationExecutor.lambda$executeInParallel$0(DefaultBuildOperationExecutor.java:102)
	at org.gradle.internal.operations.DefaultBuildOperationQueue$WorkerRunnable.runOperation(DefaultBuildOperationQueue.java:292)
	at org.gradle.internal.operations.DefaultBuildOperationQueue$WorkerRunnable.doRunBatch(DefaultBuildOperationQueue.java:273)
	at org.gradle.internal.operations.DefaultBuildOperationQueue$WorkerRunnable.lambda$runBatch$0(DefaultBuildOperationQueue.java:258)
	at org.gradle.internal.resources.AbstractResourceLockRegistry.whileDisallowingLockChanges(AbstractResourceLockRegistry.java:50)
	at org.gradle.internal.work.DefaultWorkerLeaseService.whileDisallowingProjectLockChanges(DefaultWorkerLeaseService.java:233)
	at org.gradle.internal.operations.DefaultBuildOperationQueue$WorkerRunnable.lambda$runBatch$1(DefaultBuildOperationQueue.java:258)
	at org.gradle.internal.work.DefaultWorkerLeaseService.runAsWorkerThread(DefaultWorkerLeaseService.java:125)
	at org.gradle.internal.operations.DefaultBuildOperationQueue$WorkerRunnable.runBatch(DefaultBuildOperationQueue.java:244)
	at org.gradle.internal.operations.DefaultBuildOperationQueue$WorkerRunnable.runOperations(DefaultBuildOperationQueue.java:212)
	at org.gradle.internal.operations.CurrentBuildOperationRef.with(CurrentBuildOperationRef.java:84)
	at org.gradle.internal.operations.DefaultBuildOperationQueue$WorkerRunnable.run(DefaultBuildOperationQueue.java:205)
	at org.gradle.internal.operations.DefaultBuildOperationQueue.waitForCompletion(DefaultBuildOperationQueue.java:114)
	at org.gradle.internal.operations.DefaultBuildOperationExecutor.executeInParallel(DefaultBuildOperationExecutor.java:115)
	at org.gradle.internal.operations.DefaultBuildOperationExecutor.runAll(DefaultBuildOperationExecutor.java:64)
	at org.gradle.api.internal.artifacts.ivyservice.resolveengine.artifact.ParallelResolveArtifactSet$VisitingSet.visit(ParallelResolveArtifactSet.java:66)
	... 107 more
Caused by: org.gradle.api.resources.ResourceException: Could not get resource 'https://maven.myket.ir/androidx/media3/media3-exoplayer-dash/1.9.0/media3-exoplayer-dash-1.9.0.aar'.
	at org.gradle.internal.resource.ResourceExceptions.failure(ResourceExceptions.java:74)
	at org.gradle.internal.resource.ResourceExceptions.getFailed(ResourceExceptions.java:57)
	at org.gradle.api.internal.artifacts.repositories.resolver.DefaultExternalResourceArtifactResolver.downloadByUrl(DefaultExternalResourceArtifactResolver.java:114)
	at org.gradle.api.internal.artifacts.repositories.resolver.DefaultExternalResourceArtifactResolver.downloadStaticResource(DefaultExternalResourceArtifactResolver.java:92)
	at org.gradle.api.internal.artifacts.repositories.resolver.DefaultExternalResourceArtifactResolver.resolveArtifact(DefaultExternalResourceArtifactResolver.java:62)
	at org.gradle.api.internal.artifacts.repositories.resolver.ExternalResourceResolver$RemoteRepositoryAccess.resolveArtifact(ExternalResourceResolver.java:492)
	... 142 more
Caused by: org.gradle.internal.resource.transport.http.HttpRequestException: Could not GET 'https://maven.myket.ir/androidx/media3/media3-exoplayer-dash/1.9.0/media3-exoplayer-dash-1.9.0.aar'.
	at org.gradle.internal.resource.transport.http.HttpClientHelper.createHttpRequestException(HttpClientHelper.java:123)
	at org.gradle.internal.resource.transport.http.HttpClientHelper.performRequest(HttpClientHelper.java:117)
	at org.gradle.internal.resource.transport.http.HttpClientHelper.performRawGet(HttpClientHelper.java:99)
	at org.gradle.internal.resource.transport.http.HttpClientHelper.performGet(HttpClientHelper.java:104)
	at org.gradle.internal.resource.transport.http.HttpResourceAccessor.openResource(HttpResourceAccessor.java:45)
	at org.gradle.internal.resource.transport.http.HttpResourceAccessor.openResource(HttpResourceAccessor.java:30)
	at org.gradle.internal.resource.transfer.AbstractExternalResourceAccessor.withContent(AbstractExternalResourceAccessor.java:32)
	at org.gradle.internal.resource.transfer.DefaultExternalResourceConnector.withContent(DefaultExternalResourceConnector.java:59)
	at org.gradle.internal.resource.transfer.ProgressLoggingExternalResourceAccessor$DownloadOperation.call(ProgressLoggingExternalResourceAccessor.java:136)
	at org.gradle.internal.operations.DefaultBuildOperationRunner$CallableBuildOperationWorker.execute(DefaultBuildOperationRunner.java:209)
	at org.gradle.internal.operations.DefaultBuildOperationRunner$CallableBuildOperationWorker.execute(DefaultBuildOperationRunner.java:204)
	at org.gradle.internal.operations.DefaultBuildOperationRunner$2.execute(DefaultBuildOperationRunner.java:66)
	at org.gradle.internal.operations.DefaultBuildOperationRunner$2.execute(DefaultBuildOperationRunner.java:59)
	at org.gradle.internal.operations.DefaultBuildOperationRunner.execute(DefaultBuildOperationRunner.java:166)
	at org.gradle.internal.operations.DefaultBuildOperationRunner.execute(DefaultBuildOperationRunner.java:59)
	at org.gradle.internal.operations.DefaultBuildOperationRunner.call(DefaultBuildOperationRunner.java:53)
	at org.gradle.internal.resource.transfer.ProgressLoggingExternalResourceAccessor.withContent(ProgressLoggingExternalResourceAccessor.java:49)
	at org.gradle.internal.resource.transfer.AccessorBackedExternalResource.withContentIfPresent(AccessorBackedExternalResource.java:103)
	at org.gradle.internal.resource.transfer.DefaultCacheAwareExternalResourceAccessor.copyToCache(DefaultCacheAwareExternalResourceAccessor.java:188)
	at org.gradle.internal.resource.transfer.DefaultCacheAwareExternalResourceAccessor.lambda$getResource$1(DefaultCacheAwareExternalResourceAccessor.java:86)
	at org.gradle.cache.internal.ProducerGuard$AdaptiveProducerGuard.guardByKey(ProducerGuard.java:97)
	at org.gradle.internal.resource.transfer.DefaultCacheAwareExternalResourceAccessor.getResource(DefaultCacheAwareExternalResourceAccessor.java:80)
	at org.gradle.api.internal.artifacts.repositories.resolver.DefaultExternalResourceArtifactResolver.downloadByUrl(DefaultExternalResourceArtifactResolver.java:109)
	... 145 more
Caused by: org.gradle.internal.resource.transport.http.HttpRequestException: Got socket exception during request. It might be caused by SSL misconfiguration
	at org.gradle.internal.resource.transport.http.HttpClientHelper.wrapWithExplanation(HttpClientHelper.java:128)
	... 167 more
Caused by: java.net.SocketException: Network is unreachable: getsockopt
	at java.base/sun.nio.ch.Net.pollConnect(Native Method)
	at java.base/sun.nio.ch.Net.pollConnectNow(Net.java:672)
	at java.base/sun.nio.ch.NioSocketImpl.timedFinishConnect(NioSocketImpl.java:547)
	at java.base/sun.nio.ch.NioSocketImpl.connect(NioSocketImpl.java:602)
	at java.base/java.net.SocksSocketImpl.connect(SocksSocketImpl.java:327)
	at java.base/java.net.Socket.connect(Socket.java:633)
	at org.apache.http.conn.ssl.SSLConnectionSocketFactory.connectSocket(SSLConnectionSocketFactory.java:368)
	at org.apache.http.impl.conn.DefaultHttpClientConnectionOperator.connect(DefaultHttpClientConnectionOperator.java:142)
	at org.apache.http.impl.conn.PoolingHttpClientConnectionManager.connect(PoolingHttpClientConnectionManager.java:376)
	at org.apache.http.impl.execchain.MainClientExec.establishRoute(MainClientExec.java:393)
	at org.apache.http.impl.execchain.MainClientExec.execute(MainClientExec.java:236)
	at org.apache.http.impl.execchain.ProtocolExec.execute(ProtocolExec.java:186)
	at org.apache.http.impl.execchain.RetryExec.execute(RetryExec.java:89)
	at org.apache.http.impl.execchain.RedirectExec.execute(RedirectExec.java:110)
	at org.apache.http.impl.client.InternalHttpClient.doExecute(InternalHttpClient.java:185)
	at org.apache.http.impl.client.CloseableHttpClient.execute(CloseableHttpClient.java:83)
	at org.gradle.internal.resource.transport.http.HttpClientHelper.performHttpRequest(HttpClientHelper.java:200)
	at org.gradle.internal.resource.transport.http.HttpClientHelper.performHttpRequest(HttpClientHelper.java:176)
	at org.gradle.internal.resource.transport.http.HttpClientHelper.executeGetOrHead(HttpClientHelper.java:165)
	at org.gradle.internal.resource.transport.http.HttpClientHelper.performRequest(HttpClientHelper.java:113)
	... 166 more
Cause 4: org.gradle.api.internal.artifacts.transform.TransformException: Failed to transform media3-exoplayer-hls-1.9.0.aar (androidx.media3:media3-exoplayer-hls:1.9.0) to match attributes {artifactType=android-jni, org.gradle.category=library, org.gradle.dependency.bundling=external, org.gradle.libraryelements=aar, org.gradle.status=release, org.gradle.usage=java-runtime}.
	at org.gradle.api.internal.artifacts.transform.TransformingAsyncArtifactListener$TransformedArtifact.lambda$visit$4(TransformingAsyncArtifactListener.java:256)
	at org.gradle.internal.Try$Failure.ifSuccessfulOrElse(Try.java:288)
	at org.gradle.api.internal.artifacts.transform.TransformingAsyncArtifactListener$TransformedArtifact.visit(TransformingAsyncArtifactListener.java:248)
	at org.gradle.api.internal.artifacts.ivyservice.resolveengine.artifact.ParallelResolveArtifactSet$VisitingSet$StartVisitAction.visitResults(ParallelResolveArtifactSet.java:100)
	at org.gradle.api.internal.artifacts.ivyservice.resolveengine.artifact.ParallelResolveArtifactSet$VisitingSet.visit(ParallelResolveArtifactSet.java:69)
	at org.gradle.api.internal.artifacts.ivyservice.resolveengine.artifact.ResolvedArtifactSetResolver$1.run(ResolvedArtifactSetResolver.java:68)
	at org.gradle.internal.operations.DefaultBuildOperationRunner$1.execute(DefaultBuildOperationRunner.java:29)
	at org.gradle.internal.operations.DefaultBuildOperationRunner$1.execute(DefaultBuildOperationRunner.java:26)
	at org.gradle.internal.operations.DefaultBuildOperationRunner$2.execute(DefaultBuildOperationRunner.java:66)
	at org.gradle.internal.operations.DefaultBuildOperationRunner$2.execute(DefaultBuildOperationRunner.java:59)
	at org.gradle.internal.operations.DefaultBuildOperationRunner.execute(DefaultBuildOperationRunner.java:166)
	at org.gradle.internal.operations.DefaultBuildOperationRunner.execute(DefaultBuildOperationRunner.java:59)
	at org.gradle.internal.operations.DefaultBuildOperationRunner.run(DefaultBuildOperationRunner.java:47)
	at org.gradle.api.internal.artifacts.ivyservice.resolveengine.artifact.ResolvedArtifactSetResolver.visitArtifacts(ResolvedArtifactSetResolver.java:65)
	at org.gradle.api.internal.artifacts.ivyservice.resolveengine.artifact.ResolvedArtifactSetResolver.lambda$visitInUnmanagedWorkerThread$0(ResolvedArtifactSetResolver.java:61)
	at org.gradle.internal.work.DefaultWorkerLeaseService.runAsUnmanagedWorkerThread(DefaultWorkerLeaseService.java:139)
	at org.gradle.api.internal.artifacts.ivyservice.resolveengine.artifact.ResolvedArtifactSetResolver.visitInUnmanagedWorkerThread(ResolvedArtifactSetResolver.java:61)
	at org.gradle.api.internal.artifacts.ivyservice.resolveengine.artifact.DefaultSelectedArtifactSet.visitArtifacts(DefaultSelectedArtifactSet.java:59)
	at org.gradle.api.internal.artifacts.configurations.ResolutionResultProviderBackedSelectedArtifactSet.visitArtifacts(ResolutionResultProviderBackedSelectedArtifactSet.java:52)
	at org.gradle.api.internal.artifacts.ivyservice.resolveengine.artifact.SelectedArtifactSet.visitFiles(SelectedArtifactSet.java:34)
	at org.gradle.api.internal.artifacts.configurations.ResolutionBackedFileCollection.visitContents(ResolutionBackedFileCollection.java:75)
	... 91 more
Caused by: org.gradle.internal.resolve.ArtifactResolveException: Could not download media3-exoplayer-hls-1.9.0.aar (androidx.media3:media3-exoplayer-hls:1.9.0)
	at org.gradle.api.internal.artifacts.repositories.resolver.ExternalResourceResolver$RemoteRepositoryAccess.resolveArtifact(ExternalResourceResolver.java:499)
	at org.gradle.api.internal.artifacts.ivyservice.ivyresolve.CachingModuleComponentRepository$ResolveAndCacheRepositoryAccess.resolveArtifact(CachingModuleComponentRepository.java:470)
	at org.gradle.api.internal.artifacts.ivyservice.ivyresolve.ErrorHandlingModuleComponentRepository$ErrorHandlingModuleComponentRepositoryAccess.lambda$resolveArtifact$12(ErrorHandlingModuleComponentRepository.java:180)
	at org.gradle.api.internal.artifacts.ivyservice.ivyresolve.ErrorHandlingModuleComponentRepository$ErrorHandlingModuleComponentRepositoryAccess.tryResolveAndMaybeDisable(ErrorHandlingModuleComponentRepository.java:251)
	at org.gradle.api.internal.artifacts.ivyservice.ivyresolve.ErrorHandlingModuleComponentRepository$ErrorHandlingModuleComponentRepositoryAccess.performOperationWithRetries(ErrorHandlingModuleComponentRepository.java:204)
	at org.gradle.api.internal.artifacts.ivyservice.ivyresolve.ErrorHandlingModuleComponentRepository$ErrorHandlingModuleComponentRepositoryAccess.resolveArtifact(ErrorHandlingModuleComponentRepository.java:178)
	at org.gradle.api.internal.artifacts.ivyservice.ivyresolve.RepositoryChainArtifactResolver.resolveArtifactLater(RepositoryChainArtifactResolver.java:75)
	at org.gradle.api.internal.artifacts.ivyservice.ivyresolve.RepositoryChainArtifactResolver.lambda$resolveArtifact$0(RepositoryChainArtifactResolver.java:63)
	at org.gradle.internal.model.CalculatedValueContainerFactory$SupplierBackedCalculator.calculateValue(CalculatedValueContainerFactory.java:69)
	at org.gradle.internal.model.CalculatedValueContainer$CalculationState.lambda$attachValue$0(CalculatedValueContainer.java:227)
	at org.gradle.internal.Try.ofFailable(Try.java:46)
	at org.gradle.internal.model.CalculatedValueContainer$CalculationState.attachValue(CalculatedValueContainer.java:222)
	at org.gradle.internal.model.CalculatedValueContainer.finalizeIfNotAlready(CalculatedValueContainer.java:195)
	at org.gradle.internal.model.CalculatedValueContainer.finalizeIfNotAlready(CalculatedValueContainer.java:186)
	at org.gradle.api.internal.artifacts.transform.TransformingAsyncArtifactListener$TransformedArtifact.finalizeValue(TransformingAsyncArtifactListener.java:206)
	at org.gradle.api.internal.artifacts.transform.TransformingAsyncArtifactListener$TransformedArtifact.run(TransformingAsyncArtifactListener.java:160)
	at org.gradle.internal.operations.DefaultBuildOperationRunner$2.execute(DefaultBuildOperationRunner.java:66)
	at org.gradle.internal.operations.DefaultBuildOperationRunner$2.execute(DefaultBuildOperationRunner.java:59)
	at org.gradle.internal.operations.DefaultBuildOperationRunner.execute(DefaultBuildOperationRunner.java:166)
	at org.gradle.internal.operations.DefaultBuildOperationRunner.execute(DefaultBuildOperationRunner.java:59)
	at org.gradle.internal.operations.DefaultBuildOperationExecutor.lambda$executeInParallel$0(DefaultBuildOperationExecutor.java:102)
	at org.gradle.internal.operations.DefaultBuildOperationQueue$WorkerRunnable.runOperation(DefaultBuildOperationQueue.java:292)
	at org.gradle.internal.operations.DefaultBuildOperationQueue$WorkerRunnable.doRunBatch(DefaultBuildOperationQueue.java:273)
	at org.gradle.internal.operations.DefaultBuildOperationQueue$WorkerRunnable.lambda$runBatch$0(DefaultBuildOperationQueue.java:258)
	at org.gradle.internal.resources.AbstractResourceLockRegistry.whileDisallowingLockChanges(AbstractResourceLockRegistry.java:50)
	at org.gradle.internal.work.DefaultWorkerLeaseService.whileDisallowingProjectLockChanges(DefaultWorkerLeaseService.java:233)
	at org.gradle.internal.operations.DefaultBuildOperationQueue$WorkerRunnable.lambda$runBatch$1(DefaultBuildOperationQueue.java:258)
	at org.gradle.internal.work.DefaultWorkerLeaseService.runAsWorkerThread(DefaultWorkerLeaseService.java:125)
	at org.gradle.internal.operations.DefaultBuildOperationQueue$WorkerRunnable.runBatch(DefaultBuildOperationQueue.java:244)
	at org.gradle.internal.operations.DefaultBuildOperationQueue$WorkerRunnable.runOperations(DefaultBuildOperationQueue.java:212)
	at org.gradle.internal.operations.CurrentBuildOperationRef.with(CurrentBuildOperationRef.java:84)
	at org.gradle.internal.operations.DefaultBuildOperationQueue$WorkerRunnable.run(DefaultBuildOperationQueue.java:205)
	at org.gradle.internal.operations.DefaultBuildOperationQueue.waitForCompletion(DefaultBuildOperationQueue.java:114)
	at org.gradle.internal.operations.DefaultBuildOperationExecutor.executeInParallel(DefaultBuildOperationExecutor.java:115)
	at org.gradle.internal.operations.DefaultBuildOperationExecutor.runAll(DefaultBuildOperationExecutor.java:64)
	at org.gradle.api.internal.artifacts.ivyservice.resolveengine.artifact.ParallelResolveArtifactSet$VisitingSet.visit(ParallelResolveArtifactSet.java:66)
	... 107 more
Caused by: org.gradle.api.resources.ResourceException: Could not get resource 'https://maven.myket.ir/androidx/media3/media3-exoplayer-hls/1.9.0/media3-exoplayer-hls-1.9.0.aar'.
	at org.gradle.internal.resource.ResourceExceptions.failure(ResourceExceptions.java:74)
	at org.gradle.internal.resource.ResourceExceptions.getFailed(ResourceExceptions.java:57)
	at org.gradle.api.internal.artifacts.repositories.resolver.DefaultExternalResourceArtifactResolver.downloadByUrl(DefaultExternalResourceArtifactResolver.java:114)
	at org.gradle.api.internal.artifacts.repositories.resolver.DefaultExternalResourceArtifactResolver.downloadStaticResource(DefaultExternalResourceArtifactResolver.java:92)
	at org.gradle.api.internal.artifacts.repositories.resolver.DefaultExternalResourceArtifactResolver.resolveArtifact(DefaultExternalResourceArtifactResolver.java:62)
	at org.gradle.api.internal.artifacts.repositories.resolver.ExternalResourceResolver$RemoteRepositoryAccess.resolveArtifact(ExternalResourceResolver.java:492)
	... 142 more
Caused by: org.gradle.internal.resource.transport.http.HttpRequestException: Could not GET 'https://maven.myket.ir/androidx/media3/media3-exoplayer-hls/1.9.0/media3-exoplayer-hls-1.9.0.aar'.
	at org.gradle.internal.resource.transport.http.HttpClientHelper.createHttpRequestException(HttpClientHelper.java:123)
	at org.gradle.internal.resource.transport.http.HttpClientHelper.performRequest(HttpClientHelper.java:117)
	at org.gradle.internal.resource.transport.http.HttpClientHelper.performRawGet(HttpClientHelper.java:99)
	at org.gradle.internal.resource.transport.http.HttpClientHelper.performGet(HttpClientHelper.java:104)
	at org.gradle.internal.resource.transport.http.HttpResourceAccessor.openResource(HttpResourceAccessor.java:45)
	at org.gradle.internal.resource.transport.http.HttpResourceAccessor.openResource(HttpResourceAccessor.java:30)
	at org.gradle.internal.resource.transfer.AbstractExternalResourceAccessor.withContent(AbstractExternalResourceAccessor.java:32)
	at org.gradle.internal.resource.transfer.DefaultExternalResourceConnector.withContent(DefaultExternalResourceConnector.java:59)
	at org.gradle.internal.resource.transfer.ProgressLoggingExternalResourceAccessor$DownloadOperation.call(ProgressLoggingExternalResourceAccessor.java:136)
	at org.gradle.internal.operations.DefaultBuildOperationRunner$CallableBuildOperationWorker.execute(DefaultBuildOperationRunner.java:209)
	at org.gradle.internal.operations.DefaultBuildOperationRunner$CallableBuildOperationWorker.execute(DefaultBuildOperationRunner.java:204)
	at org.gradle.internal.operations.DefaultBuildOperationRunner$2.execute(DefaultBuildOperationRunner.java:66)
	at org.gradle.internal.operations.DefaultBuildOperationRunner$2.execute(DefaultBuildOperationRunner.java:59)
	at org.gradle.internal.operations.DefaultBuildOperationRunner.execute(DefaultBuildOperationRunner.java:166)
	at org.gradle.internal.operations.DefaultBuildOperationRunner.execute(DefaultBuildOperationRunner.java:59)
	at org.gradle.internal.operations.DefaultBuildOperationRunner.call(DefaultBuildOperationRunner.java:53)
	at org.gradle.internal.resource.transfer.ProgressLoggingExternalResourceAccessor.withContent(ProgressLoggingExternalResourceAccessor.java:49)
	at org.gradle.internal.resource.transfer.AccessorBackedExternalResource.withContentIfPresent(AccessorBackedExternalResource.java:103)
	at org.gradle.internal.resource.transfer.DefaultCacheAwareExternalResourceAccessor.copyToCache(DefaultCacheAwareExternalResourceAccessor.java:188)
	at org.gradle.internal.resource.transfer.DefaultCacheAwareExternalResourceAccessor.lambda$getResource$1(DefaultCacheAwareExternalResourceAccessor.java:86)
	at org.gradle.cache.internal.ProducerGuard$AdaptiveProducerGuard.guardByKey(ProducerGuard.java:97)
	at org.gradle.internal.resource.transfer.DefaultCacheAwareExternalResourceAccessor.getResource(DefaultCacheAwareExternalResourceAccessor.java:80)
	at org.gradle.api.internal.artifacts.repositories.resolver.DefaultExternalResourceArtifactResolver.downloadByUrl(DefaultExternalResourceArtifactResolver.java:109)
	... 145 more
Caused by: java.net.UnknownHostException: maven.myket.ir
	at java.base/java.net.InetAddress$CachedAddresses.get(InetAddress.java:801)
	at java.base/java.net.InetAddress.getAllByName0(InetAddress.java:1533)
	at java.base/java.net.InetAddress.getAllByName(InetAddress.java:1385)
	at java.base/java.net.InetAddress.getAllByName(InetAddress.java:1306)
	at org.apache.http.impl.conn.SystemDefaultDnsResolver.resolve(SystemDefaultDnsResolver.java:45)
	at org.apache.http.impl.conn.DefaultHttpClientConnectionOperator.connect(DefaultHttpClientConnectionOperator.java:112)
	at org.apache.http.impl.conn.PoolingHttpClientConnectionManager.connect(PoolingHttpClientConnectionManager.java:376)
	at org.apache.http.impl.execchain.MainClientExec.establishRoute(MainClientExec.java:393)
	at org.apache.http.impl.execchain.MainClientExec.execute(MainClientExec.java:236)
	at org.apache.http.impl.execchain.ProtocolExec.execute(ProtocolExec.java:186)
	at org.apache.http.impl.execchain.RetryExec.execute(RetryExec.java:89)
	at org.apache.http.impl.execchain.RedirectExec.execute(RedirectExec.java:110)
	at org.apache.http.impl.client.InternalHttpClient.doExecute(InternalHttpClient.java:185)
	at org.apache.http.impl.client.CloseableHttpClient.execute(CloseableHttpClient.java:83)
	at org.gradle.internal.resource.transport.http.HttpClientHelper.performHttpRequest(HttpClientHelper.java:200)
	at org.gradle.internal.resource.transport.http.HttpClientHelper.performHttpRequest(HttpClientHelper.java:176)
	at org.gradle.internal.resource.transport.http.HttpClientHelper.executeGetOrHead(HttpClientHelper.java:165)
	at org.gradle.internal.resource.transport.http.HttpClientHelper.performRequest(HttpClientHelper.java:113)
	... 166 more
Cause 5: org.gradle.api.internal.artifacts.transform.TransformException: Failed to transform media3-exoplayer-smoothstreaming-1.9.0.aar (androidx.media3:media3-exoplayer-smoothstreaming:1.9.0) to match attributes {artifactType=android-jni, org.gradle.category=library, org.gradle.dependency.bundling=external, org.gradle.libraryelements=aar, org.gradle.status=release, org.gradle.usage=java-runtime}.
	at org.gradle.api.internal.artifacts.transform.TransformingAsyncArtifactListener$TransformedArtifact.lambda$visit$4(TransformingAsyncArtifactListener.java:256)
	at org.gradle.internal.Try$Failure.ifSuccessfulOrElse(Try.java:288)
	at org.gradle.api.internal.artifacts.transform.TransformingAsyncArtifactListener$TransformedArtifact.visit(TransformingAsyncArtifactListener.java:248)
	at org.gradle.api.internal.artifacts.ivyservice.resolveengine.artifact.ParallelResolveArtifactSet$VisitingSet$StartVisitAction.visitResults(ParallelResolveArtifactSet.java:100)
	at org.gradle.api.internal.artifacts.ivyservice.resolveengine.artifact.ParallelResolveArtifactSet$VisitingSet.visit(ParallelResolveArtifactSet.java:69)
	at org.gradle.api.internal.artifacts.ivyservice.resolveengine.artifact.ResolvedArtifactSetResolver$1.run(ResolvedArtifactSetResolver.java:68)
	at org.gradle.internal.operations.DefaultBuildOperationRunner$1.execute(DefaultBuildOperationRunner.java:29)
	at org.gradle.internal.operations.DefaultBuildOperationRunner$1.execute(DefaultBuildOperationRunner.java:26)
	at org.gradle.internal.operations.DefaultBuildOperationRunner$2.execute(DefaultBuildOperationRunner.java:66)
	at org.gradle.internal.operations.DefaultBuildOperationRunner$2.execute(DefaultBuildOperationRunner.java:59)
	at org.gradle.internal.operations.DefaultBuildOperationRunner.execute(DefaultBuildOperationRunner.java:166)
	at org.gradle.internal.operations.DefaultBuildOperationRunner.execute(DefaultBuildOperationRunner.java:59)
	at org.gradle.internal.operations.DefaultBuildOperationRunner.run(DefaultBuildOperationRunner.java:47)
	at org.gradle.api.internal.artifacts.ivyservice.resolveengine.artifact.ResolvedArtifactSetResolver.visitArtifacts(ResolvedArtifactSetResolver.java:65)
	at org.gradle.api.internal.artifacts.ivyservice.resolveengine.artifact.ResolvedArtifactSetResolver.lambda$visitInUnmanagedWorkerThread$0(ResolvedArtifactSetResolver.java:61)
	at org.gradle.internal.work.DefaultWorkerLeaseService.runAsUnmanagedWorkerThread(DefaultWorkerLeaseService.java:139)
	at org.gradle.api.internal.artifacts.ivyservice.resolveengine.artifact.ResolvedArtifactSetResolver.visitInUnmanagedWorkerThread(ResolvedArtifactSetResolver.java:61)
	at org.gradle.api.internal.artifacts.ivyservice.resolveengine.artifact.DefaultSelectedArtifactSet.visitArtifacts(DefaultSelectedArtifactSet.java:59)
	at org.gradle.api.internal.artifacts.configurations.ResolutionResultProviderBackedSelectedArtifactSet.visitArtifacts(ResolutionResultProviderBackedSelectedArtifactSet.java:52)
	at org.gradle.api.internal.artifacts.ivyservice.resolveengine.artifact.SelectedArtifactSet.visitFiles(SelectedArtifactSet.java:34)
	at org.gradle.api.internal.artifacts.configurations.ResolutionBackedFileCollection.visitContents(ResolutionBackedFileCollection.java:75)
	... 91 more
Caused by: org.gradle.internal.resolve.ArtifactResolveException: Could not download media3-exoplayer-smoothstreaming-1.9.0.aar (androidx.media3:media3-exoplayer-smoothstreaming:1.9.0)
	at org.gradle.api.internal.artifacts.repositories.resolver.ExternalResourceResolver$RemoteRepositoryAccess.resolveArtifact(ExternalResourceResolver.java:499)
	at org.gradle.api.internal.artifacts.ivyservice.ivyresolve.CachingModuleComponentRepository$ResolveAndCacheRepositoryAccess.resolveArtifact(CachingModuleComponentRepository.java:470)
	at org.gradle.api.internal.artifacts.ivyservice.ivyresolve.ErrorHandlingModuleComponentRepository$ErrorHandlingModuleComponentRepositoryAccess.lambda$resolveArtifact$12(ErrorHandlingModuleComponentRepository.java:180)
	at org.gradle.api.internal.artifacts.ivyservice.ivyresolve.ErrorHandlingModuleComponentRepository$ErrorHandlingModuleComponentRepositoryAccess.tryResolveAndMaybeDisable(ErrorHandlingModuleComponentRepository.java:251)
	at org.gradle.api.internal.artifacts.ivyservice.ivyresolve.ErrorHandlingModuleComponentRepository$ErrorHandlingModuleComponentRepositoryAccess.performOperationWithRetries(ErrorHandlingModuleComponentRepository.java:204)
	at org.gradle.api.internal.artifacts.ivyservice.ivyresolve.ErrorHandlingModuleComponentRepository$ErrorHandlingModuleComponentRepositoryAccess.resolveArtifact(ErrorHandlingModuleComponentRepository.java:178)
	at org.gradle.api.internal.artifacts.ivyservice.ivyresolve.RepositoryChainArtifactResolver.resolveArtifactLater(RepositoryChainArtifactResolver.java:75)
	at org.gradle.api.internal.artifacts.ivyservice.ivyresolve.RepositoryChainArtifactResolver.lambda$resolveArtifact$0(RepositoryChainArtifactResolver.java:63)
	at org.gradle.internal.model.CalculatedValueContainerFactory$SupplierBackedCalculator.calculateValue(CalculatedValueContainerFactory.java:69)
	at org.gradle.internal.model.CalculatedValueContainer$CalculationState.lambda$attachValue$0(CalculatedValueContainer.java:227)
	at org.gradle.internal.Try.ofFailable(Try.java:46)
	at org.gradle.internal.model.CalculatedValueContainer$CalculationState.attachValue(CalculatedValueContainer.java:222)
	at org.gradle.internal.model.CalculatedValueContainer.finalizeIfNotAlready(CalculatedValueContainer.java:195)
	at org.gradle.internal.model.CalculatedValueContainer.finalizeIfNotAlready(CalculatedValueContainer.java:186)
	at org.gradle.api.internal.artifacts.transform.TransformingAsyncArtifactListener$TransformedArtifact.finalizeValue(TransformingAsyncArtifactListener.java:206)
	at org.gradle.api.internal.artifacts.transform.TransformingAsyncArtifactListener$TransformedArtifact.run(TransformingAsyncArtifactListener.java:160)
	at org.gradle.internal.operations.DefaultBuildOperationRunner$2.execute(DefaultBuildOperationRunner.java:66)
	at org.gradle.internal.operations.DefaultBuildOperationRunner$2.execute(DefaultBuildOperationRunner.java:59)
	at org.gradle.internal.operations.DefaultBuildOperationRunner.execute(DefaultBuildOperationRunner.java:166)
	at org.gradle.internal.operations.DefaultBuildOperationRunner.execute(DefaultBuildOperationRunner.java:59)
	at org.gradle.internal.operations.DefaultBuildOperationExecutor.lambda$executeInParallel$0(DefaultBuildOperationExecutor.java:102)
	at org.gradle.internal.operations.DefaultBuildOperationQueue$WorkerRunnable.runOperation(DefaultBuildOperationQueue.java:292)
	at org.gradle.internal.operations.DefaultBuildOperationQueue$WorkerRunnable.doRunBatch(DefaultBuildOperationQueue.java:273)
	at org.gradle.internal.operations.DefaultBuildOperationQueue$WorkerRunnable.lambda$runBatch$0(DefaultBuildOperationQueue.java:258)
	at org.gradle.internal.resources.AbstractResourceLockRegistry.whileDisallowingLockChanges(AbstractResourceLockRegistry.java:50)
	at org.gradle.internal.work.DefaultWorkerLeaseService.whileDisallowingProjectLockChanges(DefaultWorkerLeaseService.java:233)
	at org.gradle.internal.operations.DefaultBuildOperationQueue$WorkerRunnable.lambda$runBatch$1(DefaultBuildOperationQueue.java:258)
	at org.gradle.internal.work.DefaultWorkerLeaseService.lambda$withLocksAcquired$0(DefaultWorkerLeaseService.java:269)
	at org.gradle.internal.work.ResourceLockStatistics$1.measure(ResourceLockStatistics.java:42)
	at org.gradle.internal.work.DefaultWorkerLeaseService.withLocksAcquired(DefaultWorkerLeaseService.java:267)
	at org.gradle.internal.work.DefaultWorkerLeaseService.withLocks(DefaultWorkerLeaseService.java:259)
	at org.gradle.internal.work.DefaultWorkerLeaseService.runAsWorkerThread(DefaultWorkerLeaseService.java:127)
	at org.gradle.internal.operations.DefaultBuildOperationQueue$WorkerRunnable.runBatch(DefaultBuildOperationQueue.java:244)
	at org.gradle.internal.operations.DefaultBuildOperationQueue$WorkerRunnable.runOperations(DefaultBuildOperationQueue.java:212)
	at org.gradle.internal.operations.CurrentBuildOperationRef.with(CurrentBuildOperationRef.java:84)
	at org.gradle.internal.operations.DefaultBuildOperationQueue$WorkerRunnable.run(DefaultBuildOperationQueue.java:205)
	... 5 more
Caused by: org.gradle.api.resources.ResourceException: Could not get resource 'https://maven.myket.ir/androidx/media3/media3-exoplayer-smoothstreaming/1.9.0/media3-exoplayer-smoothstreaming-1.9.0.aar'.
	at org.gradle.internal.resource.ResourceExceptions.failure(ResourceExceptions.java:74)
	at org.gradle.internal.resource.ResourceExceptions.getFailed(ResourceExceptions.java:57)
	at org.gradle.api.internal.artifacts.repositories.resolver.DefaultExternalResourceArtifactResolver.downloadByUrl(DefaultExternalResourceArtifactResolver.java:114)
	at org.gradle.api.internal.artifacts.repositories.resolver.DefaultExternalResourceArtifactResolver.downloadStaticResource(DefaultExternalResourceArtifactResolver.java:92)
	at org.gradle.api.internal.artifacts.repositories.resolver.DefaultExternalResourceArtifactResolver.resolveArtifact(DefaultExternalResourceArtifactResolver.java:62)
	at org.gradle.api.internal.artifacts.repositories.resolver.ExternalResourceResolver$RemoteRepositoryAccess.resolveArtifact(ExternalResourceResolver.java:492)
	... 40 more
Caused by: org.gradle.internal.resource.transport.http.HttpRequestException: Could not GET 'https://maven.myket.ir/androidx/media3/media3-exoplayer-smoothstreaming/1.9.0/media3-exoplayer-smoothstreaming-1.9.0.aar'.
	at org.gradle.internal.resource.transport.http.HttpClientHelper.createHttpRequestException(HttpClientHelper.java:123)
	at org.gradle.internal.resource.transport.http.HttpClientHelper.performRequest(HttpClientHelper.java:117)
	at org.gradle.internal.resource.transport.http.HttpClientHelper.performRawGet(HttpClientHelper.java:99)
	at org.gradle.internal.resource.transport.http.HttpClientHelper.performGet(HttpClientHelper.java:104)
	at org.gradle.internal.resource.transport.http.HttpResourceAccessor.openResource(HttpResourceAccessor.java:45)
	at org.gradle.internal.resource.transport.http.HttpResourceAccessor.openResource(HttpResourceAccessor.java:30)
	at org.gradle.internal.resource.transfer.AbstractExternalResourceAccessor.withContent(AbstractExternalResourceAccessor.java:32)
	at org.gradle.internal.resource.transfer.DefaultExternalResourceConnector.withContent(DefaultExternalResourceConnector.java:59)
	at org.gradle.internal.resource.transfer.ProgressLoggingExternalResourceAccessor$DownloadOperation.call(ProgressLoggingExternalResourceAccessor.java:136)
	at org.gradle.internal.operations.DefaultBuildOperationRunner$CallableBuildOperationWorker.execute(DefaultBuildOperationRunner.java:209)
	at org.gradle.internal.operations.DefaultBuildOperationRunner$CallableBuildOperationWorker.execute(DefaultBuildOperationRunner.java:204)
	at org.gradle.internal.operations.DefaultBuildOperationRunner$2.execute(DefaultBuildOperationRunner.java:66)
	at org.gradle.internal.operations.DefaultBuildOperationRunner$2.execute(DefaultBuildOperationRunner.java:59)
	at org.gradle.internal.operations.DefaultBuildOperationRunner.execute(DefaultBuildOperationRunner.java:166)
	at org.gradle.internal.operations.DefaultBuildOperationRunner.execute(DefaultBuildOperationRunner.java:59)
	at org.gradle.internal.operations.DefaultBuildOperationRunner.call(DefaultBuildOperationRunner.java:53)
	at org.gradle.internal.resource.transfer.ProgressLoggingExternalResourceAccessor.withContent(ProgressLoggingExternalResourceAccessor.java:49)
	at org.gradle.internal.resource.transfer.AccessorBackedExternalResource.withContentIfPresent(AccessorBackedExternalResource.java:103)
	at org.gradle.internal.resource.transfer.DefaultCacheAwareExternalResourceAccessor.copyToCache(DefaultCacheAwareExternalResourceAccessor.java:188)
	at org.gradle.internal.resource.transfer.DefaultCacheAwareExternalResourceAccessor.lambda$getResource$1(DefaultCacheAwareExternalResourceAccessor.java:86)
	at org.gradle.cache.internal.ProducerGuard$AdaptiveProducerGuard.guardByKey(ProducerGuard.java:97)
	at org.gradle.internal.resource.transfer.DefaultCacheAwareExternalResourceAccessor.getResource(DefaultCacheAwareExternalResourceAccessor.java:80)
	at org.gradle.api.internal.artifacts.repositories.resolver.DefaultExternalResourceArtifactResolver.downloadByUrl(DefaultExternalResourceArtifactResolver.java:109)
	... 43 more
Caused by: java.net.UnknownHostException: No such host is known (maven.myket.ir)
	at java.base/java.net.Inet6AddressImpl.lookupAllHostAddr(Native Method)
	at java.base/java.net.InetAddress$PlatformNameService.lookupAllHostAddr(InetAddress.java:934)
	at java.base/java.net.InetAddress.getAddressesFromNameService(InetAddress.java:1543)
	at java.base/java.net.InetAddress$NameServiceAddresses.get(InetAddress.java:852)
	at java.base/java.net.InetAddress.getAllByName0(InetAddress.java:1533)
	at java.base/java.net.InetAddress.getAllByName(InetAddress.java:1385)
	at java.base/java.net.InetAddress.getAllByName(InetAddress.java:1306)
	at org.apache.http.impl.conn.SystemDefaultDnsResolver.resolve(SystemDefaultDnsResolver.java:45)
	at org.apache.http.impl.conn.DefaultHttpClientConnectionOperator.connect(DefaultHttpClientConnectionOperator.java:112)
	at org.apache.http.impl.conn.PoolingHttpClientConnectionManager.connect(PoolingHttpClientConnectionManager.java:376)
	at org.apache.http.impl.execchain.MainClientExec.establishRoute(MainClientExec.java:393)
	at org.apache.http.impl.execchain.MainClientExec.execute(MainClientExec.java:236)
	at org.apache.http.impl.execchain.ProtocolExec.execute(ProtocolExec.java:186)
	at org.apache.http.impl.execchain.RetryExec.execute(RetryExec.java:89)
	at org.apache.http.impl.execchain.RedirectExec.execute(RedirectExec.java:110)
	at org.apache.http.impl.client.InternalHttpClient.doExecute(InternalHttpClient.java:185)
	at org.apache.http.impl.client.CloseableHttpClient.execute(CloseableHttpClient.java:83)
	at org.gradle.internal.resource.transport.http.HttpClientHelper.performHttpRequest(HttpClientHelper.java:200)
	at org.gradle.internal.resource.transport.http.HttpClientHelper.performHttpRequest(HttpClientHelper.java:176)
	at org.gradle.internal.resource.transport.http.HttpClientHelper.executeGetOrHead(HttpClientHelper.java:165)
	at org.gradle.internal.resource.transport.http.HttpClientHelper.performRequest(HttpClientHelper.java:113)
	... 64 more
Cause 6: org.gradle.api.internal.artifacts.transform.TransformException: Failed to transform media3-exoplayer-1.9.0.aar (androidx.media3:media3-exoplayer:1.9.0) to match attributes {artifactType=android-jni, org.gradle.category=library, org.gradle.dependency.bundling=external, org.gradle.libraryelements=aar, org.gradle.status=release, org.gradle.usage=java-runtime}.
	at org.gradle.api.internal.artifacts.transform.TransformingAsyncArtifactListener$TransformedArtifact.lambda$visit$4(TransformingAsyncArtifactListener.java:256)
	at org.gradle.internal.Try$Failure.ifSuccessfulOrElse(Try.java:288)
	at org.gradle.api.internal.artifacts.transform.TransformingAsyncArtifactListener$TransformedArtifact.visit(TransformingAsyncArtifactListener.java:248)
	at org.gradle.api.internal.artifacts.ivyservice.resolveengine.artifact.ParallelResolveArtifactSet$VisitingSet$StartVisitAction.visitResults(ParallelResolveArtifactSet.java:100)
	at org.gradle.api.internal.artifacts.ivyservice.resolveengine.artifact.ParallelResolveArtifactSet$VisitingSet.visit(ParallelResolveArtifactSet.java:69)
	at org.gradle.api.internal.artifacts.ivyservice.resolveengine.artifact.ResolvedArtifactSetResolver$1.run(ResolvedArtifactSetResolver.java:68)
	at org.gradle.internal.operations.DefaultBuildOperationRunner$1.execute(DefaultBuildOperationRunner.java:29)
	at org.gradle.internal.operations.DefaultBuildOperationRunner$1.execute(DefaultBuildOperationRunner.java:26)
	at org.gradle.internal.operations.DefaultBuildOperationRunner$2.execute(DefaultBuildOperationRunner.java:66)
	at org.gradle.internal.operations.DefaultBuildOperationRunner$2.execute(DefaultBuildOperationRunner.java:59)
	at org.gradle.internal.operations.DefaultBuildOperationRunner.execute(DefaultBuildOperationRunner.java:166)
	at org.gradle.internal.operations.DefaultBuildOperationRunner.execute(DefaultBuildOperationRunner.java:59)
	at org.gradle.internal.operations.DefaultBuildOperationRunner.run(DefaultBuildOperationRunner.java:47)
	at org.gradle.api.internal.artifacts.ivyservice.resolveengine.artifact.ResolvedArtifactSetResolver.visitArtifacts(ResolvedArtifactSetResolver.java:65)
	at org.gradle.api.internal.artifacts.ivyservice.resolveengine.artifact.ResolvedArtifactSetResolver.lambda$visitInUnmanagedWorkerThread$0(ResolvedArtifactSetResolver.java:61)
	at org.gradle.internal.work.DefaultWorkerLeaseService.runAsUnmanagedWorkerThread(DefaultWorkerLeaseService.java:139)
	at org.gradle.api.internal.artifacts.ivyservice.resolveengine.artifact.ResolvedArtifactSetResolver.visitInUnmanagedWorkerThread(ResolvedArtifactSetResolver.java:61)
	at org.gradle.api.internal.artifacts.ivyservice.resolveengine.artifact.DefaultSelectedArtifactSet.visitArtifacts(DefaultSelectedArtifactSet.java:59)
	at org.gradle.api.internal.artifacts.configurations.ResolutionResultProviderBackedSelectedArtifactSet.visitArtifacts(ResolutionResultProviderBackedSelectedArtifactSet.java:52)
	at org.gradle.api.internal.artifacts.ivyservice.resolveengine.artifact.SelectedArtifactSet.visitFiles(SelectedArtifactSet.java:34)
	at org.gradle.api.internal.artifacts.configurations.ResolutionBackedFileCollection.visitContents(ResolutionBackedFileCollection.java:75)
	... 91 more
Caused by: org.gradle.internal.resolve.ArtifactResolveException: Could not download media3-exoplayer-1.9.0.aar (androidx.media3:media3-exoplayer:1.9.0)
	at org.gradle.api.internal.artifacts.repositories.resolver.ExternalResourceResolver$RemoteRepositoryAccess.resolveArtifact(ExternalResourceResolver.java:499)
	at org.gradle.api.internal.artifacts.ivyservice.ivyresolve.CachingModuleComponentRepository$ResolveAndCacheRepositoryAccess.resolveArtifact(CachingModuleComponentRepository.java:470)
	at org.gradle.api.internal.artifacts.ivyservice.ivyresolve.ErrorHandlingModuleComponentRepository$ErrorHandlingModuleComponentRepositoryAccess.lambda$resolveArtifact$12(ErrorHandlingModuleComponentRepository.java:180)
	at org.gradle.api.internal.artifacts.ivyservice.ivyresolve.ErrorHandlingModuleComponentRepository$ErrorHandlingModuleComponentRepositoryAccess.tryResolveAndMaybeDisable(ErrorHandlingModuleComponentRepository.java:251)
	at org.gradle.api.internal.artifacts.ivyservice.ivyresolve.ErrorHandlingModuleComponentRepository$ErrorHandlingModuleComponentRepositoryAccess.performOperationWithRetries(ErrorHandlingModuleComponentRepository.java:204)
	at org.gradle.api.internal.artifacts.ivyservice.ivyresolve.ErrorHandlingModuleComponentRepository$ErrorHandlingModuleComponentRepositoryAccess.resolveArtifact(ErrorHandlingModuleComponentRepository.java:178)
	at org.gradle.api.internal.artifacts.ivyservice.ivyresolve.RepositoryChainArtifactResolver.resolveArtifactLater(RepositoryChainArtifactResolver.java:75)
	at org.gradle.api.internal.artifacts.ivyservice.ivyresolve.RepositoryChainArtifactResolver.lambda$resolveArtifact$0(RepositoryChainArtifactResolver.java:63)
	at org.gradle.internal.model.CalculatedValueContainerFactory$SupplierBackedCalculator.calculateValue(CalculatedValueContainerFactory.java:69)
	at org.gradle.internal.model.CalculatedValueContainer$CalculationState.lambda$attachValue$0(CalculatedValueContainer.java:227)
	at org.gradle.internal.Try.ofFailable(Try.java:46)
	at org.gradle.internal.model.CalculatedValueContainer$CalculationState.attachValue(CalculatedValueContainer.java:222)
	at org.gradle.internal.model.CalculatedValueContainer.finalizeIfNotAlready(CalculatedValueContainer.java:195)
	at org.gradle.internal.model.CalculatedValueContainer.finalizeIfNotAlready(CalculatedValueContainer.java:186)
	at org.gradle.api.internal.artifacts.transform.TransformingAsyncArtifactListener$TransformedArtifact.finalizeValue(TransformingAsyncArtifactListener.java:206)
	at org.gradle.api.internal.artifacts.transform.TransformingAsyncArtifactListener$TransformedArtifact.run(TransformingAsyncArtifactListener.java:160)
	at org.gradle.internal.operations.DefaultBuildOperationRunner$2.execute(DefaultBuildOperationRunner.java:66)
	at org.gradle.internal.operations.DefaultBuildOperationRunner$2.execute(DefaultBuildOperationRunner.java:59)
	at org.gradle.internal.operations.DefaultBuildOperationRunner.execute(DefaultBuildOperationRunner.java:166)
	at org.gradle.internal.operations.DefaultBuildOperationRunner.execute(DefaultBuildOperationRunner.java:59)
	at org.gradle.internal.operations.DefaultBuildOperationExecutor.lambda$executeInParallel$0(DefaultBuildOperationExecutor.java:102)
	at org.gradle.internal.operations.DefaultBuildOperationQueue$WorkerRunnable.runOperation(DefaultBuildOperationQueue.java:292)
	at org.gradle.internal.operations.DefaultBuildOperationQueue$WorkerRunnable.doRunBatch(DefaultBuildOperationQueue.java:273)
	at org.gradle.internal.operations.DefaultBuildOperationQueue$WorkerRunnable.lambda$runBatch$0(DefaultBuildOperationQueue.java:258)
	at org.gradle.internal.resources.AbstractResourceLockRegistry.whileDisallowingLockChanges(AbstractResourceLockRegistry.java:50)
	at org.gradle.internal.work.DefaultWorkerLeaseService.whileDisallowingProjectLockChanges(DefaultWorkerLeaseService.java:233)
	at org.gradle.internal.operations.DefaultBuildOperationQueue$WorkerRunnable.lambda$runBatch$1(DefaultBuildOperationQueue.java:258)
	at org.gradle.internal.work.DefaultWorkerLeaseService.lambda$withLocksAcquired$0(DefaultWorkerLeaseService.java:269)
	at org.gradle.internal.work.ResourceLockStatistics$1.measure(ResourceLockStatistics.java:42)
	at org.gradle.internal.work.DefaultWorkerLeaseService.withLocksAcquired(DefaultWorkerLeaseService.java:267)
	at org.gradle.internal.work.DefaultWorkerLeaseService.withLocks(DefaultWorkerLeaseService.java:259)
	at org.gradle.internal.work.DefaultWorkerLeaseService.runAsWorkerThread(DefaultWorkerLeaseService.java:127)
	at org.gradle.internal.operations.DefaultBuildOperationQueue$WorkerRunnable.runBatch(DefaultBuildOperationQueue.java:244)
	at org.gradle.internal.operations.DefaultBuildOperationQueue$WorkerRunnable.runOperations(DefaultBuildOperationQueue.java:212)
	at org.gradle.internal.operations.CurrentBuildOperationRef.with(CurrentBuildOperationRef.java:84)
	at org.gradle.internal.operations.DefaultBuildOperationQueue$WorkerRunnable.run(DefaultBuildOperationQueue.java:205)
	... 5 more
Caused by: org.gradle.api.resources.ResourceException: Could not get resource 'https://maven.myket.ir/androidx/media3/media3-exoplayer/1.9.0/media3-exoplayer-1.9.0.aar'.
	at org.gradle.internal.resource.ResourceExceptions.failure(ResourceExceptions.java:74)
	at org.gradle.internal.resource.ResourceExceptions.getFailed(ResourceExceptions.java:57)
	at org.gradle.api.internal.artifacts.repositories.resolver.DefaultExternalResourceArtifactResolver.downloadByUrl(DefaultExternalResourceArtifactResolver.java:114)
	at org.gradle.api.internal.artifacts.repositories.resolver.DefaultExternalResourceArtifactResolver.downloadStaticResource(DefaultExternalResourceArtifactResolver.java:92)
	at org.gradle.api.internal.artifacts.repositories.resolver.DefaultExternalResourceArtifactResolver.resolveArtifact(DefaultExternalResourceArtifactResolver.java:62)
	at org.gradle.api.internal.artifacts.repositories.resolver.ExternalResourceResolver$RemoteRepositoryAccess.resolveArtifact(ExternalResourceResolver.java:492)
	... 40 more
Caused by: org.gradle.internal.resource.transport.http.HttpRequestException: Could not GET 'https://maven.myket.ir/androidx/media3/media3-exoplayer/1.9.0/media3-exoplayer-1.9.0.aar'.
	at org.gradle.internal.resource.transport.http.HttpClientHelper.createHttpRequestException(HttpClientHelper.java:123)
	at org.gradle.internal.resource.transport.http.HttpClientHelper.performRequest(HttpClientHelper.java:117)
	at org.gradle.internal.resource.transport.http.HttpClientHelper.performRawGet(HttpClientHelper.java:99)
	at org.gradle.internal.resource.transport.http.HttpClientHelper.performGet(HttpClientHelper.java:104)
	at org.gradle.internal.resource.transport.http.HttpResourceAccessor.openResource(HttpResourceAccessor.java:45)
	at org.gradle.internal.resource.transport.http.HttpResourceAccessor.openResource(HttpResourceAccessor.java:30)
	at org.gradle.internal.resource.transfer.AbstractExternalResourceAccessor.withContent(AbstractExternalResourceAccessor.java:32)
	at org.gradle.internal.resource.transfer.DefaultExternalResourceConnector.withContent(DefaultExternalResourceConnector.java:59)
	at org.gradle.internal.resource.transfer.ProgressLoggingExternalResourceAccessor$DownloadOperation.call(ProgressLoggingExternalResourceAccessor.java:136)
	at org.gradle.internal.operations.DefaultBuildOperationRunner$CallableBuildOperationWorker.execute(DefaultBuildOperationRunner.java:209)
	at org.gradle.internal.operations.DefaultBuildOperationRunner$CallableBuildOperationWorker.execute(DefaultBuildOperationRunner.java:204)
	at org.gradle.internal.operations.DefaultBuildOperationRunner$2.execute(DefaultBuildOperationRunner.java:66)
	at org.gradle.internal.operations.DefaultBuildOperationRunner$2.execute(DefaultBuildOperationRunner.java:59)
	at org.gradle.internal.operations.DefaultBuildOperationRunner.execute(DefaultBuildOperationRunner.java:166)
	at org.gradle.internal.operations.DefaultBuildOperationRunner.execute(DefaultBuildOperationRunner.java:59)
	at org.gradle.internal.operations.DefaultBuildOperationRunner.call(DefaultBuildOperationRunner.java:53)
	at org.gradle.internal.resource.transfer.ProgressLoggingExternalResourceAccessor.withContent(ProgressLoggingExternalResourceAccessor.java:49)
	at org.gradle.internal.resource.transfer.AccessorBackedExternalResource.withContentIfPresent(AccessorBackedExternalResource.java:103)
	at org.gradle.internal.resource.transfer.DefaultCacheAwareExternalResourceAccessor.copyToCache(DefaultCacheAwareExternalResourceAccessor.java:188)
	at org.gradle.internal.resource.transfer.DefaultCacheAwareExternalResourceAccessor.lambda$getResource$1(DefaultCacheAwareExternalResourceAccessor.java:86)
	at org.gradle.cache.internal.ProducerGuard$AdaptiveProducerGuard.guardByKey(ProducerGuard.java:97)
	at org.gradle.internal.resource.transfer.DefaultCacheAwareExternalResourceAccessor.getResource(DefaultCacheAwareExternalResourceAccessor.java:80)
	at org.gradle.api.internal.artifacts.repositories.resolver.DefaultExternalResourceArtifactResolver.downloadByUrl(DefaultExternalResourceArtifactResolver.java:109)
	... 43 more
Caused by: java.net.UnknownHostException: maven.myket.ir
	at java.base/java.net.InetAddress$CachedAddresses.get(InetAddress.java:801)
	at java.base/java.net.InetAddress.getAllByName0(InetAddress.java:1533)
	at java.base/java.net.InetAddress.getAllByName(InetAddress.java:1385)
	at java.base/java.net.InetAddress.getAllByName(InetAddress.java:1306)
	at org.apache.http.impl.conn.SystemDefaultDnsResolver.resolve(SystemDefaultDnsResolver.java:45)
	at org.apache.http.impl.conn.DefaultHttpClientConnectionOperator.connect(DefaultHttpClientConnectionOperator.java:112)
	at org.apache.http.impl.conn.PoolingHttpClientConnectionManager.connect(PoolingHttpClientConnectionManager.java:376)
	at org.apache.http.impl.execchain.MainClientExec.establishRoute(MainClientExec.java:393)
	at org.apache.http.impl.execchain.MainClientExec.execute(MainClientExec.java:236)
	at org.apache.http.impl.execchain.ProtocolExec.execute(ProtocolExec.java:186)
	at org.apache.http.impl.execchain.RetryExec.execute(RetryExec.java:89)
	at org.apache.http.impl.execchain.RedirectExec.execute(RedirectExec.java:110)
	at org.apache.http.impl.client.InternalHttpClient.doExecute(InternalHttpClient.java:185)
	at org.apache.http.impl.client.CloseableHttpClient.execute(CloseableHttpClient.java:83)
	at org.gradle.internal.resource.transport.http.HttpClientHelper.performHttpRequest(HttpClientHelper.java:200)
	at org.gradle.internal.resource.transport.http.HttpClientHelper.performHttpRequest(HttpClientHelper.java:176)
	at org.gradle.internal.resource.transport.http.HttpClientHelper.executeGetOrHead(HttpClientHelper.java:165)
	at org.gradle.internal.resource.transport.http.HttpClientHelper.performRequest(HttpClientHelper.java:113)
	... 64 more
Cause 7: org.gradle.api.internal.artifacts.transform.TransformException: Failed to transform media3-datasource-okhttp-1.9.0.aar (androidx.media3:media3-datasource-okhttp:1.9.0) to match attributes {artifactType=android-jni, org.gradle.category=library, org.gradle.dependency.bundling=external, org.gradle.libraryelements=aar, org.gradle.status=release, org.gradle.usage=java-runtime}.
	at org.gradle.api.internal.artifacts.transform.TransformingAsyncArtifactListener$TransformedArtifact.lambda$visit$4(TransformingAsyncArtifactListener.java:256)
	at org.gradle.internal.Try$Failure.ifSuccessfulOrElse(Try.java:288)
	at org.gradle.api.internal.artifacts.transform.TransformingAsyncArtifactListener$TransformedArtifact.visit(TransformingAsyncArtifactListener.java:248)
	at org.gradle.api.internal.artifacts.ivyservice.resolveengine.artifact.ParallelResolveArtifactSet$VisitingSet$StartVisitAction.visitResults(ParallelResolveArtifactSet.java:100)
	at org.gradle.api.internal.artifacts.ivyservice.resolveengine.artifact.ParallelResolveArtifactSet$VisitingSet.visit(ParallelResolveArtifactSet.java:69)
	at org.gradle.api.internal.artifacts.ivyservice.resolveengine.artifact.ResolvedArtifactSetResolver$1.run(ResolvedArtifactSetResolver.java:68)
	at org.gradle.internal.operations.DefaultBuildOperationRunner$1.execute(DefaultBuildOperationRunner.java:29)
	at org.gradle.internal.operations.DefaultBuildOperationRunner$1.execute(DefaultBuildOperationRunner.java:26)
	at org.gradle.internal.operations.DefaultBuildOperationRunner$2.execute(DefaultBuildOperationRunner.java:66)
	at org.gradle.internal.operations.DefaultBuildOperationRunner$2.execute(DefaultBuildOperationRunner.java:59)
	at org.gradle.internal.operations.DefaultBuildOperationRunner.execute(DefaultBuildOperationRunner.java:166)
	at org.gradle.internal.operations.DefaultBuildOperationRunner.execute(DefaultBuildOperationRunner.java:59)
	at org.gradle.internal.operations.DefaultBuildOperationRunner.run(DefaultBuildOperationRunner.java:47)
	at org.gradle.api.internal.artifacts.ivyservice.resolveengine.artifact.ResolvedArtifactSetResolver.visitArtifacts(ResolvedArtifactSetResolver.java:65)
	at org.gradle.api.internal.artifacts.ivyservice.resolveengine.artifact.ResolvedArtifactSetResolver.lambda$visitInUnmanagedWorkerThread$0(ResolvedArtifactSetResolver.java:61)
	at org.gradle.internal.work.DefaultWorkerLeaseService.runAsUnmanagedWorkerThread(DefaultWorkerLeaseService.java:139)
	at org.gradle.api.internal.artifacts.ivyservice.resolveengine.artifact.ResolvedArtifactSetResolver.visitInUnmanagedWorkerThread(ResolvedArtifactSetResolver.java:61)
	at org.gradle.api.internal.artifacts.ivyservice.resolveengine.artifact.DefaultSelectedArtifactSet.visitArtifacts(DefaultSelectedArtifactSet.java:59)
	at org.gradle.api.internal.artifacts.configurations.ResolutionResultProviderBackedSelectedArtifactSet.visitArtifacts(ResolutionResultProviderBackedSelectedArtifactSet.java:52)
	at org.gradle.api.internal.artifacts.ivyservice.resolveengine.artifact.SelectedArtifactSet.visitFiles(SelectedArtifactSet.java:34)
	at org.gradle.api.internal.artifacts.configurations.ResolutionBackedFileCollection.visitContents(ResolutionBackedFileCollection.java:75)
	... 91 more
Caused by: org.gradle.internal.resolve.ArtifactResolveException: Could not download media3-datasource-okhttp-1.9.0.aar (androidx.media3:media3-datasource-okhttp:1.9.0)
	at org.gradle.api.internal.artifacts.repositories.resolver.ExternalResourceResolver$RemoteRepositoryAccess.resolveArtifact(ExternalResourceResolver.java:499)
	at org.gradle.api.internal.artifacts.ivyservice.ivyresolve.CachingModuleComponentRepository$ResolveAndCacheRepositoryAccess.resolveArtifact(CachingModuleComponentRepository.java:470)
	at org.gradle.api.internal.artifacts.ivyservice.ivyresolve.ErrorHandlingModuleComponentRepository$ErrorHandlingModuleComponentRepositoryAccess.lambda$resolveArtifact$12(ErrorHandlingModuleComponentRepository.java:180)
	at org.gradle.api.internal.artifacts.ivyservice.ivyresolve.ErrorHandlingModuleComponentRepository$ErrorHandlingModuleComponentRepositoryAccess.tryResolveAndMaybeDisable(ErrorHandlingModuleComponentRepository.java:251)
	at org.gradle.api.internal.artifacts.ivyservice.ivyresolve.ErrorHandlingModuleComponentRepository$ErrorHandlingModuleComponentRepositoryAccess.performOperationWithRetries(ErrorHandlingModuleComponentRepository.java:204)
	at org.gradle.api.internal.artifacts.ivyservice.ivyresolve.ErrorHandlingModuleComponentRepository$ErrorHandlingModuleComponentRepositoryAccess.resolveArtifact(ErrorHandlingModuleComponentRepository.java:178)
	at org.gradle.api.internal.artifacts.ivyservice.ivyresolve.RepositoryChainArtifactResolver.resolveArtifactLater(RepositoryChainArtifactResolver.java:75)
	at org.gradle.api.internal.artifacts.ivyservice.ivyresolve.RepositoryChainArtifactResolver.lambda$resolveArtifact$0(RepositoryChainArtifactResolver.java:63)
	at org.gradle.internal.model.CalculatedValueContainerFactory$SupplierBackedCalculator.calculateValue(CalculatedValueContainerFactory.java:69)
	at org.gradle.internal.model.CalculatedValueContainer$CalculationState.lambda$attachValue$0(CalculatedValueContainer.java:227)
	at org.gradle.internal.Try.ofFailable(Try.java:46)
	at org.gradle.internal.model.CalculatedValueContainer$CalculationState.attachValue(CalculatedValueContainer.java:222)
	at org.gradle.internal.model.CalculatedValueContainer.finalizeIfNotAlready(CalculatedValueContainer.java:195)
	at org.gradle.internal.model.CalculatedValueContainer.finalizeIfNotAlready(CalculatedValueContainer.java:186)
	at org.gradle.api.internal.artifacts.transform.TransformingAsyncArtifactListener$TransformedArtifact.finalizeValue(TransformingAsyncArtifactListener.java:206)
	at org.gradle.api.internal.artifacts.transform.TransformingAsyncArtifactListener$TransformedArtifact.run(TransformingAsyncArtifactListener.java:160)
	at org.gradle.internal.operations.DefaultBuildOperationRunner$2.execute(DefaultBuildOperationRunner.java:66)
	at org.gradle.internal.operations.DefaultBuildOperationRunner$2.execute(DefaultBuildOperationRunner.java:59)
	at org.gradle.internal.operations.DefaultBuildOperationRunner.execute(DefaultBuildOperationRunner.java:166)
	at org.gradle.internal.operations.DefaultBuildOperationRunner.execute(DefaultBuildOperationRunner.java:59)
	at org.gradle.internal.operations.DefaultBuildOperationExecutor.lambda$executeInParallel$0(DefaultBuildOperationExecutor.java:102)
	at org.gradle.internal.operations.DefaultBuildOperationQueue$WorkerRunnable.runOperation(DefaultBuildOperationQueue.java:292)
	at org.gradle.internal.operations.DefaultBuildOperationQueue$WorkerRunnable.doRunBatch(DefaultBuildOperationQueue.java:273)
	at org.gradle.internal.operations.DefaultBuildOperationQueue$WorkerRunnable.lambda$runBatch$0(DefaultBuildOperationQueue.java:258)
	at org.gradle.internal.resources.AbstractResourceLockRegistry.whileDisallowingLockChanges(AbstractResourceLockRegistry.java:50)
	at org.gradle.internal.work.DefaultWorkerLeaseService.whileDisallowingProjectLockChanges(DefaultWorkerLeaseService.java:233)
	at org.gradle.internal.operations.DefaultBuildOperationQueue$WorkerRunnable.lambda$runBatch$1(DefaultBuildOperationQueue.java:258)
	at org.gradle.internal.work.DefaultWorkerLeaseService.lambda$withLocksAcquired$0(DefaultWorkerLeaseService.java:269)
	at org.gradle.internal.work.ResourceLockStatistics$1.measure(ResourceLockStatistics.java:42)
	at org.gradle.internal.work.DefaultWorkerLeaseService.withLocksAcquired(DefaultWorkerLeaseService.java:267)
	at org.gradle.internal.work.DefaultWorkerLeaseService.withLocks(DefaultWorkerLeaseService.java:259)
	at org.gradle.internal.work.DefaultWorkerLeaseService.runAsWorkerThread(DefaultWorkerLeaseService.java:127)
	at org.gradle.internal.operations.DefaultBuildOperationQueue$WorkerRunnable.runBatch(DefaultBuildOperationQueue.java:244)
	at org.gradle.internal.operations.DefaultBuildOperationQueue$WorkerRunnable.runOperations(DefaultBuildOperationQueue.java:212)
	at org.gradle.internal.operations.CurrentBuildOperationRef.with(CurrentBuildOperationRef.java:84)
	at org.gradle.internal.operations.DefaultBuildOperationQueue$WorkerRunnable.run(DefaultBuildOperationQueue.java:205)
	... 5 more
Caused by: org.gradle.api.resources.ResourceException: Could not get resource 'https://maven.myket.ir/androidx/media3/media3-datasource-okhttp/1.9.0/media3-datasource-okhttp-1.9.0.aar'.
	at org.gradle.internal.resource.ResourceExceptions.failure(ResourceExceptions.java:74)
	at org.gradle.internal.resource.ResourceExceptions.getFailed(ResourceExceptions.java:57)
	at org.gradle.api.internal.artifacts.repositories.resolver.DefaultExternalResourceArtifactResolver.downloadByUrl(DefaultExternalResourceArtifactResolver.java:114)
	at org.gradle.api.internal.artifacts.repositories.resolver.DefaultExternalResourceArtifactResolver.downloadStaticResource(DefaultExternalResourceArtifactResolver.java:92)
	at org.gradle.api.internal.artifacts.repositories.resolver.DefaultExternalResourceArtifactResolver.resolveArtifact(DefaultExternalResourceArtifactResolver.java:62)
	at org.gradle.api.internal.artifacts.repositories.resolver.ExternalResourceResolver$RemoteRepositoryAccess.resolveArtifact(ExternalResourceResolver.java:492)
	... 40 more
Caused by: org.gradle.internal.resource.transport.http.HttpRequestException: Could not GET 'https://maven.myket.ir/androidx/media3/media3-datasource-okhttp/1.9.0/media3-datasource-okhttp-1.9.0.aar'.
	at org.gradle.internal.resource.transport.http.HttpClientHelper.createHttpRequestException(HttpClientHelper.java:123)
	at org.gradle.internal.resource.transport.http.HttpClientHelper.performRequest(HttpClientHelper.java:117)
	at org.gradle.internal.resource.transport.http.HttpClientHelper.performRawGet(HttpClientHelper.java:99)
	at org.gradle.internal.resource.transport.http.HttpClientHelper.performGet(HttpClientHelper.java:104)
	at org.gradle.internal.resource.transport.http.HttpResourceAccessor.openResource(HttpResourceAccessor.java:45)
	at org.gradle.internal.resource.transport.http.HttpResourceAccessor.openResource(HttpResourceAccessor.java:30)
	at org.gradle.internal.resource.transfer.AbstractExternalResourceAccessor.withContent(AbstractExternalResourceAccessor.java:32)
	at org.gradle.internal.resource.transfer.DefaultExternalResourceConnector.withContent(DefaultExternalResourceConnector.java:59)
	at org.gradle.internal.resource.transfer.ProgressLoggingExternalResourceAccessor$DownloadOperation.call(ProgressLoggingExternalResourceAccessor.java:136)
	at org.gradle.internal.operations.DefaultBuildOperationRunner$CallableBuildOperationWorker.execute(DefaultBuildOperationRunner.java:209)
	at org.gradle.internal.operations.DefaultBuildOperationRunner$CallableBuildOperationWorker.execute(DefaultBuildOperationRunner.java:204)
	at org.gradle.internal.operations.DefaultBuildOperationRunner$2.execute(DefaultBuildOperationRunner.java:66)
	at org.gradle.internal.operations.DefaultBuildOperationRunner$2.execute(DefaultBuildOperationRunner.java:59)
	at org.gradle.internal.operations.DefaultBuildOperationRunner.execute(DefaultBuildOperationRunner.java:166)
	at org.gradle.internal.operations.DefaultBuildOperationRunner.execute(DefaultBuildOperationRunner.java:59)
	at org.gradle.internal.operations.DefaultBuildOperationRunner.call(DefaultBuildOperationRunner.java:53)
	at org.gradle.internal.resource.transfer.ProgressLoggingExternalResourceAccessor.withContent(ProgressLoggingExternalResourceAccessor.java:49)
	at org.gradle.internal.resource.transfer.AccessorBackedExternalResource.withContentIfPresent(AccessorBackedExternalResource.java:103)
	at org.gradle.internal.resource.transfer.DefaultCacheAwareExternalResourceAccessor.copyToCache(DefaultCacheAwareExternalResourceAccessor.java:188)
	at org.gradle.internal.resource.transfer.DefaultCacheAwareExternalResourceAccessor.lambda$getResource$1(DefaultCacheAwareExternalResourceAccessor.java:86)
	at org.gradle.cache.internal.ProducerGuard$AdaptiveProducerGuard.guardByKey(ProducerGuard.java:97)
	at org.gradle.internal.resource.transfer.DefaultCacheAwareExternalResourceAccessor.getResource(DefaultCacheAwareExternalResourceAccessor.java:80)
	at org.gradle.api.internal.artifacts.repositories.resolver.DefaultExternalResourceArtifactResolver.downloadByUrl(DefaultExternalResourceArtifactResolver.java:109)
	... 43 more
Caused by: java.net.UnknownHostException: maven.myket.ir
	at java.base/java.net.InetAddress$CachedAddresses.get(InetAddress.java:801)
	at java.base/java.net.InetAddress.getAllByName0(InetAddress.java:1533)
	at java.base/java.net.InetAddress.getAllByName(InetAddress.java:1385)
	at java.base/java.net.InetAddress.getAllByName(InetAddress.java:1306)
	at org.apache.http.impl.conn.SystemDefaultDnsResolver.resolve(SystemDefaultDnsResolver.java:45)
	at org.apache.http.impl.conn.DefaultHttpClientConnectionOperator.connect(DefaultHttpClientConnectionOperator.java:112)
	at org.apache.http.impl.conn.PoolingHttpClientConnectionManager.connect(PoolingHttpClientConnectionManager.java:376)
	at org.apache.http.impl.execchain.MainClientExec.establishRoute(MainClientExec.java:393)
	at org.apache.http.impl.execchain.MainClientExec.execute(MainClientExec.java:236)
	at org.apache.http.impl.execchain.ProtocolExec.execute(ProtocolExec.java:186)
	at org.apache.http.impl.execchain.RetryExec.execute(RetryExec.java:89)
	at org.apache.http.impl.execchain.RedirectExec.execute(RedirectExec.java:110)
	at org.apache.http.impl.client.InternalHttpClient.doExecute(InternalHttpClient.java:185)
	at org.apache.http.impl.client.CloseableHttpClient.execute(CloseableHttpClient.java:83)
	at org.gradle.internal.resource.transport.http.HttpClientHelper.performHttpRequest(HttpClientHelper.java:200)
	at org.gradle.internal.resource.transport.http.HttpClientHelper.performHttpRequest(HttpClientHelper.java:176)
	at org.gradle.internal.resource.transport.http.HttpClientHelper.executeGetOrHead(HttpClientHelper.java:165)
	at org.gradle.internal.resource.transport.http.HttpClientHelper.performRequest(HttpClientHelper.java:113)
	... 64 more
Cause 8: org.gradle.api.internal.artifacts.transform.TransformException: Failed to transform media3-datasource-1.9.0.aar (androidx.media3:media3-datasource:1.9.0) to match attributes {artifactType=android-jni, org.gradle.category=library, org.gradle.dependency.bundling=external, org.gradle.libraryelements=aar, org.gradle.status=release, org.gradle.usage=java-runtime}.
	at org.gradle.api.internal.artifacts.transform.TransformingAsyncArtifactListener$TransformedArtifact.lambda$visit$4(TransformingAsyncArtifactListener.java:256)
	at org.gradle.internal.Try$Failure.ifSuccessfulOrElse(Try.java:288)
	at org.gradle.api.internal.artifacts.transform.TransformingAsyncArtifactListener$TransformedArtifact.visit(TransformingAsyncArtifactListener.java:248)
	at org.gradle.api.internal.artifacts.ivyservice.resolveengine.artifact.ParallelResolveArtifactSet$VisitingSet$StartVisitAction.visitResults(ParallelResolveArtifactSet.java:100)
	at org.gradle.api.internal.artifacts.ivyservice.resolveengine.artifact.ParallelResolveArtifactSet$VisitingSet.visit(ParallelResolveArtifactSet.java:69)
	at org.gradle.api.internal.artifacts.ivyservice.resolveengine.artifact.ResolvedArtifactSetResolver$1.run(ResolvedArtifactSetResolver.java:68)
	at org.gradle.internal.operations.DefaultBuildOperationRunner$1.execute(DefaultBuildOperationRunner.java:29)
	at org.gradle.internal.operations.DefaultBuildOperationRunner$1.execute(DefaultBuildOperationRunner.java:26)
	at org.gradle.internal.operations.DefaultBuildOperationRunner$2.execute(DefaultBuildOperationRunner.java:66)
	at org.gradle.internal.operations.DefaultBuildOperationRunner$2.execute(DefaultBuildOperationRunner.java:59)
	at org.gradle.internal.operations.DefaultBuildOperationRunner.execute(DefaultBuildOperationRunner.java:166)
	at org.gradle.internal.operations.DefaultBuildOperationRunner.execute(DefaultBuildOperationRunner.java:59)
	at org.gradle.internal.operations.DefaultBuildOperationRunner.run(DefaultBuildOperationRunner.java:47)
	at org.gradle.api.internal.artifacts.ivyservice.resolveengine.artifact.ResolvedArtifactSetResolver.visitArtifacts(ResolvedArtifactSetResolver.java:65)
	at org.gradle.api.internal.artifacts.ivyservice.resolveengine.artifact.ResolvedArtifactSetResolver.lambda$visitInUnmanagedWorkerThread$0(ResolvedArtifactSetResolver.java:61)
	at org.gradle.internal.work.DefaultWorkerLeaseService.runAsUnmanagedWorkerThread(DefaultWorkerLeaseService.java:139)
	at org.gradle.api.internal.artifacts.ivyservice.resolveengine.artifact.ResolvedArtifactSetResolver.visitInUnmanagedWorkerThread(ResolvedArtifactSetResolver.java:61)
	at org.gradle.api.internal.artifacts.ivyservice.resolveengine.artifact.DefaultSelectedArtifactSet.visitArtifacts(DefaultSelectedArtifactSet.java:59)
	at org.gradle.api.internal.artifacts.configurations.ResolutionResultProviderBackedSelectedArtifactSet.visitArtifacts(ResolutionResultProviderBackedSelectedArtifactSet.java:52)
	at org.gradle.api.internal.artifacts.ivyservice.resolveengine.artifact.SelectedArtifactSet.visitFiles(SelectedArtifactSet.java:34)
	at org.gradle.api.internal.artifacts.configurations.ResolutionBackedFileCollection.visitContents(ResolutionBackedFileCollection.java:75)
	... 91 more
Caused by: org.gradle.internal.resolve.ArtifactResolveException: Could not download media3-datasource-1.9.0.aar (androidx.media3:media3-datasource:1.9.0)
	at org.gradle.api.internal.artifacts.repositories.resolver.ExternalResourceResolver$RemoteRepositoryAccess.resolveArtifact(ExternalResourceResolver.java:499)
	at org.gradle.api.internal.artifacts.ivyservice.ivyresolve.CachingModuleComponentRepository$ResolveAndCacheRepositoryAccess.resolveArtifact(CachingModuleComponentRepository.java:470)
	at org.gradle.api.internal.artifacts.ivyservice.ivyresolve.ErrorHandlingModuleComponentRepository$ErrorHandlingModuleComponentRepositoryAccess.lambda$resolveArtifact$12(ErrorHandlingModuleComponentRepository.java:180)
	at org.gradle.api.internal.artifacts.ivyservice.ivyresolve.ErrorHandlingModuleComponentRepository$ErrorHandlingModuleComponentRepositoryAccess.tryResolveAndMaybeDisable(ErrorHandlingModuleComponentRepository.java:251)
	at org.gradle.api.internal.artifacts.ivyservice.ivyresolve.ErrorHandlingModuleComponentRepository$ErrorHandlingModuleComponentRepositoryAccess.performOperationWithRetries(ErrorHandlingModuleComponentRepository.java:204)
	at org.gradle.api.internal.artifacts.ivyservice.ivyresolve.ErrorHandlingModuleComponentRepository$ErrorHandlingModuleComponentRepositoryAccess.resolveArtifact(ErrorHandlingModuleComponentRepository.java:178)
	at org.gradle.api.internal.artifacts.ivyservice.ivyresolve.RepositoryChainArtifactResolver.resolveArtifactLater(RepositoryChainArtifactResolver.java:75)
	at org.gradle.api.internal.artifacts.ivyservice.ivyresolve.RepositoryChainArtifactResolver.lambda$resolveArtifact$0(RepositoryChainArtifactResolver.java:63)
	at org.gradle.internal.model.CalculatedValueContainerFactory$SupplierBackedCalculator.calculateValue(CalculatedValueContainerFactory.java:69)
	at org.gradle.internal.model.CalculatedValueContainer$CalculationState.lambda$attachValue$0(CalculatedValueContainer.java:227)
	at org.gradle.internal.Try.ofFailable(Try.java:46)
	at org.gradle.internal.model.CalculatedValueContainer$CalculationState.attachValue(CalculatedValueContainer.java:222)
	at org.gradle.internal.model.CalculatedValueContainer.finalizeIfNotAlready(CalculatedValueContainer.java:195)
	at org.gradle.internal.model.CalculatedValueContainer.finalizeIfNotAlready(CalculatedValueContainer.java:186)
	at org.gradle.api.internal.artifacts.transform.TransformingAsyncArtifactListener$TransformedArtifact.finalizeValue(TransformingAsyncArtifactListener.java:206)
	at org.gradle.api.internal.artifacts.transform.TransformingAsyncArtifactListener$TransformedArtifact.run(TransformingAsyncArtifactListener.java:160)
	at org.gradle.internal.operations.DefaultBuildOperationRunner$2.execute(DefaultBuildOperationRunner.java:66)
	at org.gradle.internal.operations.DefaultBuildOperationRunner$2.execute(DefaultBuildOperationRunner.java:59)
	at org.gradle.internal.operations.DefaultBuildOperationRunner.execute(DefaultBuildOperationRunner.java:166)
	at org.gradle.internal.operations.DefaultBuildOperationRunner.execute(DefaultBuildOperationRunner.java:59)
	at org.gradle.internal.operations.DefaultBuildOperationExecutor.lambda$executeInParallel$0(DefaultBuildOperationExecutor.java:102)
	at org.gradle.internal.operations.DefaultBuildOperationQueue$WorkerRunnable.runOperation(DefaultBuildOperationQueue.java:292)
	at org.gradle.internal.operations.DefaultBuildOperationQueue$WorkerRunnable.doRunBatch(DefaultBuildOperationQueue.java:273)
	at org.gradle.internal.operations.DefaultBuildOperationQueue$WorkerRunnable.lambda$runBatch$0(DefaultBuildOperationQueue.java:258)
	at org.gradle.internal.resources.AbstractResourceLockRegistry.whileDisallowingLockChanges(AbstractResourceLockRegistry.java:50)
	at org.gradle.internal.work.DefaultWorkerLeaseService.whileDisallowingProjectLockChanges(DefaultWorkerLeaseService.java:233)
	at org.gradle.internal.operations.DefaultBuildOperationQueue$WorkerRunnable.lambda$runBatch$1(DefaultBuildOperationQueue.java:258)
	at org.gradle.internal.work.DefaultWorkerLeaseService.lambda$withLocksAcquired$0(DefaultWorkerLeaseService.java:269)
	at org.gradle.internal.work.ResourceLockStatistics$1.measure(ResourceLockStatistics.java:42)
	at org.gradle.internal.work.DefaultWorkerLeaseService.withLocksAcquired(DefaultWorkerLeaseService.java:267)
	at org.gradle.internal.work.DefaultWorkerLeaseService.withLocks(DefaultWorkerLeaseService.java:259)
	at org.gradle.internal.work.DefaultWorkerLeaseService.runAsWorkerThread(DefaultWorkerLeaseService.java:127)
	at org.gradle.internal.operations.DefaultBuildOperationQueue$WorkerRunnable.runBatch(DefaultBuildOperationQueue.java:244)
	at org.gradle.internal.operations.DefaultBuildOperationQueue$WorkerRunnable.runOperations(DefaultBuildOperationQueue.java:212)
	at org.gradle.internal.operations.CurrentBuildOperationRef.with(CurrentBuildOperationRef.java:84)
	at org.gradle.internal.operations.DefaultBuildOperationQueue$WorkerRunnable.run(DefaultBuildOperationQueue.java:205)
	... 5 more
Caused by: org.gradle.api.resources.ResourceException: Could not get resource 'https://maven.myket.ir/androidx/media3/media3-datasource/1.9.0/media3-datasource-1.9.0.aar'.
	at org.gradle.internal.resource.ResourceExceptions.failure(ResourceExceptions.java:74)
	at org.gradle.internal.resource.ResourceExceptions.getFailed(ResourceExceptions.java:57)
	at org.gradle.api.internal.artifacts.repositories.resolver.DefaultExternalResourceArtifactResolver.downloadByUrl(DefaultExternalResourceArtifactResolver.java:114)
	at org.gradle.api.internal.artifacts.repositories.resolver.DefaultExternalResourceArtifactResolver.downloadStaticResource(DefaultExternalResourceArtifactResolver.java:92)
	at org.gradle.api.internal.artifacts.repositories.resolver.DefaultExternalResourceArtifactResolver.resolveArtifact(DefaultExternalResourceArtifactResolver.java:62)
	at org.gradle.api.internal.artifacts.repositories.resolver.ExternalResourceResolver$RemoteRepositoryAccess.resolveArtifact(ExternalResourceResolver.java:492)
	... 40 more
Caused by: org.gradle.internal.resource.transport.http.HttpRequestException: Could not GET 'https://maven.myket.ir/androidx/media3/media3-datasource/1.9.0/media3-datasource-1.9.0.aar'.
	at org.gradle.internal.resource.transport.http.HttpClientHelper.createHttpRequestException(HttpClientHelper.java:123)
	at org.gradle.internal.resource.transport.http.HttpClientHelper.performRequest(HttpClientHelper.java:117)
	at org.gradle.internal.resource.transport.http.HttpClientHelper.performRawGet(HttpClientHelper.java:99)
	at org.gradle.internal.resource.transport.http.HttpClientHelper.performGet(HttpClientHelper.java:104)
	at org.gradle.internal.resource.transport.http.HttpResourceAccessor.openResource(HttpResourceAccessor.java:45)
	at org.gradle.internal.resource.transport.http.HttpResourceAccessor.openResource(HttpResourceAccessor.java:30)
	at org.gradle.internal.resource.transfer.AbstractExternalResourceAccessor.withContent(AbstractExternalResourceAccessor.java:32)
	at org.gradle.internal.resource.transfer.DefaultExternalResourceConnector.withContent(DefaultExternalResourceConnector.java:59)
	at org.gradle.internal.resource.transfer.ProgressLoggingExternalResourceAccessor$DownloadOperation.call(ProgressLoggingExternalResourceAccessor.java:136)
	at org.gradle.internal.operations.DefaultBuildOperationRunner$CallableBuildOperationWorker.execute(DefaultBuildOperationRunner.java:209)
	at org.gradle.internal.operations.DefaultBuildOperationRunner$CallableBuildOperationWorker.execute(DefaultBuildOperationRunner.java:204)
	at org.gradle.internal.operations.DefaultBuildOperationRunner$2.execute(DefaultBuildOperationRunner.java:66)
	at org.gradle.internal.operations.DefaultBuildOperationRunner$2.execute(DefaultBuildOperationRunner.java:59)
	at org.gradle.internal.operations.DefaultBuildOperationRunner.execute(DefaultBuildOperationRunner.java:166)
	at org.gradle.internal.operations.DefaultBuildOperationRunner.execute(DefaultBuildOperationRunner.java:59)
	at org.gradle.internal.operations.DefaultBuildOperationRunner.call(DefaultBuildOperationRunner.java:53)
	at org.gradle.internal.resource.transfer.ProgressLoggingExternalResourceAccessor.withContent(ProgressLoggingExternalResourceAccessor.java:49)
	at org.gradle.internal.resource.transfer.AccessorBackedExternalResource.withContentIfPresent(AccessorBackedExternalResource.java:103)
	at org.gradle.internal.resource.transfer.DefaultCacheAwareExternalResourceAccessor.copyToCache(DefaultCacheAwareExternalResourceAccessor.java:188)
	at org.gradle.internal.resource.transfer.DefaultCacheAwareExternalResourceAccessor.lambda$getResource$1(DefaultCacheAwareExternalResourceAccessor.java:86)
	at org.gradle.cache.internal.ProducerGuard$AdaptiveProducerGuard.guardByKey(ProducerGuard.java:97)
	at org.gradle.internal.resource.transfer.DefaultCacheAwareExternalResourceAccessor.getResource(DefaultCacheAwareExternalResourceAccessor.java:80)
	at org.gradle.api.internal.artifacts.repositories.resolver.DefaultExternalResourceArtifactResolver.downloadByUrl(DefaultExternalResourceArtifactResolver.java:109)
	... 43 more
Caused by: java.net.UnknownHostException: maven.myket.ir
	at java.base/java.net.InetAddress$CachedAddresses.get(InetAddress.java:801)
	at java.base/java.net.InetAddress.getAllByName0(InetAddress.java:1533)
	at java.base/java.net.InetAddress.getAllByName(InetAddress.java:1385)
	at java.base/java.net.InetAddress.getAllByName(InetAddress.java:1306)
	at org.apache.http.impl.conn.SystemDefaultDnsResolver.resolve(SystemDefaultDnsResolver.java:45)
	at org.apache.http.impl.conn.DefaultHttpClientConnectionOperator.connect(DefaultHttpClientConnectionOperator.java:112)
	at org.apache.http.impl.conn.PoolingHttpClientConnectionManager.connect(PoolingHttpClientConnectionManager.java:376)
	at org.apache.http.impl.execchain.MainClientExec.establishRoute(MainClientExec.java:393)
	at org.apache.http.impl.execchain.MainClientExec.execute(MainClientExec.java:236)
	at org.apache.http.impl.execchain.ProtocolExec.execute(ProtocolExec.java:186)
	at org.apache.http.impl.execchain.RetryExec.execute(RetryExec.java:89)
	at org.apache.http.impl.execchain.RedirectExec.execute(RedirectExec.java:110)
	at org.apache.http.impl.client.InternalHttpClient.doExecute(InternalHttpClient.java:185)
	at org.apache.http.impl.client.CloseableHttpClient.execute(CloseableHttpClient.java:83)
	at org.gradle.internal.resource.transport.http.HttpClientHelper.performHttpRequest(HttpClientHelper.java:200)
	at org.gradle.internal.resource.transport.http.HttpClientHelper.performHttpRequest(HttpClientHelper.java:176)
	at org.gradle.internal.resource.transport.http.HttpClientHelper.executeGetOrHead(HttpClientHelper.java:165)
	at org.gradle.internal.resource.transport.http.HttpClientHelper.performRequest(HttpClientHelper.java:113)
	... 64 more
Cause 9: org.gradle.api.internal.artifacts.transform.TransformException: Failed to transform media3-extractor-1.9.0.aar (androidx.media3:media3-extractor:1.9.0) to match attributes {artifactType=android-jni, org.gradle.category=library, org.gradle.dependency.bundling=external, org.gradle.libraryelements=aar, org.gradle.status=release, org.gradle.usage=java-runtime}.
	at org.gradle.api.internal.artifacts.transform.TransformingAsyncArtifactListener$TransformedArtifact.lambda$visit$4(TransformingAsyncArtifactListener.java:256)
	at org.gradle.internal.Try$Failure.ifSuccessfulOrElse(Try.java:288)
	at org.gradle.api.internal.artifacts.transform.TransformingAsyncArtifactListener$TransformedArtifact.visit(TransformingAsyncArtifactListener.java:248)
	at org.gradle.api.internal.artifacts.ivyservice.resolveengine.artifact.ParallelResolveArtifactSet$VisitingSet$StartVisitAction.visitResults(ParallelResolveArtifactSet.java:100)
	at org.gradle.api.internal.artifacts.ivyservice.resolveengine.artifact.ParallelResolveArtifactSet$VisitingSet.visit(ParallelResolveArtifactSet.java:69)
	at org.gradle.api.internal.artifacts.ivyservice.resolveengine.artifact.ResolvedArtifactSetResolver$1.run(ResolvedArtifactSetResolver.java:68)
	at org.gradle.internal.operations.DefaultBuildOperationRunner$1.execute(DefaultBuildOperationRunner.java:29)
	at org.gradle.internal.operations.DefaultBuildOperationRunner$1.execute(DefaultBuildOperationRunner.java:26)
	at org.gradle.internal.operations.DefaultBuildOperationRunner$2.execute(DefaultBuildOperationRunner.java:66)
	at org.gradle.internal.operations.DefaultBuildOperationRunner$2.execute(DefaultBuildOperationRunner.java:59)
	at org.gradle.internal.operations.DefaultBuildOperationRunner.execute(DefaultBuildOperationRunner.java:166)
	at org.gradle.internal.operations.DefaultBuildOperationRunner.execute(DefaultBuildOperationRunner.java:59)
	at org.gradle.internal.operations.DefaultBuildOperationRunner.run(DefaultBuildOperationRunner.java:47)
	at org.gradle.api.internal.artifacts.ivyservice.resolveengine.artifact.ResolvedArtifactSetResolver.visitArtifacts(ResolvedArtifactSetResolver.java:65)
	at org.gradle.api.internal.artifacts.ivyservice.resolveengine.artifact.ResolvedArtifactSetResolver.lambda$visitInUnmanagedWorkerThread$0(ResolvedArtifactSetResolver.java:61)
	at org.gradle.internal.work.DefaultWorkerLeaseService.runAsUnmanagedWorkerThread(DefaultWorkerLeaseService.java:139)
	at org.gradle.api.internal.artifacts.ivyservice.resolveengine.artifact.ResolvedArtifactSetResolver.visitInUnmanagedWorkerThread(ResolvedArtifactSetResolver.java:61)
	at org.gradle.api.internal.artifacts.ivyservice.resolveengine.artifact.DefaultSelectedArtifactSet.visitArtifacts(DefaultSelectedArtifactSet.java:59)
	at org.gradle.api.internal.artifacts.configurations.ResolutionResultProviderBackedSelectedArtifactSet.visitArtifacts(ResolutionResultProviderBackedSelectedArtifactSet.java:52)
	at org.gradle.api.internal.artifacts.ivyservice.resolveengine.artifact.SelectedArtifactSet.visitFiles(SelectedArtifactSet.java:34)
	at org.gradle.api.internal.artifacts.configurations.ResolutionBackedFileCollection.visitContents(ResolutionBackedFileCollection.java:75)
	... 91 more
Caused by: org.gradle.internal.resolve.ArtifactResolveException: Could not download media3-extractor-1.9.0.aar (androidx.media3:media3-extractor:1.9.0)
	at org.gradle.api.internal.artifacts.repositories.resolver.ExternalResourceResolver$RemoteRepositoryAccess.resolveArtifact(ExternalResourceResolver.java:499)
	at org.gradle.api.internal.artifacts.ivyservice.ivyresolve.CachingModuleComponentRepository$ResolveAndCacheRepositoryAccess.resolveArtifact(CachingModuleComponentRepository.java:470)
	at org.gradle.api.internal.artifacts.ivyservice.ivyresolve.ErrorHandlingModuleComponentRepository$ErrorHandlingModuleComponentRepositoryAccess.lambda$resolveArtifact$12(ErrorHandlingModuleComponentRepository.java:180)
	at org.gradle.api.internal.artifacts.ivyservice.ivyresolve.ErrorHandlingModuleComponentRepository$ErrorHandlingModuleComponentRepositoryAccess.tryResolveAndMaybeDisable(ErrorHandlingModuleComponentRepository.java:251)
	at org.gradle.api.internal.artifacts.ivyservice.ivyresolve.ErrorHandlingModuleComponentRepository$ErrorHandlingModuleComponentRepositoryAccess.performOperationWithRetries(ErrorHandlingModuleComponentRepository.java:204)
	at org.gradle.api.internal.artifacts.ivyservice.ivyresolve.ErrorHandlingModuleComponentRepository$ErrorHandlingModuleComponentRepositoryAccess.resolveArtifact(ErrorHandlingModuleComponentRepository.java:178)
	at org.gradle.api.internal.artifacts.ivyservice.ivyresolve.RepositoryChainArtifactResolver.resolveArtifactLater(RepositoryChainArtifactResolver.java:75)
	at org.gradle.api.internal.artifacts.ivyservice.ivyresolve.RepositoryChainArtifactResolver.lambda$resolveArtifact$0(RepositoryChainArtifactResolver.java:63)
	at org.gradle.internal.model.CalculatedValueContainerFactory$SupplierBackedCalculator.calculateValue(CalculatedValueContainerFactory.java:69)
	at org.gradle.internal.model.CalculatedValueContainer$CalculationState.lambda$attachValue$0(CalculatedValueContainer.java:227)
	at org.gradle.internal.Try.ofFailable(Try.java:46)
	at org.gradle.internal.model.CalculatedValueContainer$CalculationState.attachValue(CalculatedValueContainer.java:222)
	at org.gradle.internal.model.CalculatedValueContainer.finalizeIfNotAlready(CalculatedValueContainer.java:195)
	at org.gradle.internal.model.CalculatedValueContainer.finalizeIfNotAlready(CalculatedValueContainer.java:186)
	at org.gradle.api.internal.artifacts.transform.TransformingAsyncArtifactListener$TransformedArtifact.finalizeValue(TransformingAsyncArtifactListener.java:206)
	at org.gradle.api.internal.artifacts.transform.TransformingAsyncArtifactListener$TransformedArtifact.run(TransformingAsyncArtifactListener.java:160)
	at org.gradle.internal.operations.DefaultBuildOperationRunner$2.execute(DefaultBuildOperationRunner.java:66)
	at org.gradle.internal.operations.DefaultBuildOperationRunner$2.execute(DefaultBuildOperationRunner.java:59)
	at org.gradle.internal.operations.DefaultBuildOperationRunner.execute(DefaultBuildOperationRunner.java:166)
	at org.gradle.internal.operations.DefaultBuildOperationRunner.execute(DefaultBuildOperationRunner.java:59)
	at org.gradle.internal.operations.DefaultBuildOperationExecutor.lambda$executeInParallel$0(DefaultBuildOperationExecutor.java:102)
	at org.gradle.internal.operations.DefaultBuildOperationQueue$WorkerRunnable.runOperation(DefaultBuildOperationQueue.java:292)
	at org.gradle.internal.operations.DefaultBuildOperationQueue$WorkerRunnable.doRunBatch(DefaultBuildOperationQueue.java:273)
	at org.gradle.internal.operations.DefaultBuildOperationQueue$WorkerRunnable.lambda$runBatch$0(DefaultBuildOperationQueue.java:258)
	at org.gradle.internal.resources.AbstractResourceLockRegistry.whileDisallowingLockChanges(AbstractResourceLockRegistry.java:50)
	at org.gradle.internal.work.DefaultWorkerLeaseService.whileDisallowingProjectLockChanges(DefaultWorkerLeaseService.java:233)
	at org.gradle.internal.operations.DefaultBuildOperationQueue$WorkerRunnable.lambda$runBatch$1(DefaultBuildOperationQueue.java:258)
	at org.gradle.internal.work.DefaultWorkerLeaseService.lambda$withLocksAcquired$0(DefaultWorkerLeaseService.java:269)
	at org.gradle.internal.work.ResourceLockStatistics$1.measure(ResourceLockStatistics.java:42)
	at org.gradle.internal.work.DefaultWorkerLeaseService.withLocksAcquired(DefaultWorkerLeaseService.java:267)
	at org.gradle.internal.work.DefaultWorkerLeaseService.withLocks(DefaultWorkerLeaseService.java:259)
	at org.gradle.internal.work.DefaultWorkerLeaseService.runAsWorkerThread(DefaultWorkerLeaseService.java:127)
	at org.gradle.internal.operations.DefaultBuildOperationQueue$WorkerRunnable.runBatch(DefaultBuildOperationQueue.java:244)
	at org.gradle.internal.operations.DefaultBuildOperationQueue$WorkerRunnable.runOperations(DefaultBuildOperationQueue.java:212)
	at org.gradle.internal.operations.CurrentBuildOperationRef.with(CurrentBuildOperationRef.java:84)
	at org.gradle.internal.operations.DefaultBuildOperationQueue$WorkerRunnable.run(DefaultBuildOperationQueue.java:205)
	... 5 more
Caused by: org.gradle.api.resources.ResourceException: Could not get resource 'https://maven.myket.ir/androidx/media3/media3-extractor/1.9.0/media3-extractor-1.9.0.aar'.
	at org.gradle.internal.resource.ResourceExceptions.failure(ResourceExceptions.java:74)
	at org.gradle.internal.resource.ResourceExceptions.getFailed(ResourceExceptions.java:57)
	at org.gradle.api.internal.artifacts.repositories.resolver.DefaultExternalResourceArtifactResolver.downloadByUrl(DefaultExternalResourceArtifactResolver.java:114)
	at org.gradle.api.internal.artifacts.repositories.resolver.DefaultExternalResourceArtifactResolver.downloadStaticResource(DefaultExternalResourceArtifactResolver.java:92)
	at org.gradle.api.internal.artifacts.repositories.resolver.DefaultExternalResourceArtifactResolver.resolveArtifact(DefaultExternalResourceArtifactResolver.java:62)
	at org.gradle.api.internal.artifacts.repositories.resolver.ExternalResourceResolver$RemoteRepositoryAccess.resolveArtifact(ExternalResourceResolver.java:492)
	... 40 more
Caused by: org.gradle.internal.resource.transport.http.HttpRequestException: Could not GET 'https://maven.myket.ir/androidx/media3/media3-extractor/1.9.0/media3-extractor-1.9.0.aar'.
	at org.gradle.internal.resource.transport.http.HttpClientHelper.createHttpRequestException(HttpClientHelper.java:123)
	at org.gradle.internal.resource.transport.http.HttpClientHelper.performRequest(HttpClientHelper.java:117)
	at org.gradle.internal.resource.transport.http.HttpClientHelper.performRawGet(HttpClientHelper.java:99)
	at org.gradle.internal.resource.transport.http.HttpClientHelper.performGet(HttpClientHelper.java:104)
	at org.gradle.internal.resource.transport.http.HttpResourceAccessor.openResource(HttpResourceAccessor.java:45)
	at org.gradle.internal.resource.transport.http.HttpResourceAccessor.openResource(HttpResourceAccessor.java:30)
	at org.gradle.internal.resource.transfer.AbstractExternalResourceAccessor.withContent(AbstractExternalResourceAccessor.java:32)
	at org.gradle.internal.resource.transfer.DefaultExternalResourceConnector.withContent(DefaultExternalResourceConnector.java:59)
	at org.gradle.internal.resource.transfer.ProgressLoggingExternalResourceAccessor$DownloadOperation.call(ProgressLoggingExternalResourceAccessor.java:136)
	at org.gradle.internal.operations.DefaultBuildOperationRunner$CallableBuildOperationWorker.execute(DefaultBuildOperationRunner.java:209)
	at org.gradle.internal.operations.DefaultBuildOperationRunner$CallableBuildOperationWorker.execute(DefaultBuildOperationRunner.java:204)
	at org.gradle.internal.operations.DefaultBuildOperationRunner$2.execute(DefaultBuildOperationRunner.java:66)
	at org.gradle.internal.operations.DefaultBuildOperationRunner$2.execute(DefaultBuildOperationRunner.java:59)
	at org.gradle.internal.operations.DefaultBuildOperationRunner.execute(DefaultBuildOperationRunner.java:166)
	at org.gradle.internal.operations.DefaultBuildOperationRunner.execute(DefaultBuildOperationRunner.java:59)
	at org.gradle.internal.operations.DefaultBuildOperationRunner.call(DefaultBuildOperationRunner.java:53)
	at org.gradle.internal.resource.transfer.ProgressLoggingExternalResourceAccessor.withContent(ProgressLoggingExternalResourceAccessor.java:49)
	at org.gradle.internal.resource.transfer.AccessorBackedExternalResource.withContentIfPresent(AccessorBackedExternalResource.java:103)
	at org.gradle.internal.resource.transfer.DefaultCacheAwareExternalResourceAccessor.copyToCache(DefaultCacheAwareExternalResourceAccessor.java:188)
	at org.gradle.internal.resource.transfer.DefaultCacheAwareExternalResourceAccessor.lambda$getResource$1(DefaultCacheAwareExternalResourceAccessor.java:86)
	at org.gradle.cache.internal.ProducerGuard$AdaptiveProducerGuard.guardByKey(ProducerGuard.java:97)
	at org.gradle.internal.resource.transfer.DefaultCacheAwareExternalResourceAccessor.getResource(DefaultCacheAwareExternalResourceAccessor.java:80)
	at org.gradle.api.internal.artifacts.repositories.resolver.DefaultExternalResourceArtifactResolver.downloadByUrl(DefaultExternalResourceArtifactResolver.java:109)
	... 43 more
Caused by: java.net.UnknownHostException: maven.myket.ir
	at java.base/java.net.InetAddress$CachedAddresses.get(InetAddress.java:801)
	at java.base/java.net.InetAddress.getAllByName0(InetAddress.java:1533)
	at java.base/java.net.InetAddress.getAllByName(InetAddress.java:1385)
	at java.base/java.net.InetAddress.getAllByName(InetAddress.java:1306)
	at org.apache.http.impl.conn.SystemDefaultDnsResolver.resolve(SystemDefaultDnsResolver.java:45)
	at org.apache.http.impl.conn.DefaultHttpClientConnectionOperator.connect(DefaultHttpClientConnectionOperator.java:112)
	at org.apache.http.impl.conn.PoolingHttpClientConnectionManager.connect(PoolingHttpClientConnectionManager.java:376)
	at org.apache.http.impl.execchain.MainClientExec.establishRoute(MainClientExec.java:393)
	at org.apache.http.impl.execchain.MainClientExec.execute(MainClientExec.java:236)
	at org.apache.http.impl.execchain.ProtocolExec.execute(ProtocolExec.java:186)
	at org.apache.http.impl.execchain.RetryExec.execute(RetryExec.java:89)
	at org.apache.http.impl.execchain.RedirectExec.execute(RedirectExec.java:110)
	at org.apache.http.impl.client.InternalHttpClient.doExecute(InternalHttpClient.java:185)
	at org.apache.http.impl.client.CloseableHttpClient.execute(CloseableHttpClient.java:83)
	at org.gradle.internal.resource.transport.http.HttpClientHelper.performHttpRequest(HttpClientHelper.java:200)
	at org.gradle.internal.resource.transport.http.HttpClientHelper.performHttpRequest(HttpClientHelper.java:176)
	at org.gradle.internal.resource.transport.http.HttpClientHelper.executeGetOrHead(HttpClientHelper.java:165)
	at org.gradle.internal.resource.transport.http.HttpClientHelper.performRequest(HttpClientHelper.java:113)
	... 64 more
Cause 10: org.gradle.api.internal.artifacts.transform.TransformException: Failed to transform media3-decoder-1.9.0.aar (androidx.media3:media3-decoder:1.9.0) to match attributes {artifactType=android-jni, org.gradle.category=library, org.gradle.dependency.bundling=external, org.gradle.libraryelements=aar, org.gradle.status=release, org.gradle.usage=java-runtime}.
	at org.gradle.api.internal.artifacts.transform.TransformingAsyncArtifactListener$TransformedArtifact.lambda$visit$4(TransformingAsyncArtifactListener.java:256)
	at org.gradle.internal.Try$Failure.ifSuccessfulOrElse(Try.java:288)
	at org.gradle.api.internal.artifacts.transform.TransformingAsyncArtifactListener$TransformedArtifact.visit(TransformingAsyncArtifactListener.java:248)
	at org.gradle.api.internal.artifacts.ivyservice.resolveengine.artifact.ParallelResolveArtifactSet$VisitingSet$StartVisitAction.visitResults(ParallelResolveArtifactSet.java:100)
	at org.gradle.api.internal.artifacts.ivyservice.resolveengine.artifact.ParallelResolveArtifactSet$VisitingSet.visit(ParallelResolveArtifactSet.java:69)
	at org.gradle.api.internal.artifacts.ivyservice.resolveengine.artifact.ResolvedArtifactSetResolver$1.run(ResolvedArtifactSetResolver.java:68)
	at org.gradle.internal.operations.DefaultBuildOperationRunner$1.execute(DefaultBuildOperationRunner.java:29)
	at org.gradle.internal.operations.DefaultBuildOperationRunner$1.execute(DefaultBuildOperationRunner.java:26)
	at org.gradle.internal.operations.DefaultBuildOperationRunner$2.execute(DefaultBuildOperationRunner.java:66)
	at org.gradle.internal.operations.DefaultBuildOperationRunner$2.execute(DefaultBuildOperationRunner.java:59)
	at org.gradle.internal.operations.DefaultBuildOperationRunner.execute(DefaultBuildOperationRunner.java:166)
	at org.gradle.internal.operations.DefaultBuildOperationRunner.execute(DefaultBuildOperationRunner.java:59)
	at org.gradle.internal.operations.DefaultBuildOperationRunner.run(DefaultBuildOperationRunner.java:47)
	at org.gradle.api.internal.artifacts.ivyservice.resolveengine.artifact.ResolvedArtifactSetResolver.visitArtifacts(ResolvedArtifactSetResolver.java:65)
	at org.gradle.api.internal.artifacts.ivyservice.resolveengine.artifact.ResolvedArtifactSetResolver.lambda$visitInUnmanagedWorkerThread$0(ResolvedArtifactSetResolver.java:61)
	at org.gradle.internal.work.DefaultWorkerLeaseService.runAsUnmanagedWorkerThread(DefaultWorkerLeaseService.java:139)
	at org.gradle.api.internal.artifacts.ivyservice.resolveengine.artifact.ResolvedArtifactSetResolver.visitInUnmanagedWorkerThread(ResolvedArtifactSetResolver.java:61)
	at org.gradle.api.internal.artifacts.ivyservice.resolveengine.artifact.DefaultSelectedArtifactSet.visitArtifacts(DefaultSelectedArtifactSet.java:59)
	at org.gradle.api.internal.artifacts.configurations.ResolutionResultProviderBackedSelectedArtifactSet.visitArtifacts(ResolutionResultProviderBackedSelectedArtifactSet.java:52)
	at org.gradle.api.internal.artifacts.ivyservice.resolveengine.artifact.SelectedArtifactSet.visitFiles(SelectedArtifactSet.java:34)
	at org.gradle.api.internal.artifacts.configurations.ResolutionBackedFileCollection.visitContents(ResolutionBackedFileCollection.java:75)
	... 91 more
Caused by: org.gradle.internal.resolve.ArtifactResolveException: Could not download media3-decoder-1.9.0.aar (androidx.media3:media3-decoder:1.9.0)
	at org.gradle.api.internal.artifacts.repositories.resolver.ExternalResourceResolver$RemoteRepositoryAccess.resolveArtifact(ExternalResourceResolver.java:499)
	at org.gradle.api.internal.artifacts.ivyservice.ivyresolve.CachingModuleComponentRepository$ResolveAndCacheRepositoryAccess.resolveArtifact(CachingModuleComponentRepository.java:470)
	at org.gradle.api.internal.artifacts.ivyservice.ivyresolve.ErrorHandlingModuleComponentRepository$ErrorHandlingModuleComponentRepositoryAccess.lambda$resolveArtifact$12(ErrorHandlingModuleComponentRepository.java:180)
	at org.gradle.api.internal.artifacts.ivyservice.ivyresolve.ErrorHandlingModuleComponentRepository$ErrorHandlingModuleComponentRepositoryAccess.tryResolveAndMaybeDisable(ErrorHandlingModuleComponentRepository.java:251)
	at org.gradle.api.internal.artifacts.ivyservice.ivyresolve.ErrorHandlingModuleComponentRepository$ErrorHandlingModuleComponentRepositoryAccess.performOperationWithRetries(ErrorHandlingModuleComponentRepository.java:204)
	at org.gradle.api.internal.artifacts.ivyservice.ivyresolve.ErrorHandlingModuleComponentRepository$ErrorHandlingModuleComponentRepositoryAccess.resolveArtifact(ErrorHandlingModuleComponentRepository.java:178)
	at org.gradle.api.internal.artifacts.ivyservice.ivyresolve.RepositoryChainArtifactResolver.resolveArtifactLater(RepositoryChainArtifactResolver.java:75)
	at org.gradle.api.internal.artifacts.ivyservice.ivyresolve.RepositoryChainArtifactResolver.lambda$resolveArtifact$0(RepositoryChainArtifactResolver.java:63)
	at org.gradle.internal.model.CalculatedValueContainerFactory$SupplierBackedCalculator.calculateValue(CalculatedValueContainerFactory.java:69)
	at org.gradle.internal.model.CalculatedValueContainer$CalculationState.lambda$attachValue$0(CalculatedValueContainer.java:227)
	at org.gradle.internal.Try.ofFailable(Try.java:46)
	at org.gradle.internal.model.CalculatedValueContainer$CalculationState.attachValue(CalculatedValueContainer.java:222)
	at org.gradle.internal.model.CalculatedValueContainer.finalizeIfNotAlready(CalculatedValueContainer.java:195)
	at org.gradle.internal.model.CalculatedValueContainer.finalizeIfNotAlready(CalculatedValueContainer.java:186)
	at org.gradle.api.internal.artifacts.transform.TransformingAsyncArtifactListener$TransformedArtifact.finalizeValue(TransformingAsyncArtifactListener.java:206)
	at org.gradle.api.internal.artifacts.transform.TransformingAsyncArtifactListener$TransformedArtifact.run(TransformingAsyncArtifactListener.java:160)
	at org.gradle.internal.operations.DefaultBuildOperationRunner$2.execute(DefaultBuildOperationRunner.java:66)
	at org.gradle.internal.operations.DefaultBuildOperationRunner$2.execute(DefaultBuildOperationRunner.java:59)
	at org.gradle.internal.operations.DefaultBuildOperationRunner.execute(DefaultBuildOperationRunner.java:166)
	at org.gradle.internal.operations.DefaultBuildOperationRunner.execute(DefaultBuildOperationRunner.java:59)
	at org.gradle.internal.operations.DefaultBuildOperationExecutor.lambda$executeInParallel$0(DefaultBuildOperationExecutor.java:102)
	at org.gradle.internal.operations.DefaultBuildOperationQueue$WorkerRunnable.runOperation(DefaultBuildOperationQueue.java:292)
	at org.gradle.internal.operations.DefaultBuildOperationQueue$WorkerRunnable.doRunBatch(DefaultBuildOperationQueue.java:273)
	at org.gradle.internal.operations.DefaultBuildOperationQueue$WorkerRunnable.lambda$runBatch$0(DefaultBuildOperationQueue.java:258)
	at org.gradle.internal.resources.AbstractResourceLockRegistry.whileDisallowingLockChanges(AbstractResourceLockRegistry.java:50)
	at org.gradle.internal.work.DefaultWorkerLeaseService.whileDisallowingProjectLockChanges(DefaultWorkerLeaseService.java:233)
	at org.gradle.internal.operations.DefaultBuildOperationQueue$WorkerRunnable.lambda$runBatch$1(DefaultBuildOperationQueue.java:258)
	at org.gradle.internal.work.DefaultWorkerLeaseService.runAsWorkerThread(DefaultWorkerLeaseService.java:125)
	at org.gradle.internal.operations.DefaultBuildOperationQueue$WorkerRunnable.runBatch(DefaultBuildOperationQueue.java:244)
	at org.gradle.internal.operations.DefaultBuildOperationQueue$WorkerRunnable.runOperations(DefaultBuildOperationQueue.java:212)
	at org.gradle.internal.operations.CurrentBuildOperationRef.with(CurrentBuildOperationRef.java:84)
	at org.gradle.internal.operations.DefaultBuildOperationQueue$WorkerRunnable.run(DefaultBuildOperationQueue.java:205)
	at org.gradle.internal.operations.DefaultBuildOperationQueue.waitForCompletion(DefaultBuildOperationQueue.java:114)
	at org.gradle.internal.operations.DefaultBuildOperationExecutor.executeInParallel(DefaultBuildOperationExecutor.java:115)
	at org.gradle.internal.operations.DefaultBuildOperationExecutor.runAll(DefaultBuildOperationExecutor.java:64)
	at org.gradle.api.internal.artifacts.ivyservice.resolveengine.artifact.ParallelResolveArtifactSet$VisitingSet.visit(ParallelResolveArtifactSet.java:66)
	... 107 more
Caused by: org.gradle.api.resources.ResourceException: Could not get resource 'https://maven.myket.ir/androidx/media3/media3-decoder/1.9.0/media3-decoder-1.9.0.aar'.
	at org.gradle.internal.resource.ResourceExceptions.failure(ResourceExceptions.java:74)
	at org.gradle.internal.resource.ResourceExceptions.getFailed(ResourceExceptions.java:57)
	at org.gradle.api.internal.artifacts.repositories.resolver.DefaultExternalResourceArtifactResolver.downloadByUrl(DefaultExternalResourceArtifactResolver.java:114)
	at org.gradle.api.internal.artifacts.repositories.resolver.DefaultExternalResourceArtifactResolver.downloadStaticResource(DefaultExternalResourceArtifactResolver.java:92)
	at org.gradle.api.internal.artifacts.repositories.resolver.DefaultExternalResourceArtifactResolver.resolveArtifact(DefaultExternalResourceArtifactResolver.java:62)
	at org.gradle.api.internal.artifacts.repositories.resolver.ExternalResourceResolver$RemoteRepositoryAccess.resolveArtifact(ExternalResourceResolver.java:492)
	... 142 more
Caused by: org.gradle.internal.resource.transport.http.HttpRequestException: Could not GET 'https://maven.myket.ir/androidx/media3/media3-decoder/1.9.0/media3-decoder-1.9.0.aar'.
	at org.gradle.internal.resource.transport.http.HttpClientHelper.createHttpRequestException(HttpClientHelper.java:123)
	at org.gradle.internal.resource.transport.http.HttpClientHelper.performRequest(HttpClientHelper.java:117)
	at org.gradle.internal.resource.transport.http.HttpClientHelper.performRawGet(HttpClientHelper.java:99)
	at org.gradle.internal.resource.transport.http.HttpClientHelper.performGet(HttpClientHelper.java:104)
	at org.gradle.internal.resource.transport.http.HttpResourceAccessor.openResource(HttpResourceAccessor.java:45)
	at org.gradle.internal.resource.transport.http.HttpResourceAccessor.openResource(HttpResourceAccessor.java:30)
	at org.gradle.internal.resource.transfer.AbstractExternalResourceAccessor.withContent(AbstractExternalResourceAccessor.java:32)
	at org.gradle.internal.resource.transfer.DefaultExternalResourceConnector.withContent(DefaultExternalResourceConnector.java:59)
	at org.gradle.internal.resource.transfer.ProgressLoggingExternalResourceAccessor$DownloadOperation.call(ProgressLoggingExternalResourceAccessor.java:136)
	at org.gradle.internal.operations.DefaultBuildOperationRunner$CallableBuildOperationWorker.execute(DefaultBuildOperationRunner.java:209)
	at org.gradle.internal.operations.DefaultBuildOperationRunner$CallableBuildOperationWorker.execute(DefaultBuildOperationRunner.java:204)
	at org.gradle.internal.operations.DefaultBuildOperationRunner$2.execute(DefaultBuildOperationRunner.java:66)
	at org.gradle.internal.operations.DefaultBuildOperationRunner$2.execute(DefaultBuildOperationRunner.java:59)
	at org.gradle.internal.operations.DefaultBuildOperationRunner.execute(DefaultBuildOperationRunner.java:166)
	at org.gradle.internal.operations.DefaultBuildOperationRunner.execute(DefaultBuildOperationRunner.java:59)
	at org.gradle.internal.operations.DefaultBuildOperationRunner.call(DefaultBuildOperationRunner.java:53)
	at org.gradle.internal.resource.transfer.ProgressLoggingExternalResourceAccessor.withContent(ProgressLoggingExternalResourceAccessor.java:49)
	at org.gradle.internal.resource.transfer.AccessorBackedExternalResource.withContentIfPresent(AccessorBackedExternalResource.java:103)
	at org.gradle.internal.resource.transfer.DefaultCacheAwareExternalResourceAccessor.copyToCache(DefaultCacheAwareExternalResourceAccessor.java:188)
	at org.gradle.internal.resource.transfer.DefaultCacheAwareExternalResourceAccessor.lambda$getResource$1(DefaultCacheAwareExternalResourceAccessor.java:86)
	at org.gradle.cache.internal.ProducerGuard$AdaptiveProducerGuard.guardByKey(ProducerGuard.java:97)
	at org.gradle.internal.resource.transfer.DefaultCacheAwareExternalResourceAccessor.getResource(DefaultCacheAwareExternalResourceAccessor.java:80)
	at org.gradle.api.internal.artifacts.repositories.resolver.DefaultExternalResourceArtifactResolver.downloadByUrl(DefaultExternalResourceArtifactResolver.java:109)
	... 145 more
Caused by: java.net.UnknownHostException: maven.myket.ir
	at java.base/java.net.InetAddress$CachedAddresses.get(InetAddress.java:801)
	at java.base/java.net.InetAddress.getAllByName0(InetAddress.java:1533)
	at java.base/java.net.InetAddress.getAllByName(InetAddress.java:1385)
	at java.base/java.net.InetAddress.getAllByName(InetAddress.java:1306)
	at org.apache.http.impl.conn.SystemDefaultDnsResolver.resolve(SystemDefaultDnsResolver.java:45)
	at org.apache.http.impl.conn.DefaultHttpClientConnectionOperator.connect(DefaultHttpClientConnectionOperator.java:112)
	at org.apache.http.impl.conn.PoolingHttpClientConnectionManager.connect(PoolingHttpClientConnectionManager.java:376)
	at org.apache.http.impl.execchain.MainClientExec.establishRoute(MainClientExec.java:393)
	at org.apache.http.impl.execchain.MainClientExec.execute(MainClientExec.java:236)
	at org.apache.http.impl.execchain.ProtocolExec.execute(ProtocolExec.java:186)
	at org.apache.http.impl.execchain.RetryExec.execute(RetryExec.java:89)
	at org.apache.http.impl.execchain.RedirectExec.execute(RedirectExec.java:110)
	at org.apache.http.impl.client.InternalHttpClient.doExecute(InternalHttpClient.java:185)
	at org.apache.http.impl.client.CloseableHttpClient.execute(CloseableHttpClient.java:83)
	at org.gradle.internal.resource.transport.http.HttpClientHelper.performHttpRequest(HttpClientHelper.java:200)
	at org.gradle.internal.resource.transport.http.HttpClientHelper.performHttpRequest(HttpClientHelper.java:176)
	at org.gradle.internal.resource.transport.http.HttpClientHelper.executeGetOrHead(HttpClientHelper.java:165)
	at org.gradle.internal.resource.transport.http.HttpClientHelper.performRequest(HttpClientHelper.java:113)
	... 166 more
Cause 11: org.gradle.api.internal.artifacts.transform.TransformException: Failed to transform media3-database-1.9.0.aar (androidx.media3:media3-database:1.9.0) to match attributes {artifactType=android-jni, org.gradle.category=library, org.gradle.dependency.bundling=external, org.gradle.libraryelements=aar, org.gradle.status=release, org.gradle.usage=java-runtime}.
	at org.gradle.api.internal.artifacts.transform.TransformingAsyncArtifactListener$TransformedArtifact.lambda$visit$4(TransformingAsyncArtifactListener.java:256)
	at org.gradle.internal.Try$Failure.ifSuccessfulOrElse(Try.java:288)
	at org.gradle.api.internal.artifacts.transform.TransformingAsyncArtifactListener$TransformedArtifact.visit(TransformingAsyncArtifactListener.java:248)
	at org.gradle.api.internal.artifacts.ivyservice.resolveengine.artifact.ParallelResolveArtifactSet$VisitingSet$StartVisitAction.visitResults(ParallelResolveArtifactSet.java:100)
	at org.gradle.api.internal.artifacts.ivyservice.resolveengine.artifact.ParallelResolveArtifactSet$VisitingSet.visit(ParallelResolveArtifactSet.java:69)
	at org.gradle.api.internal.artifacts.ivyservice.resolveengine.artifact.ResolvedArtifactSetResolver$1.run(ResolvedArtifactSetResolver.java:68)
	at org.gradle.internal.operations.DefaultBuildOperationRunner$1.execute(DefaultBuildOperationRunner.java:29)
	at org.gradle.internal.operations.DefaultBuildOperationRunner$1.execute(DefaultBuildOperationRunner.java:26)
	at org.gradle.internal.operations.DefaultBuildOperationRunner$2.execute(DefaultBuildOperationRunner.java:66)
	at org.gradle.internal.operations.DefaultBuildOperationRunner$2.execute(DefaultBuildOperationRunner.java:59)
	at org.gradle.internal.operations.DefaultBuildOperationRunner.execute(DefaultBuildOperationRunner.java:166)
	at org.gradle.internal.operations.DefaultBuildOperationRunner.execute(DefaultBuildOperationRunner.java:59)
	at org.gradle.internal.operations.DefaultBuildOperationRunner.run(DefaultBuildOperationRunner.java:47)
	at org.gradle.api.internal.artifacts.ivyservice.resolveengine.artifact.ResolvedArtifactSetResolver.visitArtifacts(ResolvedArtifactSetResolver.java:65)
	at org.gradle.api.internal.artifacts.ivyservice.resolveengine.artifact.ResolvedArtifactSetResolver.lambda$visitInUnmanagedWorkerThread$0(ResolvedArtifactSetResolver.java:61)
	at org.gradle.internal.work.DefaultWorkerLeaseService.runAsUnmanagedWorkerThread(DefaultWorkerLeaseService.java:139)
	at org.gradle.api.internal.artifacts.ivyservice.resolveengine.artifact.ResolvedArtifactSetResolver.visitInUnmanagedWorkerThread(ResolvedArtifactSetResolver.java:61)
	at org.gradle.api.internal.artifacts.ivyservice.resolveengine.artifact.DefaultSelectedArtifactSet.visitArtifacts(DefaultSelectedArtifactSet.java:59)
	at org.gradle.api.internal.artifacts.configurations.ResolutionResultProviderBackedSelectedArtifactSet.visitArtifacts(ResolutionResultProviderBackedSelectedArtifactSet.java:52)
	at org.gradle.api.internal.artifacts.ivyservice.resolveengine.artifact.SelectedArtifactSet.visitFiles(SelectedArtifactSet.java:34)
	at org.gradle.api.internal.artifacts.configurations.ResolutionBackedFileCollection.visitContents(ResolutionBackedFileCollection.java:75)
	... 91 more
Caused by: org.gradle.internal.resolve.ArtifactResolveException: Could not download media3-database-1.9.0.aar (androidx.media3:media3-database:1.9.0)
	at org.gradle.api.internal.artifacts.repositories.resolver.ExternalResourceResolver$RemoteRepositoryAccess.resolveArtifact(ExternalResourceResolver.java:499)
	at org.gradle.api.internal.artifacts.ivyservice.ivyresolve.CachingModuleComponentRepository$ResolveAndCacheRepositoryAccess.resolveArtifact(CachingModuleComponentRepository.java:470)
	at org.gradle.api.internal.artifacts.ivyservice.ivyresolve.ErrorHandlingModuleComponentRepository$ErrorHandlingModuleComponentRepositoryAccess.lambda$resolveArtifact$12(ErrorHandlingModuleComponentRepository.java:180)
	at org.gradle.api.internal.artifacts.ivyservice.ivyresolve.ErrorHandlingModuleComponentRepository$ErrorHandlingModuleComponentRepositoryAccess.tryResolveAndMaybeDisable(ErrorHandlingModuleComponentRepository.java:251)
	at org.gradle.api.internal.artifacts.ivyservice.ivyresolve.ErrorHandlingModuleComponentRepository$ErrorHandlingModuleComponentRepositoryAccess.performOperationWithRetries(ErrorHandlingModuleComponentRepository.java:204)
	at org.gradle.api.internal.artifacts.ivyservice.ivyresolve.ErrorHandlingModuleComponentRepository$ErrorHandlingModuleComponentRepositoryAccess.resolveArtifact(ErrorHandlingModuleComponentRepository.java:178)
	at org.gradle.api.internal.artifacts.ivyservice.ivyresolve.RepositoryChainArtifactResolver.resolveArtifactLater(RepositoryChainArtifactResolver.java:75)
	at org.gradle.api.internal.artifacts.ivyservice.ivyresolve.RepositoryChainArtifactResolver.lambda$resolveArtifact$0(RepositoryChainArtifactResolver.java:63)
	at org.gradle.internal.model.CalculatedValueContainerFactory$SupplierBackedCalculator.calculateValue(CalculatedValueContainerFactory.java:69)
	at org.gradle.internal.model.CalculatedValueContainer$CalculationState.lambda$attachValue$0(CalculatedValueContainer.java:227)
	at org.gradle.internal.Try.ofFailable(Try.java:46)
	at org.gradle.internal.model.CalculatedValueContainer$CalculationState.attachValue(CalculatedValueContainer.java:222)
	at org.gradle.internal.model.CalculatedValueContainer.finalizeIfNotAlready(CalculatedValueContainer.java:195)
	at org.gradle.internal.model.CalculatedValueContainer.finalizeIfNotAlready(CalculatedValueContainer.java:186)
	at org.gradle.api.internal.artifacts.transform.TransformingAsyncArtifactListener$TransformedArtifact.finalizeValue(TransformingAsyncArtifactListener.java:206)
	at org.gradle.api.internal.artifacts.transform.TransformingAsyncArtifactListener$TransformedArtifact.run(TransformingAsyncArtifactListener.java:160)
	at org.gradle.internal.operations.DefaultBuildOperationRunner$2.execute(DefaultBuildOperationRunner.java:66)
	at org.gradle.internal.operations.DefaultBuildOperationRunner$2.execute(DefaultBuildOperationRunner.java:59)
	at org.gradle.internal.operations.DefaultBuildOperationRunner.execute(DefaultBuildOperationRunner.java:166)
	at org.gradle.internal.operations.DefaultBuildOperationRunner.execute(DefaultBuildOperationRunner.java:59)
	at org.gradle.internal.operations.DefaultBuildOperationExecutor.lambda$executeInParallel$0(DefaultBuildOperationExecutor.java:102)
	at org.gradle.internal.operations.DefaultBuildOperationQueue$WorkerRunnable.runOperation(DefaultBuildOperationQueue.java:292)
	at org.gradle.internal.operations.DefaultBuildOperationQueue$WorkerRunnable.doRunBatch(DefaultBuildOperationQueue.java:273)
	at org.gradle.internal.operations.DefaultBuildOperationQueue$WorkerRunnable.lambda$runBatch$0(DefaultBuildOperationQueue.java:258)
	at org.gradle.internal.resources.AbstractResourceLockRegistry.whileDisallowingLockChanges(AbstractResourceLockRegistry.java:50)
	at org.gradle.internal.work.DefaultWorkerLeaseService.whileDisallowingProjectLockChanges(DefaultWorkerLeaseService.java:233)
	at org.gradle.internal.operations.DefaultBuildOperationQueue$WorkerRunnable.lambda$runBatch$1(DefaultBuildOperationQueue.java:258)
	at org.gradle.internal.work.DefaultWorkerLeaseService.runAsWorkerThread(DefaultWorkerLeaseService.java:125)
	at org.gradle.internal.operations.DefaultBuildOperationQueue$WorkerRunnable.runBatch(DefaultBuildOperationQueue.java:244)
	at org.gradle.internal.operations.DefaultBuildOperationQueue$WorkerRunnable.runOperations(DefaultBuildOperationQueue.java:212)
	at org.gradle.internal.operations.CurrentBuildOperationRef.with(CurrentBuildOperationRef.java:84)
	at org.gradle.internal.operations.DefaultBuildOperationQueue$WorkerRunnable.run(DefaultBuildOperationQueue.java:205)
	at org.gradle.internal.operations.DefaultBuildOperationQueue.waitForCompletion(DefaultBuildOperationQueue.java:114)
	at org.gradle.internal.operations.DefaultBuildOperationExecutor.executeInParallel(DefaultBuildOperationExecutor.java:115)
	at org.gradle.internal.operations.DefaultBuildOperationExecutor.runAll(DefaultBuildOperationExecutor.java:64)
	at org.gradle.api.internal.artifacts.ivyservice.resolveengine.artifact.ParallelResolveArtifactSet$VisitingSet.visit(ParallelResolveArtifactSet.java:66)
	... 107 more
Caused by: org.gradle.api.resources.ResourceException: Could not get resource 'https://maven.myket.ir/androidx/media3/media3-database/1.9.0/media3-database-1.9.0.aar'.
	at org.gradle.internal.resource.ResourceExceptions.failure(ResourceExceptions.java:74)
	at org.gradle.internal.resource.ResourceExceptions.getFailed(ResourceExceptions.java:57)
	at org.gradle.api.internal.artifacts.repositories.resolver.DefaultExternalResourceArtifactResolver.downloadByUrl(DefaultExternalResourceArtifactResolver.java:114)
	at org.gradle.api.internal.artifacts.repositories.resolver.DefaultExternalResourceArtifactResolver.downloadStaticResource(DefaultExternalResourceArtifactResolver.java:92)
	at org.gradle.api.internal.artifacts.repositories.resolver.DefaultExternalResourceArtifactResolver.resolveArtifact(DefaultExternalResourceArtifactResolver.java:62)
	at org.gradle.api.internal.artifacts.repositories.resolver.ExternalResourceResolver$RemoteRepositoryAccess.resolveArtifact(ExternalResourceResolver.java:492)
	... 142 more
Caused by: org.gradle.internal.resource.transport.http.HttpRequestException: Could not GET 'https://maven.myket.ir/androidx/media3/media3-database/1.9.0/media3-database-1.9.0.aar'.
	at org.gradle.internal.resource.transport.http.HttpClientHelper.createHttpRequestException(HttpClientHelper.java:123)
	at org.gradle.internal.resource.transport.http.HttpClientHelper.performRequest(HttpClientHelper.java:117)
	at org.gradle.internal.resource.transport.http.HttpClientHelper.performRawGet(HttpClientHelper.java:99)
	at org.gradle.internal.resource.transport.http.HttpClientHelper.performGet(HttpClientHelper.java:104)
	at org.gradle.internal.resource.transport.http.HttpResourceAccessor.openResource(HttpResourceAccessor.java:45)
	at org.gradle.internal.resource.transport.http.HttpResourceAccessor.openResource(HttpResourceAccessor.java:30)
	at org.gradle.internal.resource.transfer.AbstractExternalResourceAccessor.withContent(AbstractExternalResourceAccessor.java:32)
	at org.gradle.internal.resource.transfer.DefaultExternalResourceConnector.withContent(DefaultExternalResourceConnector.java:59)
	at org.gradle.internal.resource.transfer.ProgressLoggingExternalResourceAccessor$DownloadOperation.call(ProgressLoggingExternalResourceAccessor.java:136)
	at org.gradle.internal.operations.DefaultBuildOperationRunner$CallableBuildOperationWorker.execute(DefaultBuildOperationRunner.java:209)
	at org.gradle.internal.operations.DefaultBuildOperationRunner$CallableBuildOperationWorker.execute(DefaultBuildOperationRunner.java:204)
	at org.gradle.internal.operations.DefaultBuildOperationRunner$2.execute(DefaultBuildOperationRunner.java:66)
	at org.gradle.internal.operations.DefaultBuildOperationRunner$2.execute(DefaultBuildOperationRunner.java:59)
	at org.gradle.internal.operations.DefaultBuildOperationRunner.execute(DefaultBuildOperationRunner.java:166)
	at org.gradle.internal.operations.DefaultBuildOperationRunner.execute(DefaultBuildOperationRunner.java:59)
	at org.gradle.internal.operations.DefaultBuildOperationRunner.call(DefaultBuildOperationRunner.java:53)
	at org.gradle.internal.resource.transfer.ProgressLoggingExternalResourceAccessor.withContent(ProgressLoggingExternalResourceAccessor.java:49)
	at org.gradle.internal.resource.transfer.AccessorBackedExternalResource.withContentIfPresent(AccessorBackedExternalResource.java:103)
	at org.gradle.internal.resource.transfer.DefaultCacheAwareExternalResourceAccessor.copyToCache(DefaultCacheAwareExternalResourceAccessor.java:188)
	at org.gradle.internal.resource.transfer.DefaultCacheAwareExternalResourceAccessor.lambda$getResource$1(DefaultCacheAwareExternalResourceAccessor.java:86)
	at org.gradle.cache.internal.ProducerGuard$AdaptiveProducerGuard.guardByKey(ProducerGuard.java:97)
	at org.gradle.internal.resource.transfer.DefaultCacheAwareExternalResourceAccessor.getResource(DefaultCacheAwareExternalResourceAccessor.java:80)
	at org.gradle.api.internal.artifacts.repositories.resolver.DefaultExternalResourceArtifactResolver.downloadByUrl(DefaultExternalResourceArtifactResolver.java:109)
	... 145 more
Caused by: java.net.UnknownHostException: maven.myket.ir
	at java.base/java.net.InetAddress$CachedAddresses.get(InetAddress.java:801)
	at java.base/java.net.InetAddress.getAllByName0(InetAddress.java:1533)
	at java.base/java.net.InetAddress.getAllByName(InetAddress.java:1385)
	at java.base/java.net.InetAddress.getAllByName(InetAddress.java:1306)
	at org.apache.http.impl.conn.SystemDefaultDnsResolver.resolve(SystemDefaultDnsResolver.java:45)
	at org.apache.http.impl.conn.DefaultHttpClientConnectionOperator.connect(DefaultHttpClientConnectionOperator.java:112)
	at org.apache.http.impl.conn.PoolingHttpClientConnectionManager.connect(PoolingHttpClientConnectionManager.java:376)
	at org.apache.http.impl.execchain.MainClientExec.establishRoute(MainClientExec.java:393)
	at org.apache.http.impl.execchain.MainClientExec.execute(MainClientExec.java:236)
	at org.apache.http.impl.execchain.ProtocolExec.execute(ProtocolExec.java:186)
	at org.apache.http.impl.execchain.RetryExec.execute(RetryExec.java:89)
	at org.apache.http.impl.execchain.RedirectExec.execute(RedirectExec.java:110)
	at org.apache.http.impl.client.InternalHttpClient.doExecute(InternalHttpClient.java:185)
	at org.apache.http.impl.client.CloseableHttpClient.execute(CloseableHttpClient.java:83)
	at org.gradle.internal.resource.transport.http.HttpClientHelper.performHttpRequest(HttpClientHelper.java:200)
	at org.gradle.internal.resource.transport.http.HttpClientHelper.performHttpRequest(HttpClientHelper.java:176)
	at org.gradle.internal.resource.transport.http.HttpClientHelper.executeGetOrHead(HttpClientHelper.java:165)
	at org.gradle.internal.resource.transport.http.HttpClientHelper.performRequest(HttpClientHelper.java:113)
	... 166 more
Cause 12: org.gradle.api.internal.artifacts.transform.TransformException: Failed to transform room-common-2.6.1.jar (androidx.room:room-common:2.6.1) to match attributes {artifactType=android-jni, org.gradle.category=library, org.gradle.dependency.bundling=external, org.gradle.jvm.environment=standard-jvm, org.gradle.jvm.version=8, org.gradle.libraryelements=jar, org.gradle.status=release, org.gradle.usage=java-runtime, org.jetbrains.kotlin.platform.type=jvm}.
	at org.gradle.api.internal.artifacts.transform.TransformingAsyncArtifactListener$TransformedArtifact.lambda$visit$4(TransformingAsyncArtifactListener.java:256)
	at org.gradle.internal.Try$Failure.ifSuccessfulOrElse(Try.java:288)
	at org.gradle.api.internal.artifacts.transform.TransformingAsyncArtifactListener$TransformedArtifact.visit(TransformingAsyncArtifactListener.java:248)
	at org.gradle.api.internal.artifacts.ivyservice.resolveengine.artifact.ParallelResolveArtifactSet$VisitingSet$StartVisitAction.visitResults(ParallelResolveArtifactSet.java:100)
	at org.gradle.api.internal.artifacts.ivyservice.resolveengine.artifact.ParallelResolveArtifactSet$VisitingSet.visit(ParallelResolveArtifactSet.java:69)
	at org.gradle.api.internal.artifacts.ivyservice.resolveengine.artifact.ResolvedArtifactSetResolver$1.run(ResolvedArtifactSetResolver.java:68)
	at org.gradle.internal.operations.DefaultBuildOperationRunner$1.execute(DefaultBuildOperationRunner.java:29)
	at org.gradle.internal.operations.DefaultBuildOperationRunner$1.execute(DefaultBuildOperationRunner.java:26)
	at org.gradle.internal.operations.DefaultBuildOperationRunner$2.execute(DefaultBuildOperationRunner.java:66)
	at org.gradle.internal.operations.DefaultBuildOperationRunner$2.execute(DefaultBuildOperationRunner.java:59)
	at org.gradle.internal.operations.DefaultBuildOperationRunner.execute(DefaultBuildOperationRunner.java:166)
	at org.gradle.internal.operations.DefaultBuildOperationRunner.execute(DefaultBuildOperationRunner.java:59)
	at org.gradle.internal.operations.DefaultBuildOperationRunner.run(DefaultBuildOperationRunner.java:47)
	at org.gradle.api.internal.artifacts.ivyservice.resolveengine.artifact.ResolvedArtifactSetResolver.visitArtifacts(ResolvedArtifactSetResolver.java:65)
	at org.gradle.api.internal.artifacts.ivyservice.resolveengine.artifact.ResolvedArtifactSetResolver.lambda$visitInUnmanagedWorkerThread$0(ResolvedArtifactSetResolver.java:61)
	at org.gradle.internal.work.DefaultWorkerLeaseService.runAsUnmanagedWorkerThread(DefaultWorkerLeaseService.java:139)
	at org.gradle.api.internal.artifacts.ivyservice.resolveengine.artifact.ResolvedArtifactSetResolver.visitInUnmanagedWorkerThread(ResolvedArtifactSetResolver.java:61)
	at org.gradle.api.internal.artifacts.ivyservice.resolveengine.artifact.DefaultSelectedArtifactSet.visitArtifacts(DefaultSelectedArtifactSet.java:59)
	at org.gradle.api.internal.artifacts.configurations.ResolutionResultProviderBackedSelectedArtifactSet.visitArtifacts(ResolutionResultProviderBackedSelectedArtifactSet.java:52)
	at org.gradle.api.internal.artifacts.ivyservice.resolveengine.artifact.SelectedArtifactSet.visitFiles(SelectedArtifactSet.java:34)
	at org.gradle.api.internal.artifacts.configurations.ResolutionBackedFileCollection.visitContents(ResolutionBackedFileCollection.java:75)
	... 91 more
Caused by: org.gradle.internal.resolve.ArtifactResolveException: Could not download room-common-2.6.1.jar (androidx.room:room-common:2.6.1)
	at org.gradle.api.internal.artifacts.repositories.resolver.ExternalResourceResolver$RemoteRepositoryAccess.resolveArtifact(ExternalResourceResolver.java:499)
	at org.gradle.api.internal.artifacts.ivyservice.ivyresolve.CachingModuleComponentRepository$ResolveAndCacheRepositoryAccess.resolveArtifact(CachingModuleComponentRepository.java:470)
	at org.gradle.api.internal.artifacts.ivyservice.ivyresolve.ErrorHandlingModuleComponentRepository$ErrorHandlingModuleComponentRepositoryAccess.lambda$resolveArtifact$12(ErrorHandlingModuleComponentRepository.java:180)
	at org.gradle.api.internal.artifacts.ivyservice.ivyresolve.ErrorHandlingModuleComponentRepository$ErrorHandlingModuleComponentRepositoryAccess.tryResolveAndMaybeDisable(ErrorHandlingModuleComponentRepository.java:251)
	at org.gradle.api.internal.artifacts.ivyservice.ivyresolve.ErrorHandlingModuleComponentRepository$ErrorHandlingModuleComponentRepositoryAccess.performOperationWithRetries(ErrorHandlingModuleComponentRepository.java:204)
	at org.gradle.api.internal.artifacts.ivyservice.ivyresolve.ErrorHandlingModuleComponentRepository$ErrorHandlingModuleComponentRepositoryAccess.resolveArtifact(ErrorHandlingModuleComponentRepository.java:178)
	at org.gradle.api.internal.artifacts.ivyservice.ivyresolve.RepositoryChainArtifactResolver.resolveArtifactLater(RepositoryChainArtifactResolver.java:75)
	at org.gradle.api.internal.artifacts.ivyservice.ivyresolve.RepositoryChainArtifactResolver.lambda$resolveArtifact$0(RepositoryChainArtifactResolver.java:63)
	at org.gradle.internal.model.CalculatedValueContainerFactory$SupplierBackedCalculator.calculateValue(CalculatedValueContainerFactory.java:69)
	at org.gradle.internal.model.CalculatedValueContainer$CalculationState.lambda$attachValue$0(CalculatedValueContainer.java:227)
	at org.gradle.internal.Try.ofFailable(Try.java:46)
	at org.gradle.internal.model.CalculatedValueContainer$CalculationState.attachValue(CalculatedValueContainer.java:222)
	at org.gradle.internal.model.CalculatedValueContainer.finalizeIfNotAlready(CalculatedValueContainer.java:195)
	at org.gradle.internal.model.CalculatedValueContainer.finalizeIfNotAlready(CalculatedValueContainer.java:186)
	at org.gradle.api.internal.artifacts.transform.TransformingAsyncArtifactListener$TransformedArtifact.finalizeValue(TransformingAsyncArtifactListener.java:206)
	at org.gradle.api.internal.artifacts.transform.TransformingAsyncArtifactListener$TransformedArtifact.run(TransformingAsyncArtifactListener.java:160)
	at org.gradle.internal.operations.DefaultBuildOperationRunner$2.execute(DefaultBuildOperationRunner.java:66)
	at org.gradle.internal.operations.DefaultBuildOperationRunner$2.execute(DefaultBuildOperationRunner.java:59)
	at org.gradle.internal.operations.DefaultBuildOperationRunner.execute(DefaultBuildOperationRunner.java:166)
	at org.gradle.internal.operations.DefaultBuildOperationRunner.execute(DefaultBuildOperationRunner.java:59)
	at org.gradle.internal.operations.DefaultBuildOperationExecutor.lambda$executeInParallel$0(DefaultBuildOperationExecutor.java:102)
	at org.gradle.internal.operations.DefaultBuildOperationQueue$WorkerRunnable.runOperation(DefaultBuildOperationQueue.java:292)
	at org.gradle.internal.operations.DefaultBuildOperationQueue$WorkerRunnable.doRunBatch(DefaultBuildOperationQueue.java:273)
	at org.gradle.internal.operations.DefaultBuildOperationQueue$WorkerRunnable.lambda$runBatch$0(DefaultBuildOperationQueue.java:258)
	at org.gradle.internal.resources.AbstractResourceLockRegistry.whileDisallowingLockChanges(AbstractResourceLockRegistry.java:50)
	at org.gradle.internal.work.DefaultWorkerLeaseService.whileDisallowingProjectLockChanges(DefaultWorkerLeaseService.java:233)
	at org.gradle.internal.operations.DefaultBuildOperationQueue$WorkerRunnable.lambda$runBatch$1(DefaultBuildOperationQueue.java:258)
	at org.gradle.internal.work.DefaultWorkerLeaseService.lambda$withLocksAcquired$0(DefaultWorkerLeaseService.java:269)
	at org.gradle.internal.work.ResourceLockStatistics$1.measure(ResourceLockStatistics.java:42)
	at org.gradle.internal.work.DefaultWorkerLeaseService.withLocksAcquired(DefaultWorkerLeaseService.java:267)
	at org.gradle.internal.work.DefaultWorkerLeaseService.withLocks(DefaultWorkerLeaseService.java:259)
	at org.gradle.internal.work.DefaultWorkerLeaseService.runAsWorkerThread(DefaultWorkerLeaseService.java:127)
	at org.gradle.internal.operations.DefaultBuildOperationQueue$WorkerRunnable.runBatch(DefaultBuildOperationQueue.java:244)
	at org.gradle.internal.operations.DefaultBuildOperationQueue$WorkerRunnable.runOperations(DefaultBuildOperationQueue.java:212)
	at org.gradle.internal.operations.CurrentBuildOperationRef.with(CurrentBuildOperationRef.java:84)
	at org.gradle.internal.operations.DefaultBuildOperationQueue$WorkerRunnable.run(DefaultBuildOperationQueue.java:205)
	... 5 more
Caused by: org.gradle.api.resources.ResourceException: Could not get resource 'https://maven.myket.ir/androidx/room/room-common/2.6.1/room-common-2.6.1.jar'.
	at org.gradle.internal.resource.ResourceExceptions.failure(ResourceExceptions.java:74)
	at org.gradle.internal.resource.ResourceExceptions.getFailed(ResourceExceptions.java:57)
	at org.gradle.api.internal.artifacts.repositories.resolver.DefaultExternalResourceArtifactResolver.downloadByUrl(DefaultExternalResourceArtifactResolver.java:114)
	at org.gradle.api.internal.artifacts.repositories.resolver.DefaultExternalResourceArtifactResolver.downloadStaticResource(DefaultExternalResourceArtifactResolver.java:92)
	at org.gradle.api.internal.artifacts.repositories.resolver.DefaultExternalResourceArtifactResolver.resolveArtifact(DefaultExternalResourceArtifactResolver.java:62)
	at org.gradle.api.internal.artifacts.repositories.resolver.ExternalResourceResolver$RemoteRepositoryAccess.resolveArtifact(ExternalResourceResolver.java:492)
	... 40 more
Caused by: org.gradle.internal.resource.transport.http.HttpRequestException: Could not GET 'https://maven.myket.ir/androidx/room/room-common/2.6.1/room-common-2.6.1.jar'.
	at org.gradle.internal.resource.transport.http.HttpClientHelper.createHttpRequestException(HttpClientHelper.java:123)
	at org.gradle.internal.resource.transport.http.HttpClientHelper.performRequest(HttpClientHelper.java:117)
	at org.gradle.internal.resource.transport.http.HttpClientHelper.performRawGet(HttpClientHelper.java:99)
	at org.gradle.internal.resource.transport.http.HttpClientHelper.performGet(HttpClientHelper.java:104)
	at org.gradle.internal.resource.transport.http.HttpResourceAccessor.openResource(HttpResourceAccessor.java:45)
	at org.gradle.internal.resource.transport.http.HttpResourceAccessor.openResource(HttpResourceAccessor.java:30)
	at org.gradle.internal.resource.transfer.AbstractExternalResourceAccessor.withContent(AbstractExternalResourceAccessor.java:32)
	at org.gradle.internal.resource.transfer.DefaultExternalResourceConnector.withContent(DefaultExternalResourceConnector.java:59)
	at org.gradle.internal.resource.transfer.ProgressLoggingExternalResourceAccessor$DownloadOperation.call(ProgressLoggingExternalResourceAccessor.java:136)
	at org.gradle.internal.operations.DefaultBuildOperationRunner$CallableBuildOperationWorker.execute(DefaultBuildOperationRunner.java:209)
	at org.gradle.internal.operations.DefaultBuildOperationRunner$CallableBuildOperationWorker.execute(DefaultBuildOperationRunner.java:204)
	at org.gradle.internal.operations.DefaultBuildOperationRunner$2.execute(DefaultBuildOperationRunner.java:66)
	at org.gradle.internal.operations.DefaultBuildOperationRunner$2.execute(DefaultBuildOperationRunner.java:59)
	at org.gradle.internal.operations.DefaultBuildOperationRunner.execute(DefaultBuildOperationRunner.java:166)
	at org.gradle.internal.operations.DefaultBuildOperationRunner.execute(DefaultBuildOperationRunner.java:59)
	at org.gradle.internal.operations.DefaultBuildOperationRunner.call(DefaultBuildOperationRunner.java:53)
	at org.gradle.internal.resource.transfer.ProgressLoggingExternalResourceAccessor.withContent(ProgressLoggingExternalResourceAccessor.java:49)
	at org.gradle.internal.resource.transfer.AccessorBackedExternalResource.withContentIfPresent(AccessorBackedExternalResource.java:103)
	at org.gradle.internal.resource.transfer.DefaultCacheAwareExternalResourceAccessor.copyToCache(DefaultCacheAwareExternalResourceAccessor.java:188)
	at org.gradle.internal.resource.transfer.DefaultCacheAwareExternalResourceAccessor.lambda$getResource$1(DefaultCacheAwareExternalResourceAccessor.java:86)
	at org.gradle.cache.internal.ProducerGuard$AdaptiveProducerGuard.guardByKey(ProducerGuard.java:97)
	at org.gradle.internal.resource.transfer.DefaultCacheAwareExternalResourceAccessor.getResource(DefaultCacheAwareExternalResourceAccessor.java:80)
	at org.gradle.api.internal.artifacts.repositories.resolver.DefaultExternalResourceArtifactResolver.downloadByUrl(DefaultExternalResourceArtifactResolver.java:109)
	... 43 more
Caused by: java.net.UnknownHostException: maven.myket.ir
	at java.base/java.net.InetAddress$CachedAddresses.get(InetAddress.java:801)
	at java.base/java.net.InetAddress.getAllByName0(InetAddress.java:1533)
	at java.base/java.net.InetAddress.getAllByName(InetAddress.java:1385)
	at java.base/java.net.InetAddress.getAllByName(InetAddress.java:1306)
	at org.apache.http.impl.conn.SystemDefaultDnsResolver.resolve(SystemDefaultDnsResolver.java:45)
	at org.apache.http.impl.conn.DefaultHttpClientConnectionOperator.connect(DefaultHttpClientConnectionOperator.java:112)
	at org.apache.http.impl.conn.PoolingHttpClientConnectionManager.connect(PoolingHttpClientConnectionManager.java:376)
	at org.apache.http.impl.execchain.MainClientExec.establishRoute(MainClientExec.java:393)
	at org.apache.http.impl.execchain.MainClientExec.execute(MainClientExec.java:236)
	at org.apache.http.impl.execchain.ProtocolExec.execute(ProtocolExec.java:186)
	at org.apache.http.impl.execchain.RetryExec.execute(RetryExec.java:89)
	at org.apache.http.impl.execchain.RedirectExec.execute(RedirectExec.java:110)
	at org.apache.http.impl.client.InternalHttpClient.doExecute(InternalHttpClient.java:185)
	at org.apache.http.impl.client.CloseableHttpClient.execute(CloseableHttpClient.java:83)
	at org.gradle.internal.resource.transport.http.HttpClientHelper.performHttpRequest(HttpClientHelper.java:200)
	at org.gradle.internal.resource.transport.http.HttpClientHelper.performHttpRequest(HttpClientHelper.java:176)
	at org.gradle.internal.resource.transport.http.HttpClientHelper.executeGetOrHead(HttpClientHelper.java:165)
	at org.gradle.internal.resource.transport.http.HttpClientHelper.performRequest(HttpClientHelper.java:113)
	... 64 more
Cause 13: org.gradle.api.internal.artifacts.transform.TransformException: Failed to transform core-splashscreen-1.2.0.aar (androidx.core:core-splashscreen:1.2.0) to match attributes {artifactType=android-jni, org.gradle.category=library, org.gradle.dependency.bundling=external, org.gradle.libraryelements=aar, org.gradle.status=release, org.gradle.usage=java-runtime}.
	at org.gradle.api.internal.artifacts.transform.TransformingAsyncArtifactListener$TransformedArtifact.lambda$visit$4(TransformingAsyncArtifactListener.java:256)
	at org.gradle.internal.Try$Failure.ifSuccessfulOrElse(Try.java:288)
	at org.gradle.api.internal.artifacts.transform.TransformingAsyncArtifactListener$TransformedArtifact.visit(TransformingAsyncArtifactListener.java:248)
	at org.gradle.api.internal.artifacts.ivyservice.resolveengine.artifact.ParallelResolveArtifactSet$VisitingSet$StartVisitAction.visitResults(ParallelResolveArtifactSet.java:100)
	at org.gradle.api.internal.artifacts.ivyservice.resolveengine.artifact.ParallelResolveArtifactSet$VisitingSet.visit(ParallelResolveArtifactSet.java:69)
	at org.gradle.api.internal.artifacts.ivyservice.resolveengine.artifact.ResolvedArtifactSetResolver$1.run(ResolvedArtifactSetResolver.java:68)
	at org.gradle.internal.operations.DefaultBuildOperationRunner$1.execute(DefaultBuildOperationRunner.java:29)
	at org.gradle.internal.operations.DefaultBuildOperationRunner$1.execute(DefaultBuildOperationRunner.java:26)
	at org.gradle.internal.operations.DefaultBuildOperationRunner$2.execute(DefaultBuildOperationRunner.java:66)
	at org.gradle.internal.operations.DefaultBuildOperationRunner$2.execute(DefaultBuildOperationRunner.java:59)
	at org.gradle.internal.operations.DefaultBuildOperationRunner.execute(DefaultBuildOperationRunner.java:166)
	at org.gradle.internal.operations.DefaultBuildOperationRunner.execute(DefaultBuildOperationRunner.java:59)
	at org.gradle.internal.operations.DefaultBuildOperationRunner.run(DefaultBuildOperationRunner.java:47)
	at org.gradle.api.internal.artifacts.ivyservice.resolveengine.artifact.ResolvedArtifactSetResolver.visitArtifacts(ResolvedArtifactSetResolver.java:65)
	at org.gradle.api.internal.artifacts.ivyservice.resolveengine.artifact.ResolvedArtifactSetResolver.lambda$visitInUnmanagedWorkerThread$0(ResolvedArtifactSetResolver.java:61)
	at org.gradle.internal.work.DefaultWorkerLeaseService.runAsUnmanagedWorkerThread(DefaultWorkerLeaseService.java:139)
	at org.gradle.api.internal.artifacts.ivyservice.resolveengine.artifact.ResolvedArtifactSetResolver.visitInUnmanagedWorkerThread(ResolvedArtifactSetResolver.java:61)
	at org.gradle.api.internal.artifacts.ivyservice.resolveengine.artifact.DefaultSelectedArtifactSet.visitArtifacts(DefaultSelectedArtifactSet.java:59)
	at org.gradle.api.internal.artifacts.configurations.ResolutionResultProviderBackedSelectedArtifactSet.visitArtifacts(ResolutionResultProviderBackedSelectedArtifactSet.java:52)
	at org.gradle.api.internal.artifacts.ivyservice.resolveengine.artifact.SelectedArtifactSet.visitFiles(SelectedArtifactSet.java:34)
	at org.gradle.api.internal.artifacts.configurations.ResolutionBackedFileCollection.visitContents(ResolutionBackedFileCollection.java:75)
	... 91 more
Caused by: org.gradle.internal.resolve.ArtifactResolveException: Could not download core-splashscreen-1.2.0.aar (androidx.core:core-splashscreen:1.2.0)
	at org.gradle.api.internal.artifacts.repositories.resolver.ExternalResourceResolver$RemoteRepositoryAccess.resolveArtifact(ExternalResourceResolver.java:499)
	at org.gradle.api.internal.artifacts.ivyservice.ivyresolve.CachingModuleComponentRepository$ResolveAndCacheRepositoryAccess.resolveArtifact(CachingModuleComponentRepository.java:470)
	at org.gradle.api.internal.artifacts.ivyservice.ivyresolve.ErrorHandlingModuleComponentRepository$ErrorHandlingModuleComponentRepositoryAccess.lambda$resolveArtifact$12(ErrorHandlingModuleComponentRepository.java:180)
	at org.gradle.api.internal.artifacts.ivyservice.ivyresolve.ErrorHandlingModuleComponentRepository$ErrorHandlingModuleComponentRepositoryAccess.tryResolveAndMaybeDisable(ErrorHandlingModuleComponentRepository.java:251)
	at org.gradle.api.internal.artifacts.ivyservice.ivyresolve.ErrorHandlingModuleComponentRepository$ErrorHandlingModuleComponentRepositoryAccess.performOperationWithRetries(ErrorHandlingModuleComponentRepository.java:204)
	at org.gradle.api.internal.artifacts.ivyservice.ivyresolve.ErrorHandlingModuleComponentRepository$ErrorHandlingModuleComponentRepositoryAccess.resolveArtifact(ErrorHandlingModuleComponentRepository.java:178)
	at org.gradle.api.internal.artifacts.ivyservice.ivyresolve.RepositoryChainArtifactResolver.resolveArtifactLater(RepositoryChainArtifactResolver.java:75)
	at org.gradle.api.internal.artifacts.ivyservice.ivyresolve.RepositoryChainArtifactResolver.lambda$resolveArtifact$0(RepositoryChainArtifactResolver.java:63)
	at org.gradle.internal.model.CalculatedValueContainerFactory$SupplierBackedCalculator.calculateValue(CalculatedValueContainerFactory.java:69)
	at org.gradle.internal.model.CalculatedValueContainer$CalculationState.lambda$attachValue$0(CalculatedValueContainer.java:227)
	at org.gradle.internal.Try.ofFailable(Try.java:46)
	at org.gradle.internal.model.CalculatedValueContainer$CalculationState.attachValue(CalculatedValueContainer.java:222)
	at org.gradle.internal.model.CalculatedValueContainer.finalizeIfNotAlready(CalculatedValueContainer.java:195)
	at org.gradle.internal.model.CalculatedValueContainer.finalizeIfNotAlready(CalculatedValueContainer.java:186)
	at org.gradle.api.internal.artifacts.transform.TransformingAsyncArtifactListener$TransformedArtifact.finalizeValue(TransformingAsyncArtifactListener.java:206)
	at org.gradle.api.internal.artifacts.transform.TransformingAsyncArtifactListener$TransformedArtifact.run(TransformingAsyncArtifactListener.java:160)
	at org.gradle.internal.operations.DefaultBuildOperationRunner$2.execute(DefaultBuildOperationRunner.java:66)
	at org.gradle.internal.operations.DefaultBuildOperationRunner$2.execute(DefaultBuildOperationRunner.java:59)
	at org.gradle.internal.operations.DefaultBuildOperationRunner.execute(DefaultBuildOperationRunner.java:166)
	at org.gradle.internal.operations.DefaultBuildOperationRunner.execute(DefaultBuildOperationRunner.java:59)
	at org.gradle.internal.operations.DefaultBuildOperationExecutor.lambda$executeInParallel$0(DefaultBuildOperationExecutor.java:102)
	at org.gradle.internal.operations.DefaultBuildOperationQueue$WorkerRunnable.runOperation(DefaultBuildOperationQueue.java:292)
	at org.gradle.internal.operations.DefaultBuildOperationQueue$WorkerRunnable.doRunBatch(DefaultBuildOperationQueue.java:273)
	at org.gradle.internal.operations.DefaultBuildOperationQueue$WorkerRunnable.lambda$runBatch$0(DefaultBuildOperationQueue.java:258)
	at org.gradle.internal.resources.AbstractResourceLockRegistry.whileDisallowingLockChanges(AbstractResourceLockRegistry.java:50)
	at org.gradle.internal.work.DefaultWorkerLeaseService.whileDisallowingProjectLockChanges(DefaultWorkerLeaseService.java:233)
	at org.gradle.internal.operations.DefaultBuildOperationQueue$WorkerRunnable.lambda$runBatch$1(DefaultBuildOperationQueue.java:258)
	at org.gradle.internal.work.DefaultWorkerLeaseService.runAsWorkerThread(DefaultWorkerLeaseService.java:125)
	at org.gradle.internal.operations.DefaultBuildOperationQueue$WorkerRunnable.runBatch(DefaultBuildOperationQueue.java:244)
	at org.gradle.internal.operations.DefaultBuildOperationQueue$WorkerRunnable.runOperations(DefaultBuildOperationQueue.java:212)
	at org.gradle.internal.operations.CurrentBuildOperationRef.with(CurrentBuildOperationRef.java:84)
	at org.gradle.internal.operations.DefaultBuildOperationQueue$WorkerRunnable.run(DefaultBuildOperationQueue.java:205)
	at org.gradle.internal.operations.DefaultBuildOperationQueue.waitForCompletion(DefaultBuildOperationQueue.java:114)
	at org.gradle.internal.operations.DefaultBuildOperationExecutor.executeInParallel(DefaultBuildOperationExecutor.java:115)
	at org.gradle.internal.operations.DefaultBuildOperationExecutor.runAll(DefaultBuildOperationExecutor.java:64)
	at org.gradle.api.internal.artifacts.ivyservice.resolveengine.artifact.ParallelResolveArtifactSet$VisitingSet.visit(ParallelResolveArtifactSet.java:66)
	... 107 more
Caused by: org.gradle.api.resources.ResourceException: Could not get resource 'https://maven.myket.ir/androidx/core/core-splashscreen/1.2.0/core-splashscreen-1.2.0.aar'.
	at org.gradle.internal.resource.ResourceExceptions.failure(ResourceExceptions.java:74)
	at org.gradle.internal.resource.ResourceExceptions.getFailed(ResourceExceptions.java:57)
	at org.gradle.api.internal.artifacts.repositories.resolver.DefaultExternalResourceArtifactResolver.downloadByUrl(DefaultExternalResourceArtifactResolver.java:114)
	at org.gradle.api.internal.artifacts.repositories.resolver.DefaultExternalResourceArtifactResolver.downloadStaticResource(DefaultExternalResourceArtifactResolver.java:92)
	at org.gradle.api.internal.artifacts.repositories.resolver.DefaultExternalResourceArtifactResolver.resolveArtifact(DefaultExternalResourceArtifactResolver.java:62)
	at org.gradle.api.internal.artifacts.repositories.resolver.ExternalResourceResolver$RemoteRepositoryAccess.resolveArtifact(ExternalResourceResolver.java:492)
	... 142 more
Caused by: org.gradle.internal.resource.transport.http.HttpRequestException: Could not GET 'https://maven.myket.ir/androidx/core/core-splashscreen/1.2.0/core-splashscreen-1.2.0.aar'.
	at org.gradle.internal.resource.transport.http.HttpClientHelper.createHttpRequestException(HttpClientHelper.java:123)
	at org.gradle.internal.resource.transport.http.HttpClientHelper.performRequest(HttpClientHelper.java:117)
	at org.gradle.internal.resource.transport.http.HttpClientHelper.performRawGet(HttpClientHelper.java:99)
	at org.gradle.internal.resource.transport.http.HttpClientHelper.performGet(HttpClientHelper.java:104)
	at org.gradle.internal.resource.transport.http.HttpResourceAccessor.openResource(HttpResourceAccessor.java:45)
	at org.gradle.internal.resource.transport.http.HttpResourceAccessor.openResource(HttpResourceAccessor.java:30)
	at org.gradle.internal.resource.transfer.AbstractExternalResourceAccessor.withContent(AbstractExternalResourceAccessor.java:32)
	at org.gradle.internal.resource.transfer.DefaultExternalResourceConnector.withContent(DefaultExternalResourceConnector.java:59)
	at org.gradle.internal.resource.transfer.ProgressLoggingExternalResourceAccessor$DownloadOperation.call(ProgressLoggingExternalResourceAccessor.java:136)
	at org.gradle.internal.operations.DefaultBuildOperationRunner$CallableBuildOperationWorker.execute(DefaultBuildOperationRunner.java:209)
	at org.gradle.internal.operations.DefaultBuildOperationRunner$CallableBuildOperationWorker.execute(DefaultBuildOperationRunner.java:204)
	at org.gradle.internal.operations.DefaultBuildOperationRunner$2.execute(DefaultBuildOperationRunner.java:66)
	at org.gradle.internal.operations.DefaultBuildOperationRunner$2.execute(DefaultBuildOperationRunner.java:59)
	at org.gradle.internal.operations.DefaultBuildOperationRunner.execute(DefaultBuildOperationRunner.java:166)
	at org.gradle.internal.operations.DefaultBuildOperationRunner.execute(DefaultBuildOperationRunner.java:59)
	at org.gradle.internal.operations.DefaultBuildOperationRunner.call(DefaultBuildOperationRunner.java:53)
	at org.gradle.internal.resource.transfer.ProgressLoggingExternalResourceAccessor.withContent(ProgressLoggingExternalResourceAccessor.java:49)
	at org.gradle.internal.resource.transfer.AccessorBackedExternalResource.withContentIfPresent(AccessorBackedExternalResource.java:103)
	at org.gradle.internal.resource.transfer.DefaultCacheAwareExternalResourceAccessor.copyToCache(DefaultCacheAwareExternalResourceAccessor.java:188)
	at org.gradle.internal.resource.transfer.DefaultCacheAwareExternalResourceAccessor.lambda$getResource$1(DefaultCacheAwareExternalResourceAccessor.java:86)
	at org.gradle.cache.internal.ProducerGuard$AdaptiveProducerGuard.guardByKey(ProducerGuard.java:97)
	at org.gradle.internal.resource.transfer.DefaultCacheAwareExternalResourceAccessor.getResource(DefaultCacheAwareExternalResourceAccessor.java:80)
	at org.gradle.api.internal.artifacts.repositories.resolver.DefaultExternalResourceArtifactResolver.downloadByUrl(DefaultExternalResourceArtifactResolver.java:109)
	... 145 more
Caused by: java.net.UnknownHostException: maven.myket.ir
	at java.base/java.net.InetAddress$CachedAddresses.get(InetAddress.java:801)
	at java.base/java.net.InetAddress.getAllByName0(InetAddress.java:1533)
	at java.base/java.net.InetAddress.getAllByName(InetAddress.java:1385)
	at java.base/java.net.InetAddress.getAllByName(InetAddress.java:1306)
	at org.apache.http.impl.conn.SystemDefaultDnsResolver.resolve(SystemDefaultDnsResolver.java:45)
	at org.apache.http.impl.conn.DefaultHttpClientConnectionOperator.connect(DefaultHttpClientConnectionOperator.java:112)
	at org.apache.http.impl.conn.PoolingHttpClientConnectionManager.connect(PoolingHttpClientConnectionManager.java:376)
	at org.apache.http.impl.execchain.MainClientExec.establishRoute(MainClientExec.java:393)
	at org.apache.http.impl.execchain.MainClientExec.execute(MainClientExec.java:236)
	at org.apache.http.impl.execchain.ProtocolExec.execute(ProtocolExec.java:186)
	at org.apache.http.impl.execchain.RetryExec.execute(RetryExec.java:89)
	at org.apache.http.impl.execchain.RedirectExec.execute(RedirectExec.java:110)
	at org.apache.http.impl.client.InternalHttpClient.doExecute(InternalHttpClient.java:185)
	at org.apache.http.impl.client.CloseableHttpClient.execute(CloseableHttpClient.java:83)
	at org.gradle.internal.resource.transport.http.HttpClientHelper.performHttpRequest(HttpClientHelper.java:200)
	at org.gradle.internal.resource.transport.http.HttpClientHelper.performHttpRequest(HttpClientHelper.java:176)
	at org.gradle.internal.resource.transport.http.HttpClientHelper.executeGetOrHead(HttpClientHelper.java:165)
	at org.gradle.internal.resource.transport.http.HttpClientHelper.performRequest(HttpClientHelper.java:113)
	... 166 more
Cause 14: org.gradle.api.internal.artifacts.transform.TransformException: Failed to transform media-1.7.0.aar (androidx.media:media:1.7.0) to match attributes {artifactType=android-jni, org.gradle.category=library, org.gradle.dependency.bundling=external, org.gradle.libraryelements=aar, org.gradle.status=release, org.gradle.usage=java-runtime}.
	at org.gradle.api.internal.artifacts.transform.TransformingAsyncArtifactListener$TransformedArtifact.lambda$visit$4(TransformingAsyncArtifactListener.java:256)
	at org.gradle.internal.Try$Failure.ifSuccessfulOrElse(Try.java:288)
	at org.gradle.api.internal.artifacts.transform.TransformingAsyncArtifactListener$TransformedArtifact.visit(TransformingAsyncArtifactListener.java:248)
	at org.gradle.api.internal.artifacts.ivyservice.resolveengine.artifact.ParallelResolveArtifactSet$VisitingSet$StartVisitAction.visitResults(ParallelResolveArtifactSet.java:100)
	at org.gradle.api.internal.artifacts.ivyservice.resolveengine.artifact.ParallelResolveArtifactSet$VisitingSet.visit(ParallelResolveArtifactSet.java:69)
	at org.gradle.api.internal.artifacts.ivyservice.resolveengine.artifact.ResolvedArtifactSetResolver$1.run(ResolvedArtifactSetResolver.java:68)
	at org.gradle.internal.operations.DefaultBuildOperationRunner$1.execute(DefaultBuildOperationRunner.java:29)
	at org.gradle.internal.operations.DefaultBuildOperationRunner$1.execute(DefaultBuildOperationRunner.java:26)
	at org.gradle.internal.operations.DefaultBuildOperationRunner$2.execute(DefaultBuildOperationRunner.java:66)
	at org.gradle.internal.operations.DefaultBuildOperationRunner$2.execute(DefaultBuildOperationRunner.java:59)
	at org.gradle.internal.operations.DefaultBuildOperationRunner.execute(DefaultBuildOperationRunner.java:166)
	at org.gradle.internal.operations.DefaultBuildOperationRunner.execute(DefaultBuildOperationRunner.java:59)
	at org.gradle.internal.operations.DefaultBuildOperationRunner.run(DefaultBuildOperationRunner.java:47)
	at org.gradle.api.internal.artifacts.ivyservice.resolveengine.artifact.ResolvedArtifactSetResolver.visitArtifacts(ResolvedArtifactSetResolver.java:65)
	at org.gradle.api.internal.artifacts.ivyservice.resolveengine.artifact.ResolvedArtifactSetResolver.lambda$visitInUnmanagedWorkerThread$0(ResolvedArtifactSetResolver.java:61)
	at org.gradle.internal.work.DefaultWorkerLeaseService.runAsUnmanagedWorkerThread(DefaultWorkerLeaseService.java:139)
	at org.gradle.api.internal.artifacts.ivyservice.resolveengine.artifact.ResolvedArtifactSetResolver.visitInUnmanagedWorkerThread(ResolvedArtifactSetResolver.java:61)
	at org.gradle.api.internal.artifacts.ivyservice.resolveengine.artifact.DefaultSelectedArtifactSet.visitArtifacts(DefaultSelectedArtifactSet.java:59)
	at org.gradle.api.internal.artifacts.configurations.ResolutionResultProviderBackedSelectedArtifactSet.visitArtifacts(ResolutionResultProviderBackedSelectedArtifactSet.java:52)
	at org.gradle.api.internal.artifacts.ivyservice.resolveengine.artifact.SelectedArtifactSet.visitFiles(SelectedArtifactSet.java:34)
	at org.gradle.api.internal.artifacts.configurations.ResolutionBackedFileCollection.visitContents(ResolutionBackedFileCollection.java:75)
	... 91 more
Caused by: org.gradle.internal.resolve.ArtifactResolveException: Could not download media-1.7.0.aar (androidx.media:media:1.7.0)
	at org.gradle.api.internal.artifacts.repositories.resolver.ExternalResourceResolver$RemoteRepositoryAccess.resolveArtifact(ExternalResourceResolver.java:499)
	at org.gradle.api.internal.artifacts.ivyservice.ivyresolve.CachingModuleComponentRepository$ResolveAndCacheRepositoryAccess.resolveArtifact(CachingModuleComponentRepository.java:470)
	at org.gradle.api.internal.artifacts.ivyservice.ivyresolve.ErrorHandlingModuleComponentRepository$ErrorHandlingModuleComponentRepositoryAccess.lambda$resolveArtifact$12(ErrorHandlingModuleComponentRepository.java:180)
	at org.gradle.api.internal.artifacts.ivyservice.ivyresolve.ErrorHandlingModuleComponentRepository$ErrorHandlingModuleComponentRepositoryAccess.tryResolveAndMaybeDisable(ErrorHandlingModuleComponentRepository.java:251)
	at org.gradle.api.internal.artifacts.ivyservice.ivyresolve.ErrorHandlingModuleComponentRepository$ErrorHandlingModuleComponentRepositoryAccess.performOperationWithRetries(ErrorHandlingModuleComponentRepository.java:204)
	at org.gradle.api.internal.artifacts.ivyservice.ivyresolve.ErrorHandlingModuleComponentRepository$ErrorHandlingModuleComponentRepositoryAccess.resolveArtifact(ErrorHandlingModuleComponentRepository.java:178)
	at org.gradle.api.internal.artifacts.ivyservice.ivyresolve.RepositoryChainArtifactResolver.resolveArtifactLater(RepositoryChainArtifactResolver.java:75)
	at org.gradle.api.internal.artifacts.ivyservice.ivyresolve.RepositoryChainArtifactResolver.lambda$resolveArtifact$0(RepositoryChainArtifactResolver.java:63)
	at org.gradle.internal.model.CalculatedValueContainerFactory$SupplierBackedCalculator.calculateValue(CalculatedValueContainerFactory.java:69)
	at org.gradle.internal.model.CalculatedValueContainer$CalculationState.lambda$attachValue$0(CalculatedValueContainer.java:227)
	at org.gradle.internal.Try.ofFailable(Try.java:46)
	at org.gradle.internal.model.CalculatedValueContainer$CalculationState.attachValue(CalculatedValueContainer.java:222)
	at org.gradle.internal.model.CalculatedValueContainer.finalizeIfNotAlready(CalculatedValueContainer.java:195)
	at org.gradle.internal.model.CalculatedValueContainer.finalizeIfNotAlready(CalculatedValueContainer.java:186)
	at org.gradle.api.internal.artifacts.transform.TransformingAsyncArtifactListener$TransformedArtifact.finalizeValue(TransformingAsyncArtifactListener.java:206)
	at org.gradle.api.internal.artifacts.transform.TransformingAsyncArtifactListener$TransformedArtifact.run(TransformingAsyncArtifactListener.java:160)
	at org.gradle.internal.operations.DefaultBuildOperationRunner$2.execute(DefaultBuildOperationRunner.java:66)
	at org.gradle.internal.operations.DefaultBuildOperationRunner$2.execute(DefaultBuildOperationRunner.java:59)
	at org.gradle.internal.operations.DefaultBuildOperationRunner.execute(DefaultBuildOperationRunner.java:166)
	at org.gradle.internal.operations.DefaultBuildOperationRunner.execute(DefaultBuildOperationRunner.java:59)
	at org.gradle.internal.operations.DefaultBuildOperationExecutor.lambda$executeInParallel$0(DefaultBuildOperationExecutor.java:102)
	at org.gradle.internal.operations.DefaultBuildOperationQueue$WorkerRunnable.runOperation(DefaultBuildOperationQueue.java:292)
	at org.gradle.internal.operations.DefaultBuildOperationQueue$WorkerRunnable.doRunBatch(DefaultBuildOperationQueue.java:273)
	at org.gradle.internal.operations.DefaultBuildOperationQueue$WorkerRunnable.lambda$runBatch$0(DefaultBuildOperationQueue.java:258)
	at org.gradle.internal.resources.AbstractResourceLockRegistry.whileDisallowingLockChanges(AbstractResourceLockRegistry.java:50)
	at org.gradle.internal.work.DefaultWorkerLeaseService.whileDisallowingProjectLockChanges(DefaultWorkerLeaseService.java:233)
	at org.gradle.internal.operations.DefaultBuildOperationQueue$WorkerRunnable.lambda$runBatch$1(DefaultBuildOperationQueue.java:258)
	at org.gradle.internal.work.DefaultWorkerLeaseService.lambda$withLocksAcquired$0(DefaultWorkerLeaseService.java:269)
	at org.gradle.internal.work.ResourceLockStatistics$1.measure(ResourceLockStatistics.java:42)
	at org.gradle.internal.work.DefaultWorkerLeaseService.withLocksAcquired(DefaultWorkerLeaseService.java:267)
	at org.gradle.internal.work.DefaultWorkerLeaseService.withLocks(DefaultWorkerLeaseService.java:259)
	at org.gradle.internal.work.DefaultWorkerLeaseService.runAsWorkerThread(DefaultWorkerLeaseService.java:127)
	at org.gradle.internal.operations.DefaultBuildOperationQueue$WorkerRunnable.runBatch(DefaultBuildOperationQueue.java:244)
	at org.gradle.internal.operations.DefaultBuildOperationQueue$WorkerRunnable.runOperations(DefaultBuildOperationQueue.java:212)
	at org.gradle.internal.operations.CurrentBuildOperationRef.with(CurrentBuildOperationRef.java:84)
	at org.gradle.internal.operations.DefaultBuildOperationQueue$WorkerRunnable.run(DefaultBuildOperationQueue.java:205)
	... 5 more
Caused by: org.gradle.api.resources.ResourceException: Could not get resource 'https://maven.myket.ir/androidx/media/media/1.7.0/media-1.7.0.aar'.
	at org.gradle.internal.resource.ResourceExceptions.failure(ResourceExceptions.java:74)
	at org.gradle.internal.resource.ResourceExceptions.getFailed(ResourceExceptions.java:57)
	at org.gradle.api.internal.artifacts.repositories.resolver.DefaultExternalResourceArtifactResolver.downloadByUrl(DefaultExternalResourceArtifactResolver.java:114)
	at org.gradle.api.internal.artifacts.repositories.resolver.DefaultExternalResourceArtifactResolver.downloadStaticResource(DefaultExternalResourceArtifactResolver.java:92)
	at org.gradle.api.internal.artifacts.repositories.resolver.DefaultExternalResourceArtifactResolver.resolveArtifact(DefaultExternalResourceArtifactResolver.java:62)
	at org.gradle.api.internal.artifacts.repositories.resolver.ExternalResourceResolver$RemoteRepositoryAccess.resolveArtifact(ExternalResourceResolver.java:492)
	... 40 more
Caused by: org.gradle.internal.resource.transport.http.HttpRequestException: Could not GET 'https://maven.myket.ir/androidx/media/media/1.7.0/media-1.7.0.aar'.
	at org.gradle.internal.resource.transport.http.HttpClientHelper.createHttpRequestException(HttpClientHelper.java:123)
	at org.gradle.internal.resource.transport.http.HttpClientHelper.performRequest(HttpClientHelper.java:117)
	at org.gradle.internal.resource.transport.http.HttpClientHelper.performRawGet(HttpClientHelper.java:99)
	at org.gradle.internal.resource.transport.http.HttpClientHelper.performGet(HttpClientHelper.java:104)
	at org.gradle.internal.resource.transport.http.HttpResourceAccessor.openResource(HttpResourceAccessor.java:45)
	at org.gradle.internal.resource.transport.http.HttpResourceAccessor.openResource(HttpResourceAccessor.java:30)
	at org.gradle.internal.resource.transfer.AbstractExternalResourceAccessor.withContent(AbstractExternalResourceAccessor.java:32)
	at org.gradle.internal.resource.transfer.DefaultExternalResourceConnector.withContent(DefaultExternalResourceConnector.java:59)
	at org.gradle.internal.resource.transfer.ProgressLoggingExternalResourceAccessor$DownloadOperation.call(ProgressLoggingExternalResourceAccessor.java:136)
	at org.gradle.internal.operations.DefaultBuildOperationRunner$CallableBuildOperationWorker.execute(DefaultBuildOperationRunner.java:209)
	at org.gradle.internal.operations.DefaultBuildOperationRunner$CallableBuildOperationWorker.execute(DefaultBuildOperationRunner.java:204)
	at org.gradle.internal.operations.DefaultBuildOperationRunner$2.execute(DefaultBuildOperationRunner.java:66)
	at org.gradle.internal.operations.DefaultBuildOperationRunner$2.execute(DefaultBuildOperationRunner.java:59)
	at org.gradle.internal.operations.DefaultBuildOperationRunner.execute(DefaultBuildOperationRunner.java:166)
	at org.gradle.internal.operations.DefaultBuildOperationRunner.execute(DefaultBuildOperationRunner.java:59)
	at org.gradle.internal.operations.DefaultBuildOperationRunner.call(DefaultBuildOperationRunner.java:53)
	at org.gradle.internal.resource.transfer.ProgressLoggingExternalResourceAccessor.withContent(ProgressLoggingExternalResourceAccessor.java:49)
	at org.gradle.internal.resource.transfer.AccessorBackedExternalResource.withContentIfPresent(AccessorBackedExternalResource.java:103)
	at org.gradle.internal.resource.transfer.DefaultCacheAwareExternalResourceAccessor.copyToCache(DefaultCacheAwareExternalResourceAccessor.java:188)
	at org.gradle.internal.resource.transfer.DefaultCacheAwareExternalResourceAccessor.lambda$getResource$1(DefaultCacheAwareExternalResourceAccessor.java:86)
	at org.gradle.cache.internal.ProducerGuard$AdaptiveProducerGuard.guardByKey(ProducerGuard.java:97)
	at org.gradle.internal.resource.transfer.DefaultCacheAwareExternalResourceAccessor.getResource(DefaultCacheAwareExternalResourceAccessor.java:80)
	at org.gradle.api.internal.artifacts.repositories.resolver.DefaultExternalResourceArtifactResolver.downloadByUrl(DefaultExternalResourceArtifactResolver.java:109)
	... 43 more
Caused by: java.net.UnknownHostException: maven.myket.ir
	at java.base/java.net.InetAddress$CachedAddresses.get(InetAddress.java:801)
	at java.base/java.net.InetAddress.getAllByName0(InetAddress.java:1533)
	at java.base/java.net.InetAddress.getAllByName(InetAddress.java:1385)
	at java.base/java.net.InetAddress.getAllByName(InetAddress.java:1306)
	at org.apache.http.impl.conn.SystemDefaultDnsResolver.resolve(SystemDefaultDnsResolver.java:45)
	at org.apache.http.impl.conn.DefaultHttpClientConnectionOperator.connect(DefaultHttpClientConnectionOperator.java:112)
	at org.apache.http.impl.conn.PoolingHttpClientConnectionManager.connect(PoolingHttpClientConnectionManager.java:376)
	at org.apache.http.impl.execchain.MainClientExec.establishRoute(MainClientExec.java:393)
	at org.apache.http.impl.execchain.MainClientExec.execute(MainClientExec.java:236)
	at org.apache.http.impl.execchain.ProtocolExec.execute(ProtocolExec.java:186)
	at org.apache.http.impl.execchain.RetryExec.execute(RetryExec.java:89)
	at org.apache.http.impl.execchain.RedirectExec.execute(RedirectExec.java:110)
	at org.apache.http.impl.client.InternalHttpClient.doExecute(InternalHttpClient.java:185)
	at org.apache.http.impl.client.CloseableHttpClient.execute(CloseableHttpClient.java:83)
	at org.gradle.internal.resource.transport.http.HttpClientHelper.performHttpRequest(HttpClientHelper.java:200)
	at org.gradle.internal.resource.transport.http.HttpClientHelper.performHttpRequest(HttpClientHelper.java:176)
	at org.gradle.internal.resource.transport.http.HttpClientHelper.executeGetOrHead(HttpClientHelper.java:165)
	at org.gradle.internal.resource.transport.http.HttpClientHelper.performRequest(HttpClientHelper.java:113)
	... 64 more
Cause 15: org.gradle.api.internal.artifacts.transform.TransformException: Failed to transform recyclerview-1.3.0.aar (androidx.recyclerview:recyclerview:1.3.0) to match attributes {artifactType=android-jni, org.gradle.category=library, org.gradle.dependency.bundling=external, org.gradle.libraryelements=aar, org.gradle.status=release, org.gradle.usage=java-runtime}.
	at org.gradle.api.internal.artifacts.transform.TransformingAsyncArtifactListener$TransformedArtifact.lambda$visit$4(TransformingAsyncArtifactListener.java:256)
	at org.gradle.internal.Try$Failure.ifSuccessfulOrElse(Try.java:288)
	at org.gradle.api.internal.artifacts.transform.TransformingAsyncArtifactListener$TransformedArtifact.visit(TransformingAsyncArtifactListener.java:248)
	at org.gradle.api.internal.artifacts.ivyservice.resolveengine.artifact.ParallelResolveArtifactSet$VisitingSet$StartVisitAction.visitResults(ParallelResolveArtifactSet.java:100)
	at org.gradle.api.internal.artifacts.ivyservice.resolveengine.artifact.ParallelResolveArtifactSet$VisitingSet.visit(ParallelResolveArtifactSet.java:69)
	at org.gradle.api.internal.artifacts.ivyservice.resolveengine.artifact.ResolvedArtifactSetResolver$1.run(ResolvedArtifactSetResolver.java:68)
	at org.gradle.internal.operations.DefaultBuildOperationRunner$1.execute(DefaultBuildOperationRunner.java:29)
	at org.gradle.internal.operations.DefaultBuildOperationRunner$1.execute(DefaultBuildOperationRunner.java:26)
	at org.gradle.internal.operations.DefaultBuildOperationRunner$2.execute(DefaultBuildOperationRunner.java:66)
	at org.gradle.internal.operations.DefaultBuildOperationRunner$2.execute(DefaultBuildOperationRunner.java:59)
	at org.gradle.internal.operations.DefaultBuildOperationRunner.execute(DefaultBuildOperationRunner.java:166)
	at org.gradle.internal.operations.DefaultBuildOperationRunner.execute(DefaultBuildOperationRunner.java:59)
	at org.gradle.internal.operations.DefaultBuildOperationRunner.run(DefaultBuildOperationRunner.java:47)
	at org.gradle.api.internal.artifacts.ivyservice.resolveengine.artifact.ResolvedArtifactSetResolver.visitArtifacts(ResolvedArtifactSetResolver.java:65)
	at org.gradle.api.internal.artifacts.ivyservice.resolveengine.artifact.ResolvedArtifactSetResolver.lambda$visitInUnmanagedWorkerThread$0(ResolvedArtifactSetResolver.java:61)
	at org.gradle.internal.work.DefaultWorkerLeaseService.runAsUnmanagedWorkerThread(DefaultWorkerLeaseService.java:139)
	at org.gradle.api.internal.artifacts.ivyservice.resolveengine.artifact.ResolvedArtifactSetResolver.visitInUnmanagedWorkerThread(ResolvedArtifactSetResolver.java:61)
	at org.gradle.api.internal.artifacts.ivyservice.resolveengine.artifact.DefaultSelectedArtifactSet.visitArtifacts(DefaultSelectedArtifactSet.java:59)
	at org.gradle.api.internal.artifacts.configurations.ResolutionResultProviderBackedSelectedArtifactSet.visitArtifacts(ResolutionResultProviderBackedSelectedArtifactSet.java:52)
	at org.gradle.api.internal.artifacts.ivyservice.resolveengine.artifact.SelectedArtifactSet.visitFiles(SelectedArtifactSet.java:34)
	at org.gradle.api.internal.artifacts.configurations.ResolutionBackedFileCollection.visitContents(ResolutionBackedFileCollection.java:75)
	... 91 more
Caused by: org.gradle.internal.resolve.ArtifactResolveException: Could not download recyclerview-1.3.0.aar (androidx.recyclerview:recyclerview:1.3.0)
	at org.gradle.api.internal.artifacts.repositories.resolver.ExternalResourceResolver$RemoteRepositoryAccess.resolveArtifact(ExternalResourceResolver.java:499)
	at org.gradle.api.internal.artifacts.ivyservice.ivyresolve.CachingModuleComponentRepository$ResolveAndCacheRepositoryAccess.resolveArtifact(CachingModuleComponentRepository.java:470)
	at org.gradle.api.internal.artifacts.ivyservice.ivyresolve.ErrorHandlingModuleComponentRepository$ErrorHandlingModuleComponentRepositoryAccess.lambda$resolveArtifact$12(ErrorHandlingModuleComponentRepository.java:180)
	at org.gradle.api.internal.artifacts.ivyservice.ivyresolve.ErrorHandlingModuleComponentRepository$ErrorHandlingModuleComponentRepositoryAccess.tryResolveAndMaybeDisable(ErrorHandlingModuleComponentRepository.java:251)
	at org.gradle.api.internal.artifacts.ivyservice.ivyresolve.ErrorHandlingModuleComponentRepository$ErrorHandlingModuleComponentRepositoryAccess.performOperationWithRetries(ErrorHandlingModuleComponentRepository.java:204)
	at org.gradle.api.internal.artifacts.ivyservice.ivyresolve.ErrorHandlingModuleComponentRepository$ErrorHandlingModuleComponentRepositoryAccess.resolveArtifact(ErrorHandlingModuleComponentRepository.java:178)
	at org.gradle.api.internal.artifacts.ivyservice.ivyresolve.RepositoryChainArtifactResolver.resolveArtifactLater(RepositoryChainArtifactResolver.java:75)
	at org.gradle.api.internal.artifacts.ivyservice.ivyresolve.RepositoryChainArtifactResolver.lambda$resolveArtifact$0(RepositoryChainArtifactResolver.java:63)
	at org.gradle.internal.model.CalculatedValueContainerFactory$SupplierBackedCalculator.calculateValue(CalculatedValueContainerFactory.java:69)
	at org.gradle.internal.model.CalculatedValueContainer$CalculationState.lambda$attachValue$0(CalculatedValueContainer.java:227)
	at org.gradle.internal.Try.ofFailable(Try.java:46)
	at org.gradle.internal.model.CalculatedValueContainer$CalculationState.attachValue(CalculatedValueContainer.java:222)
	at org.gradle.internal.model.CalculatedValueContainer.finalizeIfNotAlready(CalculatedValueContainer.java:195)
	at org.gradle.internal.model.CalculatedValueContainer.finalizeIfNotAlready(CalculatedValueContainer.java:186)
	at org.gradle.api.internal.artifacts.transform.TransformingAsyncArtifactListener$TransformedArtifact.finalizeValue(TransformingAsyncArtifactListener.java:206)
	at org.gradle.api.internal.artifacts.transform.TransformingAsyncArtifactListener$TransformedArtifact.run(TransformingAsyncArtifactListener.java:160)
	at org.gradle.internal.operations.DefaultBuildOperationRunner$2.execute(DefaultBuildOperationRunner.java:66)
	at org.gradle.internal.operations.DefaultBuildOperationRunner$2.execute(DefaultBuildOperationRunner.java:59)
	at org.gradle.internal.operations.DefaultBuildOperationRunner.execute(DefaultBuildOperationRunner.java:166)
	at org.gradle.internal.operations.DefaultBuildOperationRunner.execute(DefaultBuildOperationRunner.java:59)
	at org.gradle.internal.operations.DefaultBuildOperationExecutor.lambda$executeInParallel$0(DefaultBuildOperationExecutor.java:102)
	at org.gradle.internal.operations.DefaultBuildOperationQueue$WorkerRunnable.runOperation(DefaultBuildOperationQueue.java:292)
	at org.gradle.internal.operations.DefaultBuildOperationQueue$WorkerRunnable.doRunBatch(DefaultBuildOperationQueue.java:273)
	at org.gradle.internal.operations.DefaultBuildOperationQueue$WorkerRunnable.lambda$runBatch$0(DefaultBuildOperationQueue.java:258)
	at org.gradle.internal.resources.AbstractResourceLockRegistry.whileDisallowingLockChanges(AbstractResourceLockRegistry.java:50)
	at org.gradle.internal.work.DefaultWorkerLeaseService.whileDisallowingProjectLockChanges(DefaultWorkerLeaseService.java:233)
	at org.gradle.internal.operations.DefaultBuildOperationQueue$WorkerRunnable.lambda$runBatch$1(DefaultBuildOperationQueue.java:258)
	at org.gradle.internal.work.DefaultWorkerLeaseService.lambda$withLocksAcquired$0(DefaultWorkerLeaseService.java:269)
	at org.gradle.internal.work.ResourceLockStatistics$1.measure(ResourceLockStatistics.java:42)
	at org.gradle.internal.work.DefaultWorkerLeaseService.withLocksAcquired(DefaultWorkerLeaseService.java:267)
	at org.gradle.internal.work.DefaultWorkerLeaseService.withLocks(DefaultWorkerLeaseService.java:259)
	at org.gradle.internal.work.DefaultWorkerLeaseService.runAsWorkerThread(DefaultWorkerLeaseService.java:127)
	at org.gradle.internal.operations.DefaultBuildOperationQueue$WorkerRunnable.runBatch(DefaultBuildOperationQueue.java:244)
	at org.gradle.internal.operations.DefaultBuildOperationQueue$WorkerRunnable.runOperations(DefaultBuildOperationQueue.java:212)
	at org.gradle.internal.operations.CurrentBuildOperationRef.with(CurrentBuildOperationRef.java:84)
	at org.gradle.internal.operations.DefaultBuildOperationQueue$WorkerRunnable.run(DefaultBuildOperationQueue.java:205)
	... 5 more
Caused by: org.gradle.api.resources.ResourceException: Could not get resource 'https://maven.myket.ir/androidx/recyclerview/recyclerview/1.3.0/recyclerview-1.3.0.aar'.
	at org.gradle.internal.resource.ResourceExceptions.failure(ResourceExceptions.java:74)
	at org.gradle.internal.resource.ResourceExceptions.getFailed(ResourceExceptions.java:57)
	at org.gradle.api.internal.artifacts.repositories.resolver.DefaultExternalResourceArtifactResolver.downloadByUrl(DefaultExternalResourceArtifactResolver.java:114)
	at org.gradle.api.internal.artifacts.repositories.resolver.DefaultExternalResourceArtifactResolver.downloadStaticResource(DefaultExternalResourceArtifactResolver.java:92)
	at org.gradle.api.internal.artifacts.repositories.resolver.DefaultExternalResourceArtifactResolver.resolveArtifact(DefaultExternalResourceArtifactResolver.java:62)
	at org.gradle.api.internal.artifacts.repositories.resolver.ExternalResourceResolver$RemoteRepositoryAccess.resolveArtifact(ExternalResourceResolver.java:492)
	... 40 more
Caused by: org.gradle.internal.resource.transport.http.HttpRequestException: Could not GET 'https://maven.myket.ir/androidx/recyclerview/recyclerview/1.3.0/recyclerview-1.3.0.aar'.
	at org.gradle.internal.resource.transport.http.HttpClientHelper.createHttpRequestException(HttpClientHelper.java:123)
	at org.gradle.internal.resource.transport.http.HttpClientHelper.performRequest(HttpClientHelper.java:117)
	at org.gradle.internal.resource.transport.http.HttpClientHelper.performRawGet(HttpClientHelper.java:99)
	at org.gradle.internal.resource.transport.http.HttpClientHelper.performGet(HttpClientHelper.java:104)
	at org.gradle.internal.resource.transport.http.HttpResourceAccessor.openResource(HttpResourceAccessor.java:45)
	at org.gradle.internal.resource.transport.http.HttpResourceAccessor.openResource(HttpResourceAccessor.java:30)
	at org.gradle.internal.resource.transfer.AbstractExternalResourceAccessor.withContent(AbstractExternalResourceAccessor.java:32)
	at org.gradle.internal.resource.transfer.DefaultExternalResourceConnector.withContent(DefaultExternalResourceConnector.java:59)
	at org.gradle.internal.resource.transfer.ProgressLoggingExternalResourceAccessor$DownloadOperation.call(ProgressLoggingExternalResourceAccessor.java:136)
	at org.gradle.internal.operations.DefaultBuildOperationRunner$CallableBuildOperationWorker.execute(DefaultBuildOperationRunner.java:209)
	at org.gradle.internal.operations.DefaultBuildOperationRunner$CallableBuildOperationWorker.execute(DefaultBuildOperationRunner.java:204)
	at org.gradle.internal.operations.DefaultBuildOperationRunner$2.execute(DefaultBuildOperationRunner.java:66)
	at org.gradle.internal.operations.DefaultBuildOperationRunner$2.execute(DefaultBuildOperationRunner.java:59)
	at org.gradle.internal.operations.DefaultBuildOperationRunner.execute(DefaultBuildOperationRunner.java:166)
	at org.gradle.internal.operations.DefaultBuildOperationRunner.execute(DefaultBuildOperationRunner.java:59)
	at org.gradle.internal.operations.DefaultBuildOperationRunner.call(DefaultBuildOperationRunner.java:53)
	at org.gradle.internal.resource.transfer.ProgressLoggingExternalResourceAccessor.withContent(ProgressLoggingExternalResourceAccessor.java:49)
	at org.gradle.internal.resource.transfer.AccessorBackedExternalResource.withContentIfPresent(AccessorBackedExternalResource.java:103)
	at org.gradle.internal.resource.transfer.DefaultCacheAwareExternalResourceAccessor.copyToCache(DefaultCacheAwareExternalResourceAccessor.java:188)
	at org.gradle.internal.resource.transfer.DefaultCacheAwareExternalResourceAccessor.lambda$getResource$1(DefaultCacheAwareExternalResourceAccessor.java:86)
	at org.gradle.cache.internal.ProducerGuard$AdaptiveProducerGuard.guardByKey(ProducerGuard.java:97)
	at org.gradle.internal.resource.transfer.DefaultCacheAwareExternalResourceAccessor.getResource(DefaultCacheAwareExternalResourceAccessor.java:80)
	at org.gradle.api.internal.artifacts.repositories.resolver.DefaultExternalResourceArtifactResolver.downloadByUrl(DefaultExternalResourceArtifactResolver.java:109)
	... 43 more
Caused by: java.net.UnknownHostException: maven.myket.ir
	at java.base/java.net.InetAddress$CachedAddresses.get(InetAddress.java:801)
	at java.base/java.net.InetAddress.getAllByName0(InetAddress.java:1533)
	at java.base/java.net.InetAddress.getAllByName(InetAddress.java:1385)
	at java.base/java.net.InetAddress.getAllByName(InetAddress.java:1306)
	at org.apache.http.impl.conn.SystemDefaultDnsResolver.resolve(SystemDefaultDnsResolver.java:45)
	at org.apache.http.impl.conn.DefaultHttpClientConnectionOperator.connect(DefaultHttpClientConnectionOperator.java:112)
	at org.apache.http.impl.conn.PoolingHttpClientConnectionManager.connect(PoolingHttpClientConnectionManager.java:376)
	at org.apache.http.impl.execchain.MainClientExec.establishRoute(MainClientExec.java:393)
	at org.apache.http.impl.execchain.MainClientExec.execute(MainClientExec.java:236)
	at org.apache.http.impl.execchain.ProtocolExec.execute(ProtocolExec.java:186)
	at org.apache.http.impl.execchain.RetryExec.execute(RetryExec.java:89)
	at org.apache.http.impl.execchain.RedirectExec.execute(RedirectExec.java:110)
	at org.apache.http.impl.client.InternalHttpClient.doExecute(InternalHttpClient.java:185)
	at org.apache.http.impl.client.CloseableHttpClient.execute(CloseableHttpClient.java:83)
	at org.gradle.internal.resource.transport.http.HttpClientHelper.performHttpRequest(HttpClientHelper.java:200)
	at org.gradle.internal.resource.transport.http.HttpClientHelper.performHttpRequest(HttpClientHelper.java:176)
	at org.gradle.internal.resource.transport.http.HttpClientHelper.executeGetOrHead(HttpClientHelper.java:165)
	at org.gradle.internal.resource.transport.http.HttpClientHelper.performRequest(HttpClientHelper.java:113)
	... 64 more
Cause 16: org.gradle.api.internal.artifacts.transform.TransformException: Failed to transform recyclerview-1.3.0.aar (androidx.recyclerview:recyclerview:1.3.0) to match attributes {artifactType=android-jni, org.gradle.category=library, org.gradle.status=release}.
	at org.gradle.api.internal.artifacts.transform.TransformingAsyncArtifactListener$TransformedArtifact.lambda$visit$4(TransformingAsyncArtifactListener.java:256)
	at org.gradle.internal.Try$Failure.ifSuccessfulOrElse(Try.java:288)
	at org.gradle.api.internal.artifacts.transform.TransformingAsyncArtifactListener$TransformedArtifact.visit(TransformingAsyncArtifactListener.java:248)
	at org.gradle.api.internal.artifacts.ivyservice.resolveengine.artifact.ParallelResolveArtifactSet$VisitingSet$StartVisitAction.visitResults(ParallelResolveArtifactSet.java:100)
	at org.gradle.api.internal.artifacts.ivyservice.resolveengine.artifact.ParallelResolveArtifactSet$VisitingSet.visit(ParallelResolveArtifactSet.java:69)
	at org.gradle.api.internal.artifacts.ivyservice.resolveengine.artifact.ResolvedArtifactSetResolver$1.run(ResolvedArtifactSetResolver.java:68)
	at org.gradle.internal.operations.DefaultBuildOperationRunner$1.execute(DefaultBuildOperationRunner.java:29)
	at org.gradle.internal.operations.DefaultBuildOperationRunner$1.execute(DefaultBuildOperationRunner.java:26)
	at org.gradle.internal.operations.DefaultBuildOperationRunner$2.execute(DefaultBuildOperationRunner.java:66)
	at org.gradle.internal.operations.DefaultBuildOperationRunner$2.execute(DefaultBuildOperationRunner.java:59)
	at org.gradle.internal.operations.DefaultBuildOperationRunner.execute(DefaultBuildOperationRunner.java:166)
	at org.gradle.internal.operations.DefaultBuildOperationRunner.execute(DefaultBuildOperationRunner.java:59)
	at org.gradle.internal.operations.DefaultBuildOperationRunner.run(DefaultBuildOperationRunner.java:47)
	at org.gradle.api.internal.artifacts.ivyservice.resolveengine.artifact.ResolvedArtifactSetResolver.visitArtifacts(ResolvedArtifactSetResolver.java:65)
	at org.gradle.api.internal.artifacts.ivyservice.resolveengine.artifact.ResolvedArtifactSetResolver.lambda$visitInUnmanagedWorkerThread$0(ResolvedArtifactSetResolver.java:61)
	at org.gradle.internal.work.DefaultWorkerLeaseService.runAsUnmanagedWorkerThread(DefaultWorkerLeaseService.java:139)
	at org.gradle.api.internal.artifacts.ivyservice.resolveengine.artifact.ResolvedArtifactSetResolver.visitInUnmanagedWorkerThread(ResolvedArtifactSetResolver.java:61)
	at org.gradle.api.internal.artifacts.ivyservice.resolveengine.artifact.DefaultSelectedArtifactSet.visitArtifacts(DefaultSelectedArtifactSet.java:59)
	at org.gradle.api.internal.artifacts.configurations.ResolutionResultProviderBackedSelectedArtifactSet.visitArtifacts(ResolutionResultProviderBackedSelectedArtifactSet.java:52)
	at org.gradle.api.internal.artifacts.ivyservice.resolveengine.artifact.SelectedArtifactSet.visitFiles(SelectedArtifactSet.java:34)
	at org.gradle.api.internal.artifacts.configurations.ResolutionBackedFileCollection.visitContents(ResolutionBackedFileCollection.java:75)
	... 91 more
Caused by: org.gradle.internal.resolve.ArtifactResolveException: Could not download recyclerview-1.3.0.aar (androidx.recyclerview:recyclerview:1.3.0)
	at org.gradle.api.internal.artifacts.repositories.resolver.ExternalResourceResolver$RemoteRepositoryAccess.resolveArtifact(ExternalResourceResolver.java:499)
	at org.gradle.api.internal.artifacts.ivyservice.ivyresolve.CachingModuleComponentRepository$ResolveAndCacheRepositoryAccess.resolveArtifact(CachingModuleComponentRepository.java:470)
	at org.gradle.api.internal.artifacts.ivyservice.ivyresolve.ErrorHandlingModuleComponentRepository$ErrorHandlingModuleComponentRepositoryAccess.lambda$resolveArtifact$12(ErrorHandlingModuleComponentRepository.java:180)
	at org.gradle.api.internal.artifacts.ivyservice.ivyresolve.ErrorHandlingModuleComponentRepository$ErrorHandlingModuleComponentRepositoryAccess.tryResolveAndMaybeDisable(ErrorHandlingModuleComponentRepository.java:251)
	at org.gradle.api.internal.artifacts.ivyservice.ivyresolve.ErrorHandlingModuleComponentRepository$ErrorHandlingModuleComponentRepositoryAccess.performOperationWithRetries(ErrorHandlingModuleComponentRepository.java:204)
	at org.gradle.api.internal.artifacts.ivyservice.ivyresolve.ErrorHandlingModuleComponentRepository$ErrorHandlingModuleComponentRepositoryAccess.resolveArtifact(ErrorHandlingModuleComponentRepository.java:178)
	at org.gradle.api.internal.artifacts.ivyservice.ivyresolve.RepositoryChainArtifactResolver.resolveArtifactLater(RepositoryChainArtifactResolver.java:75)
	at org.gradle.api.internal.artifacts.ivyservice.ivyresolve.RepositoryChainArtifactResolver.lambda$resolveArtifact$0(RepositoryChainArtifactResolver.java:63)
	at org.gradle.internal.model.CalculatedValueContainerFactory$SupplierBackedCalculator.calculateValue(CalculatedValueContainerFactory.java:69)
	at org.gradle.internal.model.CalculatedValueContainer$CalculationState.lambda$attachValue$0(CalculatedValueContainer.java:227)
	at org.gradle.internal.Try.ofFailable(Try.java:46)
	at org.gradle.internal.model.CalculatedValueContainer$CalculationState.attachValue(CalculatedValueContainer.java:222)
	at org.gradle.internal.model.CalculatedValueContainer.finalizeIfNotAlready(CalculatedValueContainer.java:195)
	at org.gradle.internal.model.CalculatedValueContainer.finalizeIfNotAlready(CalculatedValueContainer.java:186)
	at org.gradle.api.internal.artifacts.transform.TransformingAsyncArtifactListener$TransformedArtifact.finalizeValue(TransformingAsyncArtifactListener.java:206)
	at org.gradle.api.internal.artifacts.transform.TransformingAsyncArtifactListener$TransformedArtifact.run(TransformingAsyncArtifactListener.java:160)
	at org.gradle.internal.operations.DefaultBuildOperationRunner$2.execute(DefaultBuildOperationRunner.java:66)
	at org.gradle.internal.operations.DefaultBuildOperationRunner$2.execute(DefaultBuildOperationRunner.java:59)
	at org.gradle.internal.operations.DefaultBuildOperationRunner.execute(DefaultBuildOperationRunner.java:166)
	at org.gradle.internal.operations.DefaultBuildOperationRunner.execute(DefaultBuildOperationRunner.java:59)
	at org.gradle.internal.operations.DefaultBuildOperationExecutor.lambda$executeInParallel$0(DefaultBuildOperationExecutor.java:102)
	at org.gradle.internal.operations.DefaultBuildOperationQueue$WorkerRunnable.runOperation(DefaultBuildOperationQueue.java:292)
	at org.gradle.internal.operations.DefaultBuildOperationQueue$WorkerRunnable.doRunBatch(DefaultBuildOperationQueue.java:273)
	at org.gradle.internal.operations.DefaultBuildOperationQueue$WorkerRunnable.lambda$runBatch$0(DefaultBuildOperationQueue.java:258)
	at org.gradle.internal.resources.AbstractResourceLockRegistry.whileDisallowingLockChanges(AbstractResourceLockRegistry.java:50)
	at org.gradle.internal.work.DefaultWorkerLeaseService.whileDisallowingProjectLockChanges(DefaultWorkerLeaseService.java:233)
	at org.gradle.internal.operations.DefaultBuildOperationQueue$WorkerRunnable.lambda$runBatch$1(DefaultBuildOperationQueue.java:258)
	at org.gradle.internal.work.DefaultWorkerLeaseService.runAsWorkerThread(DefaultWorkerLeaseService.java:125)
	at org.gradle.internal.operations.DefaultBuildOperationQueue$WorkerRunnable.runBatch(DefaultBuildOperationQueue.java:244)
	at org.gradle.internal.operations.DefaultBuildOperationQueue$WorkerRunnable.runOperations(DefaultBuildOperationQueue.java:212)
	at org.gradle.internal.operations.CurrentBuildOperationRef.with(CurrentBuildOperationRef.java:84)
	at org.gradle.internal.operations.DefaultBuildOperationQueue$WorkerRunnable.run(DefaultBuildOperationQueue.java:205)
	at org.gradle.internal.operations.DefaultBuildOperationQueue.waitForCompletion(DefaultBuildOperationQueue.java:114)
	at org.gradle.internal.operations.DefaultBuildOperationExecutor.executeInParallel(DefaultBuildOperationExecutor.java:115)
	at org.gradle.internal.operations.DefaultBuildOperationExecutor.runAll(DefaultBuildOperationExecutor.java:64)
	at org.gradle.api.internal.artifacts.ivyservice.resolveengine.artifact.ParallelResolveArtifactSet$VisitingSet.visit(ParallelResolveArtifactSet.java:66)
	... 107 more
Caused by: org.gradle.api.resources.ResourceException: Could not get resource 'https://maven.myket.ir/androidx/recyclerview/recyclerview/1.3.0/recyclerview-1.3.0.aar'.
	at org.gradle.internal.resource.ResourceExceptions.failure(ResourceExceptions.java:74)
	at org.gradle.internal.resource.ResourceExceptions.getFailed(ResourceExceptions.java:57)
	at org.gradle.api.internal.artifacts.repositories.resolver.DefaultExternalResourceArtifactResolver.downloadByCoords(DefaultExternalResourceArtifactResolver.java:154)
	at org.gradle.api.internal.artifacts.repositories.resolver.DefaultExternalResourceArtifactResolver.downloadStaticResource(DefaultExternalResourceArtifactResolver.java:94)
	at org.gradle.api.internal.artifacts.repositories.resolver.DefaultExternalResourceArtifactResolver.resolveArtifact(DefaultExternalResourceArtifactResolver.java:62)
	at org.gradle.api.internal.artifacts.repositories.resolver.ExternalResourceResolver$RemoteRepositoryAccess.resolveArtifact(ExternalResourceResolver.java:492)
	... 142 more
Caused by: org.gradle.internal.resource.transport.http.HttpRequestException: Could not GET 'https://maven.myket.ir/androidx/recyclerview/recyclerview/1.3.0/recyclerview-1.3.0.aar'.
	at org.gradle.internal.resource.transport.http.HttpClientHelper.createHttpRequestException(HttpClientHelper.java:123)
	at org.gradle.internal.resource.transport.http.HttpClientHelper.performRequest(HttpClientHelper.java:117)
	at org.gradle.internal.resource.transport.http.HttpClientHelper.performRawGet(HttpClientHelper.java:99)
	at org.gradle.internal.resource.transport.http.HttpClientHelper.performGet(HttpClientHelper.java:104)
	at org.gradle.internal.resource.transport.http.HttpResourceAccessor.openResource(HttpResourceAccessor.java:45)
	at org.gradle.internal.resource.transport.http.HttpResourceAccessor.openResource(HttpResourceAccessor.java:30)
	at org.gradle.internal.resource.transfer.AbstractExternalResourceAccessor.withContent(AbstractExternalResourceAccessor.java:32)
	at org.gradle.internal.resource.transfer.DefaultExternalResourceConnector.withContent(DefaultExternalResourceConnector.java:59)
	at org.gradle.internal.resource.transfer.ProgressLoggingExternalResourceAccessor$DownloadOperation.call(ProgressLoggingExternalResourceAccessor.java:136)
	at org.gradle.internal.operations.DefaultBuildOperationRunner$CallableBuildOperationWorker.execute(DefaultBuildOperationRunner.java:209)
	at org.gradle.internal.operations.DefaultBuildOperationRunner$CallableBuildOperationWorker.execute(DefaultBuildOperationRunner.java:204)
	at org.gradle.internal.operations.DefaultBuildOperationRunner$2.execute(DefaultBuildOperationRunner.java:66)
	at org.gradle.internal.operations.DefaultBuildOperationRunner$2.execute(DefaultBuildOperationRunner.java:59)
	at org.gradle.internal.operations.DefaultBuildOperationRunner.execute(DefaultBuildOperationRunner.java:166)
	at org.gradle.internal.operations.DefaultBuildOperationRunner.execute(DefaultBuildOperationRunner.java:59)
	at org.gradle.internal.operations.DefaultBuildOperationRunner.call(DefaultBuildOperationRunner.java:53)
	at org.gradle.internal.resource.transfer.ProgressLoggingExternalResourceAccessor.withContent(ProgressLoggingExternalResourceAccessor.java:49)
	at org.gradle.internal.resource.transfer.AccessorBackedExternalResource.withContentIfPresent(AccessorBackedExternalResource.java:103)
	at org.gradle.internal.resource.transfer.DefaultCacheAwareExternalResourceAccessor.copyToCache(DefaultCacheAwareExternalResourceAccessor.java:188)
	at org.gradle.internal.resource.transfer.DefaultCacheAwareExternalResourceAccessor.lambda$getResource$1(DefaultCacheAwareExternalResourceAccessor.java:86)
	at org.gradle.cache.internal.ProducerGuard$AdaptiveProducerGuard.guardByKey(ProducerGuard.java:97)
	at org.gradle.internal.resource.transfer.DefaultCacheAwareExternalResourceAccessor.getResource(DefaultCacheAwareExternalResourceAccessor.java:80)
	at org.gradle.api.internal.artifacts.repositories.resolver.DefaultExternalResourceArtifactResolver.downloadByCoords(DefaultExternalResourceArtifactResolver.java:149)
	... 145 more
Caused by: java.net.UnknownHostException: maven.myket.ir
	at java.base/java.net.InetAddress$CachedAddresses.get(InetAddress.java:801)
	at java.base/java.net.InetAddress.getAllByName0(InetAddress.java:1533)
	at java.base/java.net.InetAddress.getAllByName(InetAddress.java:1385)
	at java.base/java.net.InetAddress.getAllByName(InetAddress.java:1306)
	at org.apache.http.impl.conn.SystemDefaultDnsResolver.resolve(SystemDefaultDnsResolver.java:45)
	at org.apache.http.impl.conn.DefaultHttpClientConnectionOperator.connect(DefaultHttpClientConnectionOperator.java:112)
	at org.apache.http.impl.conn.PoolingHttpClientConnectionManager.connect(PoolingHttpClientConnectionManager.java:376)
	at org.apache.http.impl.execchain.MainClientExec.establishRoute(MainClientExec.java:393)
	at org.apache.http.impl.execchain.MainClientExec.execute(MainClientExec.java:236)
	at org.apache.http.impl.execchain.ProtocolExec.execute(ProtocolExec.java:186)
	at org.apache.http.impl.execchain.RetryExec.execute(RetryExec.java:89)
	at org.apache.http.impl.execchain.RedirectExec.execute(RedirectExec.java:110)
	at org.apache.http.impl.client.InternalHttpClient.doExecute(InternalHttpClient.java:185)
	at org.apache.http.impl.client.CloseableHttpClient.execute(CloseableHttpClient.java:83)
	at org.gradle.internal.resource.transport.http.HttpClientHelper.performHttpRequest(HttpClientHelper.java:200)
	at org.gradle.internal.resource.transport.http.HttpClientHelper.performHttpRequest(HttpClientHelper.java:176)
	at org.gradle.internal.resource.transport.http.HttpClientHelper.executeGetOrHead(HttpClientHelper.java:165)
	at org.gradle.internal.resource.transport.http.HttpClientHelper.performRequest(HttpClientHelper.java:113)
	... 166 more
Cause 17: org.gradle.api.internal.artifacts.transform.TransformException: Failed to transform customview-poolingcontainer-1.0.0.aar (androidx.customview:customview-poolingcontainer:1.0.0) to match attributes {artifactType=android-jni, org.gradle.category=library, org.gradle.dependency.bundling=external, org.gradle.libraryelements=aar, org.gradle.status=release, org.gradle.usage=java-runtime}.
	at org.gradle.api.internal.artifacts.transform.TransformingAsyncArtifactListener$TransformedArtifact.lambda$visit$4(TransformingAsyncArtifactListener.java:256)
	at org.gradle.internal.Try$Failure.ifSuccessfulOrElse(Try.java:288)
	at org.gradle.api.internal.artifacts.transform.TransformingAsyncArtifactListener$TransformedArtifact.visit(TransformingAsyncArtifactListener.java:248)
	at org.gradle.api.internal.artifacts.ivyservice.resolveengine.artifact.ParallelResolveArtifactSet$VisitingSet$StartVisitAction.visitResults(ParallelResolveArtifactSet.java:100)
	at org.gradle.api.internal.artifacts.ivyservice.resolveengine.artifact.ParallelResolveArtifactSet$VisitingSet.visit(ParallelResolveArtifactSet.java:69)
	at org.gradle.api.internal.artifacts.ivyservice.resolveengine.artifact.ResolvedArtifactSetResolver$1.run(ResolvedArtifactSetResolver.java:68)
	at org.gradle.internal.operations.DefaultBuildOperationRunner$1.execute(DefaultBuildOperationRunner.java:29)
	at org.gradle.internal.operations.DefaultBuildOperationRunner$1.execute(DefaultBuildOperationRunner.java:26)
	at org.gradle.internal.operations.DefaultBuildOperationRunner$2.execute(DefaultBuildOperationRunner.java:66)
	at org.gradle.internal.operations.DefaultBuildOperationRunner$2.execute(DefaultBuildOperationRunner.java:59)
	at org.gradle.internal.operations.DefaultBuildOperationRunner.execute(DefaultBuildOperationRunner.java:166)
	at org.gradle.internal.operations.DefaultBuildOperationRunner.execute(DefaultBuildOperationRunner.java:59)
	at org.gradle.internal.operations.DefaultBuildOperationRunner.run(DefaultBuildOperationRunner.java:47)
	at org.gradle.api.internal.artifacts.ivyservice.resolveengine.artifact.ResolvedArtifactSetResolver.visitArtifacts(ResolvedArtifactSetResolver.java:65)
	at org.gradle.api.internal.artifacts.ivyservice.resolveengine.artifact.ResolvedArtifactSetResolver.lambda$visitInUnmanagedWorkerThread$0(ResolvedArtifactSetResolver.java:61)
	at org.gradle.internal.work.DefaultWorkerLeaseService.runAsUnmanagedWorkerThread(DefaultWorkerLeaseService.java:139)
	at org.gradle.api.internal.artifacts.ivyservice.resolveengine.artifact.ResolvedArtifactSetResolver.visitInUnmanagedWorkerThread(ResolvedArtifactSetResolver.java:61)
	at org.gradle.api.internal.artifacts.ivyservice.resolveengine.artifact.DefaultSelectedArtifactSet.visitArtifacts(DefaultSelectedArtifactSet.java:59)
	at org.gradle.api.internal.artifacts.configurations.ResolutionResultProviderBackedSelectedArtifactSet.visitArtifacts(ResolutionResultProviderBackedSelectedArtifactSet.java:52)
	at org.gradle.api.internal.artifacts.ivyservice.resolveengine.artifact.SelectedArtifactSet.visitFiles(SelectedArtifactSet.java:34)
	at org.gradle.api.internal.artifacts.configurations.ResolutionBackedFileCollection.visitContents(ResolutionBackedFileCollection.java:75)
	... 91 more
Caused by: org.gradle.internal.resolve.ArtifactResolveException: Could not download customview-poolingcontainer-1.0.0.aar (androidx.customview:customview-poolingcontainer:1.0.0)
	at org.gradle.api.internal.artifacts.repositories.resolver.ExternalResourceResolver$RemoteRepositoryAccess.resolveArtifact(ExternalResourceResolver.java:499)
	at org.gradle.api.internal.artifacts.ivyservice.ivyresolve.CachingModuleComponentRepository$ResolveAndCacheRepositoryAccess.resolveArtifact(CachingModuleComponentRepository.java:470)
	at org.gradle.api.internal.artifacts.ivyservice.ivyresolve.ErrorHandlingModuleComponentRepository$ErrorHandlingModuleComponentRepositoryAccess.lambda$resolveArtifact$12(ErrorHandlingModuleComponentRepository.java:180)
	at org.gradle.api.internal.artifacts.ivyservice.ivyresolve.ErrorHandlingModuleComponentRepository$ErrorHandlingModuleComponentRepositoryAccess.tryResolveAndMaybeDisable(ErrorHandlingModuleComponentRepository.java:251)
	at org.gradle.api.internal.artifacts.ivyservice.ivyresolve.ErrorHandlingModuleComponentRepository$ErrorHandlingModuleComponentRepositoryAccess.performOperationWithRetries(ErrorHandlingModuleComponentRepository.java:204)
	at org.gradle.api.internal.artifacts.ivyservice.ivyresolve.ErrorHandlingModuleComponentRepository$ErrorHandlingModuleComponentRepositoryAccess.resolveArtifact(ErrorHandlingModuleComponentRepository.java:178)
	at org.gradle.api.internal.artifacts.ivyservice.ivyresolve.RepositoryChainArtifactResolver.resolveArtifactLater(RepositoryChainArtifactResolver.java:75)
	at org.gradle.api.internal.artifacts.ivyservice.ivyresolve.RepositoryChainArtifactResolver.lambda$resolveArtifact$0(RepositoryChainArtifactResolver.java:63)
	at org.gradle.internal.model.CalculatedValueContainerFactory$SupplierBackedCalculator.calculateValue(CalculatedValueContainerFactory.java:69)
	at org.gradle.internal.model.CalculatedValueContainer$CalculationState.lambda$attachValue$0(CalculatedValueContainer.java:227)
	at org.gradle.internal.Try.ofFailable(Try.java:46)
	at org.gradle.internal.model.CalculatedValueContainer$CalculationState.attachValue(CalculatedValueContainer.java:222)
	at org.gradle.internal.model.CalculatedValueContainer.finalizeIfNotAlready(CalculatedValueContainer.java:195)
	at org.gradle.internal.model.CalculatedValueContainer.finalizeIfNotAlready(CalculatedValueContainer.java:186)
	at org.gradle.api.internal.artifacts.transform.TransformingAsyncArtifactListener$TransformedArtifact.finalizeValue(TransformingAsyncArtifactListener.java:206)
	at org.gradle.api.internal.artifacts.transform.TransformingAsyncArtifactListener$TransformedArtifact.run(TransformingAsyncArtifactListener.java:160)
	at org.gradle.internal.operations.DefaultBuildOperationRunner$2.execute(DefaultBuildOperationRunner.java:66)
	at org.gradle.internal.operations.DefaultBuildOperationRunner$2.execute(DefaultBuildOperationRunner.java:59)
	at org.gradle.internal.operations.DefaultBuildOperationRunner.execute(DefaultBuildOperationRunner.java:166)
	at org.gradle.internal.operations.DefaultBuildOperationRunner.execute(DefaultBuildOperationRunner.java:59)
	at org.gradle.internal.operations.DefaultBuildOperationExecutor.lambda$executeInParallel$0(DefaultBuildOperationExecutor.java:102)
	at org.gradle.internal.operations.DefaultBuildOperationQueue$WorkerRunnable.runOperation(DefaultBuildOperationQueue.java:292)
	at org.gradle.internal.operations.DefaultBuildOperationQueue$WorkerRunnable.doRunBatch(DefaultBuildOperationQueue.java:273)
	at org.gradle.internal.operations.DefaultBuildOperationQueue$WorkerRunnable.lambda$runBatch$0(DefaultBuildOperationQueue.java:258)
	at org.gradle.internal.resources.AbstractResourceLockRegistry.whileDisallowingLockChanges(AbstractResourceLockRegistry.java:50)
	at org.gradle.internal.work.DefaultWorkerLeaseService.whileDisallowingProjectLockChanges(DefaultWorkerLeaseService.java:233)
	at org.gradle.internal.operations.DefaultBuildOperationQueue$WorkerRunnable.lambda$runBatch$1(DefaultBuildOperationQueue.java:258)
	at org.gradle.internal.work.DefaultWorkerLeaseService.runAsWorkerThread(DefaultWorkerLeaseService.java:125)
	at org.gradle.internal.operations.DefaultBuildOperationQueue$WorkerRunnable.runBatch(DefaultBuildOperationQueue.java:244)
	at org.gradle.internal.operations.DefaultBuildOperationQueue$WorkerRunnable.runOperations(DefaultBuildOperationQueue.java:212)
	at org.gradle.internal.operations.CurrentBuildOperationRef.with(CurrentBuildOperationRef.java:84)
	at org.gradle.internal.operations.DefaultBuildOperationQueue$WorkerRunnable.run(DefaultBuildOperationQueue.java:205)
	at org.gradle.internal.operations.DefaultBuildOperationQueue.waitForCompletion(DefaultBuildOperationQueue.java:114)
	at org.gradle.internal.operations.DefaultBuildOperationExecutor.executeInParallel(DefaultBuildOperationExecutor.java:115)
	at org.gradle.internal.operations.DefaultBuildOperationExecutor.runAll(DefaultBuildOperationExecutor.java:64)
	at org.gradle.api.internal.artifacts.ivyservice.resolveengine.artifact.ParallelResolveArtifactSet$VisitingSet.visit(ParallelResolveArtifactSet.java:66)
	... 107 more
Caused by: org.gradle.api.resources.ResourceException: Could not get resource 'https://maven.myket.ir/androidx/customview/customview-poolingcontainer/1.0.0/customview-poolingcontainer-1.0.0.aar'.
	at org.gradle.internal.resource.ResourceExceptions.failure(ResourceExceptions.java:74)
	at org.gradle.internal.resource.ResourceExceptions.getFailed(ResourceExceptions.java:57)
	at org.gradle.api.internal.artifacts.repositories.resolver.DefaultExternalResourceArtifactResolver.downloadByUrl(DefaultExternalResourceArtifactResolver.java:114)
	at org.gradle.api.internal.artifacts.repositories.resolver.DefaultExternalResourceArtifactResolver.downloadStaticResource(DefaultExternalResourceArtifactResolver.java:92)
	at org.gradle.api.internal.artifacts.repositories.resolver.DefaultExternalResourceArtifactResolver.resolveArtifact(DefaultExternalResourceArtifactResolver.java:62)
	at org.gradle.api.internal.artifacts.repositories.resolver.ExternalResourceResolver$RemoteRepositoryAccess.resolveArtifact(ExternalResourceResolver.java:492)
	... 142 more
Caused by: org.gradle.internal.resource.transport.http.HttpRequestException: Could not GET 'https://maven.myket.ir/androidx/customview/customview-poolingcontainer/1.0.0/customview-poolingcontainer-1.0.0.aar'.
	at org.gradle.internal.resource.transport.http.HttpClientHelper.createHttpRequestException(HttpClientHelper.java:123)
	at org.gradle.internal.resource.transport.http.HttpClientHelper.performRequest(HttpClientHelper.java:117)
	at org.gradle.internal.resource.transport.http.HttpClientHelper.performRawGet(HttpClientHelper.java:99)
	at org.gradle.internal.resource.transport.http.HttpClientHelper.performGet(HttpClientHelper.java:104)
	at org.gradle.internal.resource.transport.http.HttpResourceAccessor.openResource(HttpResourceAccessor.java:45)
	at org.gradle.internal.resource.transport.http.HttpResourceAccessor.openResource(HttpResourceAccessor.java:30)
	at org.gradle.internal.resource.transfer.AbstractExternalResourceAccessor.withContent(AbstractExternalResourceAccessor.java:32)
	at org.gradle.internal.resource.transfer.DefaultExternalResourceConnector.withContent(DefaultExternalResourceConnector.java:59)
	at org.gradle.internal.resource.transfer.ProgressLoggingExternalResourceAccessor$DownloadOperation.call(ProgressLoggingExternalResourceAccessor.java:136)
	at org.gradle.internal.operations.DefaultBuildOperationRunner$CallableBuildOperationWorker.execute(DefaultBuildOperationRunner.java:209)
	at org.gradle.internal.operations.DefaultBuildOperationRunner$CallableBuildOperationWorker.execute(DefaultBuildOperationRunner.java:204)
	at org.gradle.internal.operations.DefaultBuildOperationRunner$2.execute(DefaultBuildOperationRunner.java:66)
	at org.gradle.internal.operations.DefaultBuildOperationRunner$2.execute(DefaultBuildOperationRunner.java:59)
	at org.gradle.internal.operations.DefaultBuildOperationRunner.execute(DefaultBuildOperationRunner.java:166)
	at org.gradle.internal.operations.DefaultBuildOperationRunner.execute(DefaultBuildOperationRunner.java:59)
	at org.gradle.internal.operations.DefaultBuildOperationRunner.call(DefaultBuildOperationRunner.java:53)
	at org.gradle.internal.resource.transfer.ProgressLoggingExternalResourceAccessor.withContent(ProgressLoggingExternalResourceAccessor.java:49)
	at org.gradle.internal.resource.transfer.AccessorBackedExternalResource.withContentIfPresent(AccessorBackedExternalResource.java:103)
	at org.gradle.internal.resource.transfer.DefaultCacheAwareExternalResourceAccessor.copyToCache(DefaultCacheAwareExternalResourceAccessor.java:188)
	at org.gradle.internal.resource.transfer.DefaultCacheAwareExternalResourceAccessor.lambda$getResource$1(DefaultCacheAwareExternalResourceAccessor.java:86)
	at org.gradle.cache.internal.ProducerGuard$AdaptiveProducerGuard.guardByKey(ProducerGuard.java:97)
	at org.gradle.internal.resource.transfer.DefaultCacheAwareExternalResourceAccessor.getResource(DefaultCacheAwareExternalResourceAccessor.java:80)
	at org.gradle.api.internal.artifacts.repositories.resolver.DefaultExternalResourceArtifactResolver.downloadByUrl(DefaultExternalResourceArtifactResolver.java:109)
	... 145 more
Caused by: java.net.UnknownHostException: maven.myket.ir
	at java.base/java.net.InetAddress$CachedAddresses.get(InetAddress.java:801)
	at java.base/java.net.InetAddress.getAllByName0(InetAddress.java:1533)
	at java.base/java.net.InetAddress.getAllByName(InetAddress.java:1385)
	at java.base/java.net.InetAddress.getAllByName(InetAddress.java:1306)
	at org.apache.http.impl.conn.SystemDefaultDnsResolver.resolve(SystemDefaultDnsResolver.java:45)
	at org.apache.http.impl.conn.DefaultHttpClientConnectionOperator.connect(DefaultHttpClientConnectionOperator.java:112)
	at org.apache.http.impl.conn.PoolingHttpClientConnectionManager.connect(PoolingHttpClientConnectionManager.java:376)
	at org.apache.http.impl.execchain.MainClientExec.establishRoute(MainClientExec.java:393)
	at org.apache.http.impl.execchain.MainClientExec.execute(MainClientExec.java:236)
	at org.apache.http.impl.execchain.ProtocolExec.execute(ProtocolExec.java:186)
	at org.apache.http.impl.execchain.RetryExec.execute(RetryExec.java:89)
	at org.apache.http.impl.execchain.RedirectExec.execute(RedirectExec.java:110)
	at org.apache.http.impl.client.InternalHttpClient.doExecute(InternalHttpClient.java:185)
	at org.apache.http.impl.client.CloseableHttpClient.execute(CloseableHttpClient.java:83)
	at org.gradle.internal.resource.transport.http.HttpClientHelper.performHttpRequest(HttpClientHelper.java:200)
	at org.gradle.internal.resource.transport.http.HttpClientHelper.performHttpRequest(HttpClientHelper.java:176)
	at org.gradle.internal.resource.transport.http.HttpClientHelper.executeGetOrHead(HttpClientHelper.java:165)
	at org.gradle.internal.resource.transport.http.HttpClientHelper.performRequest(HttpClientHelper.java:113)
	... 166 more

==============================================================================

BUILD FAILED in 3h 35m 17s

