Picked up JAVA_TOOL_OPTIONS: -Dfile.encoding=UTF-8

FAILURE: Build failed with an exception.

* What went wrong:
A problem occurred configuring project ':react-native-screens'.
> Could not resolve all artifacts for configuration 'classpath'.
   > Could not download gradle-8.2.1.jar (com.android.tools.build:gradle:8.2.1)
      > Could not get resource 'https://maven.myket.ir/com/android/tools/build/gradle/8.2.1/gradle-8.2.1.jar'.
         > Could not GET 'https://maven.myket.ir/com/android/tools/build/gradle/8.2.1/gradle-8.2.1.jar'.
            > maven.myket.ir
   > Could not download builder-8.2.1.jar (com.android.tools.build:builder:8.2.1)
      > Could not get resource 'https://maven.myket.ir/com/android/tools/build/builder/8.2.1/builder-8.2.1.jar'.
         > Could not GET 'https://maven.myket.ir/com/android/tools/build/builder/8.2.1/builder-8.2.1.jar'.
            > maven.myket.ir
   > Could not download bundletool-1.15.2.jar (com.android.tools.build:bundletool:1.15.2)
      > Could not get resource 'https://maven.myket.ir/com/android/tools/build/bundletool/1.15.2/bundletool-1.15.2.jar'.
         > Could not GET 'https://maven.myket.ir/com/android/tools/build/bundletool/1.15.2/bundletool-1.15.2.jar'.
            > maven.myket.ir
   > Could not download protos-31.2.1.jar (com.android.tools.analytics-library:protos:31.2.1)
      > Could not get resource 'https://maven.myket.ir/com/android/tools/analytics-library/protos/31.2.1/protos-31.2.1.jar'.
         > Could not GET 'https://maven.myket.ir/com/android/tools/analytics-library/protos/31.2.1/protos-31.2.1.jar'.
            > No such host is known (maven.myket.ir)
   > Could not download protobuf-java-3.19.3.jar (com.google.protobuf:protobuf-java:3.19.3)
      > Could not get resource 'https://maven.myket.ir/com/google/protobuf/protobuf-java/3.19.3/protobuf-java-3.19.3.jar'.
         > Could not GET 'https://maven.myket.ir/com/google/protobuf/protobuf-java/3.19.3/protobuf-java-3.19.3.jar'.
            > maven.myket.ir
   > Could not download grpc-netty-1.45.1.jar (io.grpc:grpc-netty:1.45.1)
      > Could not get resource 'https://maven.myket.ir/io/grpc/grpc-netty/1.45.1/grpc-netty-1.45.1.jar'.
         > Could not GET 'https://maven.myket.ir/io/grpc/grpc-netty/1.45.1/grpc-netty-1.45.1.jar'.
            > maven.myket.ir
   > Could not download grpc-core-1.45.1.jar (io.grpc:grpc-core:1.45.1)
      > Could not get resource 'https://maven.myket.ir/io/grpc/grpc-core/1.45.1/grpc-core-1.45.1.jar'.
         > Could not GET 'https://maven.myket.ir/io/grpc/grpc-core/1.45.1/grpc-core-1.45.1.jar'.
            > maven.myket.ir
   > Could not download grpc-stub-1.45.1.jar (io.grpc:grpc-stub:1.45.1)
      > Could not get resource 'https://maven.myket.ir/io/grpc/grpc-stub/1.45.1/grpc-stub-1.45.1.jar'.
         > Could not GET 'https://maven.myket.ir/io/grpc/grpc-stub/1.45.1/grpc-stub-1.45.1.jar'.
            > maven.myket.ir
   > Could not download core-proto-0.0.8-alpha08.jar (com.google.testing.platform:core-proto:0.0.8-alpha08)
      > Could not get resource 'https://maven.myket.ir/com/google/testing/platform/core-proto/0.0.8-alpha08/core-proto-0.0.8-alpha08.jar'.
         > Could not GET 'https://maven.myket.ir/com/google/testing/platform/core-proto/0.0.8-alpha08/core-proto-0.0.8-alpha08.jar'.
            > maven.myket.ir
   > Could not download org.eclipse.jgit-6.7.0.202309050840-r.jar (org.eclipse.jgit:org.eclipse.jgit:6.7.0.202309050840-r)
      > Could not get resource 'https://maven.myket.ir/org/eclipse/jgit/org.eclipse.jgit/6.7.0.202309050840-r/org.eclipse.jgit-6.7.0.202309050840-r.jar'.
         > Could not GET 'https://maven.myket.ir/org/eclipse/jgit/org.eclipse.jgit/6.7.0.202309050840-r/org.eclipse.jgit-6.7.0.202309050840-r.jar'.
            > maven.myket.ir
   > Could not download spotless-lib-2.45.0.jar (com.diffplug.spotless:spotless-lib:2.45.0)
      > Could not get resource 'https://maven.myket.ir/com/diffplug/spotless/spotless-lib/2.45.0/spotless-lib-2.45.0.jar'.
         > Could not GET 'https://maven.myket.ir/com/diffplug/spotless/spotless-lib/2.45.0/spotless-lib-2.45.0.jar'.
            > maven.myket.ir
   > Could not download grpc-protobuf-lite-1.45.1.jar (io.grpc:grpc-protobuf-lite:1.45.1)
      > Could not get resource 'https://maven.myket.ir/io/grpc/grpc-protobuf-lite/1.45.1/grpc-protobuf-lite-1.45.1.jar'.
         > Could not GET 'https://maven.myket.ir/io/grpc/grpc-protobuf-lite/1.45.1/grpc-protobuf-lite-1.45.1.jar'.
            > maven.myket.ir
   > Could not download grpc-api-1.45.1.jar (io.grpc:grpc-api:1.45.1)
      > Could not get resource 'https://maven.myket.ir/io/grpc/grpc-api/1.45.1/grpc-api-1.45.1.jar'.
         > Could not GET 'https://maven.myket.ir/io/grpc/grpc-api/1.45.1/grpc-api-1.45.1.jar'.
            > maven.myket.ir
   > Could not download guava-31.1-jre.jar (com.google.guava:guava:31.1-jre)
      > Could not get resource 'https://maven.myket.ir/com/google/guava/guava/31.1-jre/guava-31.1-jre.jar'.
         > Could not GET 'https://maven.myket.ir/com/google/guava/guava/31.1-jre/guava-31.1-jre.jar'.
            > maven.myket.ir
   > Could not download kotlin-reflect-1.9.0.jar (org.jetbrains.kotlin:kotlin-reflect:1.9.0)
      > Could not get resource 'https://maven.myket.ir/org/jetbrains/kotlin/kotlin-reflect/1.9.0/kotlin-reflect-1.9.0.jar'.
         > Could not GET 'https://maven.myket.ir/org/jetbrains/kotlin/kotlin-reflect/1.9.0/kotlin-reflect-1.9.0.jar'.
            > maven.myket.ir
   > Could not download kotlin-stdlib-1.9.10.jar (org.jetbrains.kotlin:kotlin-stdlib:1.9.10)
      > Could not get resource 'https://maven.myket.ir/org/jetbrains/kotlin/kotlin-stdlib/1.9.10/kotlin-stdlib-1.9.10.jar'.
         > Could not GET 'https://maven.myket.ir/org/jetbrains/kotlin/kotlin-stdlib/1.9.10/kotlin-stdlib-1.9.10.jar'.
            > maven.myket.ir
   > Could not download signflinger-8.2.1.jar (com.android:signflinger:8.2.1)
      > Could not get resource 'https://maven.myket.ir/com/android/signflinger/8.2.1/signflinger-8.2.1.jar'.
         > Could not GET 'https://maven.myket.ir/com/android/signflinger/8.2.1/signflinger-8.2.1.jar'.
            > maven.myket.ir
   > Could not download zipflinger-8.2.1.jar (com.android:zipflinger:8.2.1)
      > Could not get resource 'https://maven.myket.ir/com/android/zipflinger/8.2.1/zipflinger-8.2.1.jar'.
         > Could not GET 'https://maven.myket.ir/com/android/zipflinger/8.2.1/zipflinger-8.2.1.jar'.
            > maven.myket.ir
   > Could not download annotations-31.2.1.jar (com.android.tools:annotations:31.2.1)
      > Could not get resource 'https://maven.myket.ir/com/android/tools/annotations/31.2.1/annotations-31.2.1.jar'.
         > Could not GET 'https://maven.myket.ir/com/android/tools/annotations/31.2.1/annotations-31.2.1.jar'.
            > maven.myket.ir
   > Could not download netty-codec-http2-4.1.72.Final.jar (io.netty:netty-codec-http2:4.1.72.Final)
      > Could not get resource 'https://maven.myket.ir/io/netty/netty-codec-http2/4.1.72.Final/netty-codec-http2-4.1.72.Final.jar'.
         > Could not GET 'https://maven.myket.ir/io/netty/netty-codec-http2/4.1.72.Final/netty-codec-http2-4.1.72.Final.jar'.
            > maven.myket.ir
   > Could not download netty-handler-proxy-4.1.72.Final.jar (io.netty:netty-handler-proxy:4.1.72.Final)
      > Could not get resource 'https://maven.myket.ir/io/netty/netty-handler-proxy/4.1.72.Final/netty-handler-proxy-4.1.72.Final.jar'.
         > Could not GET 'https://maven.myket.ir/io/netty/netty-handler-proxy/4.1.72.Final/netty-handler-proxy-4.1.72.Final.jar'.
            > maven.myket.ir
   > Could not download commons-codec-1.16.0.jar (commons-codec:commons-codec:1.16.0)
      > Could not get resource 'https://maven.myket.ir/commons-codec/commons-codec/1.16.0/commons-codec-1.16.0.jar'.
         > Could not GET 'https://maven.myket.ir/commons-codec/commons-codec/1.16.0/commons-codec-1.16.0.jar'.
            > maven.myket.ir
   > Could not download apksig-8.2.1.jar (com.android.tools.build:apksig:8.2.1)
      > Could not get resource 'https://maven.myket.ir/com/android/tools/build/apksig/8.2.1/apksig-8.2.1.jar'.
         > Could not GET 'https://maven.myket.ir/com/android/tools/build/apksig/8.2.1/apksig-8.2.1.jar'.
            > maven.myket.ir
   > Could not download kotlin-stdlib-common-1.9.10.jar (org.jetbrains.kotlin:kotlin-stdlib-common:1.9.10)
      > Could not get resource 'https://maven.myket.ir/org/jetbrains/kotlin/kotlin-stdlib-common/1.9.10/kotlin-stdlib-common-1.9.10.jar'.
         > Could not GET 'https://maven.myket.ir/org/jetbrains/kotlin/kotlin-stdlib-common/1.9.10/kotlin-stdlib-common-1.9.10.jar'.
            > maven.myket.ir
   > Could not download grpc-context-1.45.1.jar (io.grpc:grpc-context:1.45.1)
      > Could not get resource 'https://maven.myket.ir/io/grpc/grpc-context/1.45.1/grpc-context-1.45.1.jar'.
         > Could not GET 'https://maven.myket.ir/io/grpc/grpc-context/1.45.1/grpc-context-1.45.1.jar'.
            > maven.myket.ir
   > Could not download netty-codec-http-4.1.72.Final.jar (io.netty:netty-codec-http:4.1.72.Final)
      > Could not get resource 'https://maven.myket.ir/io/netty/netty-codec-http/4.1.72.Final/netty-codec-http-4.1.72.Final.jar'.
         > Could not GET 'https://maven.myket.ir/io/netty/netty-codec-http/4.1.72.Final/netty-codec-http-4.1.72.Final.jar'.
            > maven.myket.ir
   > Could not download netty-handler-4.1.72.Final.jar (io.netty:netty-handler:4.1.72.Final)
      > Could not get resource 'https://maven.myket.ir/io/netty/netty-handler/4.1.72.Final/netty-handler-4.1.72.Final.jar'.
         > Could not GET 'https://maven.myket.ir/io/netty/netty-handler/4.1.72.Final/netty-handler-4.1.72.Final.jar'.
            > maven.myket.ir
   > Could not download netty-codec-socks-4.1.72.Final.jar (io.netty:netty-codec-socks:4.1.72.Final)
      > Could not get resource 'https://maven.myket.ir/io/netty/netty-codec-socks/4.1.72.Final/netty-codec-socks-4.1.72.Final.jar'.
         > Could not GET 'https://maven.myket.ir/io/netty/netty-codec-socks/4.1.72.Final/netty-codec-socks-4.1.72.Final.jar'.
            > maven.myket.ir
   > Could not download netty-codec-4.1.72.Final.jar (io.netty:netty-codec:4.1.72.Final)
      > Could not get resource 'https://maven.myket.ir/io/netty/netty-codec/4.1.72.Final/netty-codec-4.1.72.Final.jar'.
         > Could not GET 'https://maven.myket.ir/io/netty/netty-codec/4.1.72.Final/netty-codec-4.1.72.Final.jar'.
            > maven.myket.ir
   > Could not download netty-transport-4.1.72.Final.jar (io.netty:netty-transport:4.1.72.Final)
      > Could not get resource 'https://maven.myket.ir/io/netty/netty-transport/4.1.72.Final/netty-transport-4.1.72.Final.jar'.
         > Could not GET 'https://maven.myket.ir/io/netty/netty-transport/4.1.72.Final/netty-transport-4.1.72.Final.jar'.
            > maven.myket.ir
   > Could not download netty-buffer-4.1.72.Final.jar (io.netty:netty-buffer:4.1.72.Final)
      > Could not get resource 'https://maven.myket.ir/io/netty/netty-buffer/4.1.72.Final/netty-buffer-4.1.72.Final.jar'.
         > Could not GET 'https://maven.myket.ir/io/netty/netty-buffer/4.1.72.Final/netty-buffer-4.1.72.Final.jar'.
            > maven.myket.ir
   > Could not download netty-resolver-4.1.72.Final.jar (io.netty:netty-resolver:4.1.72.Final)
      > Could not get resource 'https://maven.myket.ir/io/netty/netty-resolver/4.1.72.Final/netty-resolver-4.1.72.Final.jar'.
         > Could not GET 'https://maven.myket.ir/io/netty/netty-resolver/4.1.72.Final/netty-resolver-4.1.72.Final.jar'.
            > maven.myket.ir
   > Could not download netty-common-4.1.72.Final.jar (io.netty:netty-common:4.1.72.Final)
      > Could not get resource 'https://maven.myket.ir/io/netty/netty-common/4.1.72.Final/netty-common-4.1.72.Final.jar'.
         > Could not GET 'https://maven.myket.ir/io/netty/netty-common/4.1.72.Final/netty-common-4.1.72.Final.jar'.
            > maven.myket.ir
   > Could not download durian-swt.os-4.2.2.jar (com.diffplug.durian:durian-swt.os:4.2.2)
      > Could not get resource 'https://maven.myket.ir/com/diffplug/durian/durian-swt.os/4.2.2/durian-swt.os-4.2.2.jar'.
         > Could not GET 'https://maven.myket.ir/com/diffplug/durian/durian-swt.os/4.2.2/durian-swt.os-4.2.2.jar'.
            > maven.myket.ir
   > Could not download org.eclipse.osgi-3.18.300.jar (org.eclipse.platform:org.eclipse.osgi:3.18.300)
      > Could not get resource 'https://maven.myket.ir/org/eclipse/platform/org.eclipse.osgi/3.18.300/org.eclipse.osgi-3.18.300.jar'.
         > Could not GET 'https://maven.myket.ir/org/eclipse/platform/org.eclipse.osgi/3.18.300/org.eclipse.osgi-3.18.300.jar'.
            > maven.myket.ir
   > Could not download netty-tcnative-classes-2.0.46.Final.jar (io.netty:netty-tcnative-classes:2.0.46.Final)
      > Could not get resource 'https://maven.myket.ir/io/netty/netty-tcnative-classes/2.0.46.Final/netty-tcnative-classes-2.0.46.Final.jar'.
         > Could not GET 'https://maven.myket.ir/io/netty/netty-tcnative-classes/2.0.46.Final/netty-tcnative-classes-2.0.46.Final.jar'.
            > maven.myket.ir

* Try:
> Run with --info or --debug option to get more log output.
> Run with --scan to get full insights from a Build Scan (powered by Develocity).
> Get more help at https://help.gradle.org.

* Exception is:
org.gradle.api.ProjectConfigurationException: A problem occurred configuring project ':react-native-screens'.
	at org.gradle.configuration.project.LifecycleProjectEvaluator.wrapException(LifecycleProjectEvaluator.java:84)
	at org.gradle.configuration.project.LifecycleProjectEvaluator.addConfigurationFailure(LifecycleProjectEvaluator.java:77)
	at org.gradle.configuration.project.LifecycleProjectEvaluator.access$500(LifecycleProjectEvaluator.java:55)
	at org.gradle.configuration.project.LifecycleProjectEvaluator$EvaluateProject.lambda$run$0(LifecycleProjectEvaluator.java:111)
	at org.gradle.api.internal.project.DefaultProjectStateRegistry$ProjectStateImpl.lambda$applyToMutableState$0(DefaultProjectStateRegistry.java:443)
	at org.gradle.api.internal.project.DefaultProjectStateRegistry$ProjectStateImpl.lambda$fromMutableState$1(DefaultProjectStateRegistry.java:450)
	at org.gradle.internal.work.DefaultWorkerLeaseService.lambda$withLocksAcquired$0(DefaultWorkerLeaseService.java:269)
	at org.gradle.internal.work.ResourceLockStatistics$1.measure(ResourceLockStatistics.java:42)
	at org.gradle.internal.work.DefaultWorkerLeaseService.withLocksAcquired(DefaultWorkerLeaseService.java:267)
	at org.gradle.internal.work.DefaultWorkerLeaseService.lambda$withReplacedLocks$3(DefaultWorkerLeaseService.java:365)
	at org.gradle.internal.work.DefaultWorkerLeaseService.withoutLocks(DefaultWorkerLeaseService.java:337)
	at org.gradle.internal.work.DefaultWorkerLeaseService.withReplacedLocks(DefaultWorkerLeaseService.java:364)
	at org.gradle.api.internal.project.DefaultProjectStateRegistry$ProjectStateImpl.runWithModelLock(DefaultProjectStateRegistry.java:471)
	at org.gradle.api.internal.project.DefaultProjectStateRegistry$ProjectStateImpl.fromMutableState(DefaultProjectStateRegistry.java:450)
	at org.gradle.api.internal.project.DefaultProjectStateRegistry$ProjectStateImpl.applyToMutableState(DefaultProjectStateRegistry.java:442)
	at org.gradle.configuration.project.LifecycleProjectEvaluator$EvaluateProject.run(LifecycleProjectEvaluator.java:100)
	at org.gradle.internal.operations.DefaultBuildOperationRunner$1.execute(DefaultBuildOperationRunner.java:29)
	at org.gradle.internal.operations.DefaultBuildOperationRunner$1.execute(DefaultBuildOperationRunner.java:26)
	at org.gradle.internal.operations.DefaultBuildOperationRunner$2.execute(DefaultBuildOperationRunner.java:66)
	at org.gradle.internal.operations.DefaultBuildOperationRunner$2.execute(DefaultBuildOperationRunner.java:59)
	at org.gradle.internal.operations.DefaultBuildOperationRunner.execute(DefaultBuildOperationRunner.java:166)
	at org.gradle.internal.operations.DefaultBuildOperationRunner.execute(DefaultBuildOperationRunner.java:59)
	at org.gradle.internal.operations.DefaultBuildOperationRunner.run(DefaultBuildOperationRunner.java:47)
	at org.gradle.configuration.project.LifecycleProjectEvaluator.evaluate(LifecycleProjectEvaluator.java:72)
	at org.gradle.api.internal.project.DefaultProject.evaluateUnchecked(DefaultProject.java:796)
	at org.gradle.api.internal.project.ProjectLifecycleController.lambda$ensureSelfConfigured$2(ProjectLifecycleController.java:93)
	at org.gradle.internal.model.StateTransitionController.lambda$doTransition$14(StateTransitionController.java:265)
	at org.gradle.internal.model.StateTransitionController.doTransition(StateTransitionController.java:276)
	at org.gradle.internal.model.StateTransitionController.doTransition(StateTransitionController.java:264)
	at org.gradle.internal.model.StateTransitionController.lambda$maybeTransitionIfNotCurrentlyTransitioning$10(StateTransitionController.java:209)
	at org.gradle.internal.work.DefaultSynchronizer.withLock(DefaultSynchronizer.java:35)
	at org.gradle.internal.model.StateTransitionController.maybeTransitionIfNotCurrentlyTransitioning(StateTransitionController.java:205)
	at org.gradle.api.internal.project.ProjectLifecycleController.ensureSelfConfigured(ProjectLifecycleController.java:93)
	at org.gradle.api.internal.project.DefaultProjectStateRegistry$ProjectStateImpl.ensureConfigured(DefaultProjectStateRegistry.java:408)
	at org.gradle.execution.TaskPathProjectEvaluator.configure(TaskPathProjectEvaluator.java:71)
	at org.gradle.execution.TaskPathProjectEvaluator.configureHierarchy(TaskPathProjectEvaluator.java:87)
	at org.gradle.configuration.DefaultProjectsPreparer.prepareProjects(DefaultProjectsPreparer.java:50)
	at org.gradle.configuration.BuildTreePreparingProjectsPreparer.prepareProjects(BuildTreePreparingProjectsPreparer.java:65)
	at org.gradle.configuration.BuildOperationFiringProjectsPreparer$ConfigureBuild.run(BuildOperationFiringProjectsPreparer.java:52)
	at org.gradle.internal.operations.DefaultBuildOperationRunner$1.execute(DefaultBuildOperationRunner.java:29)
	at org.gradle.internal.operations.DefaultBuildOperationRunner$1.execute(DefaultBuildOperationRunner.java:26)
	at org.gradle.internal.operations.DefaultBuildOperationRunner$2.execute(DefaultBuildOperationRunner.java:66)
	at org.gradle.internal.operations.DefaultBuildOperationRunner$2.execute(DefaultBuildOperationRunner.java:59)
	at org.gradle.internal.operations.DefaultBuildOperationRunner.execute(DefaultBuildOperationRunner.java:166)
	at org.gradle.internal.operations.DefaultBuildOperationRunner.execute(DefaultBuildOperationRunner.java:59)
	at org.gradle.internal.operations.DefaultBuildOperationRunner.run(DefaultBuildOperationRunner.java:47)
	at org.gradle.configuration.BuildOperationFiringProjectsPreparer.prepareProjects(BuildOperationFiringProjectsPreparer.java:40)
	at org.gradle.initialization.VintageBuildModelController.lambda$prepareProjects$2(VintageBuildModelController.java:83)
	at org.gradle.internal.model.StateTransitionController.lambda$doTransition$14(StateTransitionController.java:265)
	at org.gradle.internal.model.StateTransitionController.doTransition(StateTransitionController.java:276)
	at org.gradle.internal.model.StateTransitionController.doTransition(StateTransitionController.java:264)
	at org.gradle.internal.model.StateTransitionController.lambda$transitionIfNotPreviously$11(StateTransitionController.java:223)
	at org.gradle.internal.work.DefaultSynchronizer.withLock(DefaultSynchronizer.java:35)
	at org.gradle.internal.model.StateTransitionController.transitionIfNotPreviously(StateTransitionController.java:219)
	at org.gradle.initialization.VintageBuildModelController.prepareProjects(VintageBuildModelController.java:83)
	at org.gradle.initialization.VintageBuildModelController.prepareToScheduleTasks(VintageBuildModelController.java:70)
	at org.gradle.internal.build.DefaultBuildLifecycleController.lambda$prepareToScheduleTasks$6(DefaultBuildLifecycleController.java:175)
	at org.gradle.internal.model.StateTransitionController.lambda$doTransition$14(StateTransitionController.java:265)
	at org.gradle.internal.model.StateTransitionController.doTransition(StateTransitionController.java:276)
	at org.gradle.internal.model.StateTransitionController.doTransition(StateTransitionController.java:264)
	at org.gradle.internal.model.StateTransitionController.lambda$maybeTransition$9(StateTransitionController.java:200)
	at org.gradle.internal.work.DefaultSynchronizer.withLock(DefaultSynchronizer.java:35)
	at org.gradle.internal.model.StateTransitionController.maybeTransition(StateTransitionController.java:196)
	at org.gradle.internal.build.DefaultBuildLifecycleController.prepareToScheduleTasks(DefaultBuildLifecycleController.java:173)
	at org.gradle.internal.buildtree.DefaultBuildTreeWorkPreparer.scheduleRequestedTasks(DefaultBuildTreeWorkPreparer.java:35)
	at org.gradle.internal.cc.impl.barrier.BarrierAwareBuildTreeWorkPreparer.scheduleRequestedTasks$lambda$0(BarrierAwareBuildTreeWorkPreparer.kt:34)
	at org.gradle.internal.cc.impl.barrier.VintageConfigurationTimeActionRunner.runConfigurationTimeAction(VintageConfigurationTimeActionRunner.kt:48)
	at org.gradle.internal.cc.impl.barrier.BarrierAwareBuildTreeWorkPreparer.scheduleRequestedTasks(BarrierAwareBuildTreeWorkPreparer.kt:33)
	at org.gradle.internal.cc.impl.VintageBuildTreeWorkController$scheduleAndRunRequestedTasks$1.apply(VintageBuildTreeWorkController.kt:36)
	at org.gradle.internal.cc.impl.VintageBuildTreeWorkController$scheduleAndRunRequestedTasks$1.apply(VintageBuildTreeWorkController.kt:35)
	at org.gradle.composite.internal.DefaultIncludedBuildTaskGraph.withNewWorkGraph(DefaultIncludedBuildTaskGraph.java:114)
	at org.gradle.internal.cc.impl.VintageBuildTreeWorkController.scheduleAndRunRequestedTasks(VintageBuildTreeWorkController.kt:35)
	at org.gradle.internal.buildtree.DefaultBuildTreeLifecycleController.lambda$scheduleAndRunTasks$1(DefaultBuildTreeLifecycleController.java:77)
	at org.gradle.internal.buildtree.DefaultBuildTreeLifecycleController.lambda$runBuild$4(DefaultBuildTreeLifecycleController.java:120)
	at org.gradle.internal.model.StateTransitionController.lambda$transition$6(StateTransitionController.java:179)
	at org.gradle.internal.model.StateTransitionController.doTransition(StateTransitionController.java:276)
	at org.gradle.internal.model.StateTransitionController.lambda$transition$7(StateTransitionController.java:179)
	at org.gradle.internal.work.DefaultSynchronizer.withLock(DefaultSynchronizer.java:45)
	at org.gradle.internal.model.StateTransitionController.transition(StateTransitionController.java:179)
	at org.gradle.internal.buildtree.DefaultBuildTreeLifecycleController.runBuild(DefaultBuildTreeLifecycleController.java:117)
	at org.gradle.internal.buildtree.DefaultBuildTreeLifecycleController.scheduleAndRunTasks(DefaultBuildTreeLifecycleController.java:77)
	at org.gradle.internal.buildtree.DefaultBuildTreeLifecycleController.scheduleAndRunTasks(DefaultBuildTreeLifecycleController.java:72)
	at org.gradle.tooling.internal.provider.ExecuteBuildActionRunner.run(ExecuteBuildActionRunner.java:31)
	at org.gradle.launcher.exec.ChainingBuildActionRunner.run(ChainingBuildActionRunner.java:35)
	at org.gradle.internal.buildtree.ProblemReportingBuildActionRunner.run(ProblemReportingBuildActionRunner.java:54)
	at org.gradle.launcher.exec.BuildOutcomeReportingBuildActionRunner.run(BuildOutcomeReportingBuildActionRunner.java:83)
	at org.gradle.tooling.internal.provider.FileSystemWatchingBuildActionRunner.run(FileSystemWatchingBuildActionRunner.java:135)
	at org.gradle.launcher.exec.BuildCompletionNotifyingBuildActionRunner.run(BuildCompletionNotifyingBuildActionRunner.java:54)
	at org.gradle.launcher.exec.RootBuildLifecycleBuildActionExecutor.lambda$execute$0(RootBuildLifecycleBuildActionExecutor.java:101)
	at org.gradle.composite.internal.DefaultRootBuildState.run(DefaultRootBuildState.java:126)
	at org.gradle.launcher.exec.RootBuildLifecycleBuildActionExecutor.execute(RootBuildLifecycleBuildActionExecutor.java:101)
	at org.gradle.launcher.exec.BuildTreeLifecycleBuildActionExecutor.runRootBuildAction(BuildTreeLifecycleBuildActionExecutor.java:98)
	at org.gradle.launcher.exec.BuildTreeLifecycleBuildActionExecutor.execute(BuildTreeLifecycleBuildActionExecutor.java:69)
	at org.gradle.launcher.exec.RunAsBuildOperationBuildActionExecutor$2.call(RunAsBuildOperationBuildActionExecutor.java:65)
	at org.gradle.launcher.exec.RunAsBuildOperationBuildActionExecutor$2.call(RunAsBuildOperationBuildActionExecutor.java:61)
	at org.gradle.internal.operations.DefaultBuildOperationRunner$CallableBuildOperationWorker.execute(DefaultBuildOperationRunner.java:209)
	at org.gradle.internal.operations.DefaultBuildOperationRunner$CallableBuildOperationWorker.execute(DefaultBuildOperationRunner.java:204)
	at org.gradle.internal.operations.DefaultBuildOperationRunner$2.execute(DefaultBuildOperationRunner.java:66)
	at org.gradle.internal.operations.DefaultBuildOperationRunner$2.execute(DefaultBuildOperationRunner.java:59)
	at org.gradle.internal.operations.DefaultBuildOperationRunner.execute(DefaultBuildOperationRunner.java:166)
	at org.gradle.internal.operations.DefaultBuildOperationRunner.execute(DefaultBuildOperationRunner.java:59)
	at org.gradle.internal.operations.DefaultBuildOperationRunner.call(DefaultBuildOperationRunner.java:53)
	at org.gradle.launcher.exec.RunAsBuildOperationBuildActionExecutor.execute(RunAsBuildOperationBuildActionExecutor.java:61)
	at org.gradle.launcher.exec.RunAsWorkerThreadBuildActionExecutor.lambda$execute$0(RunAsWorkerThreadBuildActionExecutor.java:36)
	at org.gradle.internal.work.DefaultWorkerLeaseService.lambda$withLocksAcquired$0(DefaultWorkerLeaseService.java:269)
	at org.gradle.internal.work.ResourceLockStatistics$1.measure(ResourceLockStatistics.java:42)
	at org.gradle.internal.work.DefaultWorkerLeaseService.withLocksAcquired(DefaultWorkerLeaseService.java:267)
	at org.gradle.internal.work.DefaultWorkerLeaseService.withLocks(DefaultWorkerLeaseService.java:259)
	at org.gradle.internal.work.DefaultWorkerLeaseService.runAsWorkerThread(DefaultWorkerLeaseService.java:127)
	at org.gradle.launcher.exec.RunAsWorkerThreadBuildActionExecutor.execute(RunAsWorkerThreadBuildActionExecutor.java:36)
	at org.gradle.tooling.internal.provider.continuous.ContinuousBuildActionExecutor.execute(ContinuousBuildActionExecutor.java:110)
	at org.gradle.tooling.internal.provider.SubscribableBuildActionExecutor.execute(SubscribableBuildActionExecutor.java:64)
	at org.gradle.internal.session.DefaultBuildSessionContext.execute(DefaultBuildSessionContext.java:46)
	at org.gradle.internal.buildprocess.execution.BuildSessionLifecycleBuildActionExecutor$ActionImpl.apply(BuildSessionLifecycleBuildActionExecutor.java:106)
	at org.gradle.internal.buildprocess.execution.BuildSessionLifecycleBuildActionExecutor$ActionImpl.apply(BuildSessionLifecycleBuildActionExecutor.java:94)
	at org.gradle.internal.session.BuildSessionState.run(BuildSessionState.java:73)
	at org.gradle.internal.buildprocess.execution.BuildSessionLifecycleBuildActionExecutor.execute(BuildSessionLifecycleBuildActionExecutor.java:67)
	at org.gradle.internal.buildprocess.execution.BuildSessionLifecycleBuildActionExecutor.execute(BuildSessionLifecycleBuildActionExecutor.java:45)
	at org.gradle.internal.buildprocess.execution.StartParamsValidatingActionExecutor.execute(StartParamsValidatingActionExecutor.java:57)
	at org.gradle.internal.buildprocess.execution.StartParamsValidatingActionExecutor.execute(StartParamsValidatingActionExecutor.java:32)
	at org.gradle.internal.buildprocess.execution.SessionFailureReportingActionExecutor.execute(SessionFailureReportingActionExecutor.java:51)
	at org.gradle.internal.buildprocess.execution.SessionFailureReportingActionExecutor.execute(SessionFailureReportingActionExecutor.java:39)
	at org.gradle.internal.buildprocess.execution.SetupLoggingActionExecutor.execute(SetupLoggingActionExecutor.java:47)
	at org.gradle.internal.buildprocess.execution.SetupLoggingActionExecutor.execute(SetupLoggingActionExecutor.java:31)
	at org.gradle.launcher.daemon.server.exec.ExecuteBuild.doBuild(ExecuteBuild.java:70)
	at org.gradle.launcher.daemon.server.exec.BuildCommandOnly.execute(BuildCommandOnly.java:37)
	at org.gradle.launcher.daemon.server.api.DaemonCommandExecution.proceed(DaemonCommandExecution.java:104)
	at org.gradle.launcher.daemon.server.exec.WatchForDisconnection.execute(WatchForDisconnection.java:39)
	at org.gradle.launcher.daemon.server.api.DaemonCommandExecution.proceed(DaemonCommandExecution.java:104)
	at org.gradle.launcher.daemon.server.exec.ResetDeprecationLogger.execute(ResetDeprecationLogger.java:29)
	at org.gradle.launcher.daemon.server.api.DaemonCommandExecution.proceed(DaemonCommandExecution.java:104)
	at org.gradle.launcher.daemon.server.exec.RequestStopIfSingleUsedDaemon.execute(RequestStopIfSingleUsedDaemon.java:35)
	at org.gradle.launcher.daemon.server.api.DaemonCommandExecution.proceed(DaemonCommandExecution.java:104)
	at org.gradle.launcher.daemon.server.exec.ForwardClientInput.lambda$execute$0(ForwardClientInput.java:40)
	at org.gradle.internal.daemon.clientinput.ClientInputForwarder.forwardInput(ClientInputForwarder.java:80)
	at org.gradle.launcher.daemon.server.exec.ForwardClientInput.execute(ForwardClientInput.java:37)
	at org.gradle.launcher.daemon.server.api.DaemonCommandExecution.proceed(DaemonCommandExecution.java:104)
	at org.gradle.launcher.daemon.server.exec.LogAndCheckHealth.execute(LogAndCheckHealth.java:53)
	at org.gradle.launcher.daemon.server.api.DaemonCommandExecution.proceed(DaemonCommandExecution.java:104)
	at org.gradle.launcher.daemon.server.exec.LogToClient.doBuild(LogToClient.java:63)
	at org.gradle.launcher.daemon.server.exec.BuildCommandOnly.execute(BuildCommandOnly.java:37)
	at org.gradle.launcher.daemon.server.api.DaemonCommandExecution.proceed(DaemonCommandExecution.java:104)
	at org.gradle.launcher.daemon.server.exec.EstablishBuildEnvironment.doBuild(EstablishBuildEnvironment.java:84)
	at org.gradle.launcher.daemon.server.exec.BuildCommandOnly.execute(BuildCommandOnly.java:37)
	at org.gradle.launcher.daemon.server.api.DaemonCommandExecution.proceed(DaemonCommandExecution.java:104)
	at org.gradle.launcher.daemon.server.exec.StartBuildOrRespondWithBusy$1.run(StartBuildOrRespondWithBusy.java:52)
	at org.gradle.launcher.daemon.server.DaemonStateCoordinator.lambda$runCommand$0(DaemonStateCoordinator.java:321)
	at org.gradle.internal.concurrent.ExecutorPolicy$CatchAndRecordFailures.onExecute(ExecutorPolicy.java:64)
	at org.gradle.internal.concurrent.AbstractManagedExecutor$1.run(AbstractManagedExecutor.java:47)
Caused by: org.gradle.api.internal.artifacts.ivyservice.TypedResolveException: Could not resolve all artifacts for configuration 'classpath'.
	at org.gradle.api.internal.artifacts.ResolveExceptionMapper.mapFailures(ResolveExceptionMapper.java:61)
	at org.gradle.api.internal.artifacts.configurations.DefaultConfiguration$DefaultResolutionHost.consolidateFailures(DefaultConfiguration.java:1740)
	at org.gradle.api.internal.artifacts.configurations.ResolutionHost.rethrowFailuresAndReportProblems(ResolutionHost.java:75)
	at org.gradle.api.internal.artifacts.configurations.DefaultArtifactCollection.lambda$new$0(DefaultArtifactCollection.java:67)
	at org.gradle.internal.model.CalculatedValueContainerFactory$SupplierBackedCalculator.calculateValue(CalculatedValueContainerFactory.java:69)
	at org.gradle.internal.model.CalculatedValueContainer$CalculationState.lambda$attachValue$0(CalculatedValueContainer.java:227)
	at org.gradle.internal.Try.ofFailable(Try.java:46)
	at org.gradle.internal.model.CalculatedValueContainer$CalculationState.attachValue(CalculatedValueContainer.java:222)
	at org.gradle.internal.model.CalculatedValueContainer.finalizeIfNotAlready(CalculatedValueContainer.java:195)
	at org.gradle.internal.model.CalculatedValueContainer.finalizeIfNotAlready(CalculatedValueContainer.java:186)
	at org.gradle.api.internal.artifacts.configurations.DefaultArtifactCollection.ensureResolved(DefaultArtifactCollection.java:123)
	at org.gradle.api.internal.artifacts.configurations.DefaultArtifactCollection.getArtifacts(DefaultArtifactCollection.java:95)
	at org.gradle.api.internal.initialization.transform.utils.InstrumentationClasspathMerger.mergeToClasspath(InstrumentationClasspathMerger.java:52)
	at org.gradle.api.internal.initialization.DefaultScriptClassPathResolver.resolveClassPath(DefaultScriptClassPathResolver.java:155)
	at org.gradle.api.internal.initialization.DefaultBuildLogicBuilder.lambda$resolveClassPath$0(DefaultBuildLogicBuilder.java:64)
	at org.gradle.api.internal.initialization.DefaultBuildLogicBuildQueue.build(DefaultBuildLogicBuildQueue.java:69)
	at org.gradle.api.internal.initialization.DefaultBuildLogicBuilder.resolveClassPath(DefaultBuildLogicBuilder.java:61)
	at org.gradle.api.internal.initialization.DefaultScriptHandler.lambda$getInstrumentedScriptClassPath$0(DefaultScriptHandler.java:108)
	at org.gradle.api.internal.artifacts.configurations.DefaultConfiguration.callAndResetResolutionState(DefaultConfiguration.java:758)
	at org.gradle.api.internal.initialization.DefaultScriptHandler.getInstrumentedScriptClassPath(DefaultScriptHandler.java:112)
	at org.gradle.plugin.use.internal.DefaultPluginRequestApplicator.applyPlugins(DefaultPluginRequestApplicator.java:87)
	at org.gradle.configuration.DefaultScriptPluginFactory$ScriptPluginImpl.apply(DefaultScriptPluginFactory.java:123)
	at org.gradle.configuration.BuildOperationScriptPlugin$1.run(BuildOperationScriptPlugin.java:68)
	at org.gradle.internal.operations.DefaultBuildOperationRunner$1.execute(DefaultBuildOperationRunner.java:29)
	at org.gradle.internal.operations.DefaultBuildOperationRunner$1.execute(DefaultBuildOperationRunner.java:26)
	at org.gradle.internal.operations.DefaultBuildOperationRunner$2.execute(DefaultBuildOperationRunner.java:66)
	at org.gradle.internal.operations.DefaultBuildOperationRunner$2.execute(DefaultBuildOperationRunner.java:59)
	at org.gradle.internal.operations.DefaultBuildOperationRunner.execute(DefaultBuildOperationRunner.java:166)
	at org.gradle.internal.operations.DefaultBuildOperationRunner.execute(DefaultBuildOperationRunner.java:59)
	at org.gradle.internal.operations.DefaultBuildOperationRunner.run(DefaultBuildOperationRunner.java:47)
	at org.gradle.configuration.BuildOperationScriptPlugin.lambda$apply$0(BuildOperationScriptPlugin.java:65)
	at org.gradle.internal.code.DefaultUserCodeApplicationContext.apply(DefaultUserCodeApplicationContext.java:44)
	at org.gradle.configuration.BuildOperationScriptPlugin.apply(BuildOperationScriptPlugin.java:65)
	at org.gradle.api.internal.project.DefaultProjectStateRegistry$ProjectStateImpl.lambda$applyToMutableState$0(DefaultProjectStateRegistry.java:443)
	at org.gradle.api.internal.project.DefaultProjectStateRegistry$ProjectStateImpl.lambda$fromMutableState$1(DefaultProjectStateRegistry.java:450)
	at org.gradle.api.internal.project.DefaultProjectStateRegistry$ProjectStateImpl.runWithModelLock(DefaultProjectStateRegistry.java:466)
	at org.gradle.api.internal.project.DefaultProjectStateRegistry$ProjectStateImpl.fromMutableState(DefaultProjectStateRegistry.java:450)
	at org.gradle.api.internal.project.DefaultProjectStateRegistry$ProjectStateImpl.applyToMutableState(DefaultProjectStateRegistry.java:442)
	at org.gradle.configuration.project.BuildScriptProcessor.execute(BuildScriptProcessor.java:46)
	at org.gradle.configuration.project.BuildScriptProcessor.execute(BuildScriptProcessor.java:27)
	at org.gradle.configuration.project.ConfigureActionsProjectEvaluator.evaluate(ConfigureActionsProjectEvaluator.java:35)
	at org.gradle.configuration.project.LifecycleProjectEvaluator$EvaluateProject.lambda$run$0(LifecycleProjectEvaluator.java:109)
	... 145 more
Cause 1: org.gradle.internal.resolve.ArtifactResolveException: Could not download gradle-8.2.1.jar (com.android.tools.build:gradle:8.2.1)
	at org.gradle.api.internal.artifacts.repositories.resolver.ExternalResourceResolver$RemoteRepositoryAccess.resolveArtifact(ExternalResourceResolver.java:499)
	at org.gradle.api.internal.artifacts.ivyservice.ivyresolve.CachingModuleComponentRepository$ResolveAndCacheRepositoryAccess.resolveArtifact(CachingModuleComponentRepository.java:470)
	at org.gradle.api.internal.artifacts.ivyservice.ivyresolve.ErrorHandlingModuleComponentRepository$ErrorHandlingModuleComponentRepositoryAccess.lambda$resolveArtifact$12(ErrorHandlingModuleComponentRepository.java:180)
	at org.gradle.api.internal.artifacts.ivyservice.ivyresolve.ErrorHandlingModuleComponentRepository$ErrorHandlingModuleComponentRepositoryAccess.tryResolveAndMaybeDisable(ErrorHandlingModuleComponentRepository.java:251)
	at org.gradle.api.internal.artifacts.ivyservice.ivyresolve.ErrorHandlingModuleComponentRepository$ErrorHandlingModuleComponentRepositoryAccess.performOperationWithRetries(ErrorHandlingModuleComponentRepository.java:204)
	at org.gradle.api.internal.artifacts.ivyservice.ivyresolve.ErrorHandlingModuleComponentRepository$ErrorHandlingModuleComponentRepositoryAccess.resolveArtifact(ErrorHandlingModuleComponentRepository.java:178)
	at org.gradle.api.internal.artifacts.ivyservice.ivyresolve.RepositoryChainArtifactResolver.resolveArtifactLater(RepositoryChainArtifactResolver.java:75)
	at org.gradle.api.internal.artifacts.ivyservice.ivyresolve.RepositoryChainArtifactResolver.lambda$resolveArtifact$0(RepositoryChainArtifactResolver.java:63)
	at org.gradle.internal.model.CalculatedValueContainerFactory$SupplierBackedCalculator.calculateValue(CalculatedValueContainerFactory.java:69)
	at org.gradle.internal.model.CalculatedValueContainer$CalculationState.lambda$attachValue$0(CalculatedValueContainer.java:227)
	at org.gradle.internal.Try.ofFailable(Try.java:46)
	at org.gradle.internal.model.CalculatedValueContainer$CalculationState.attachValue(CalculatedValueContainer.java:222)
	at org.gradle.internal.model.CalculatedValueContainer.finalizeIfNotAlready(CalculatedValueContainer.java:195)
	at org.gradle.internal.model.CalculatedValueContainer.finalizeIfNotAlready(CalculatedValueContainer.java:186)
	at org.gradle.api.internal.artifacts.ivyservice.resolveengine.artifact.ArtifactBackedResolvedVariant$DownloadArtifactFile.run(ArtifactBackedResolvedVariant.java:208)
	at org.gradle.internal.operations.DefaultBuildOperationRunner$2.execute(DefaultBuildOperationRunner.java:66)
	at org.gradle.internal.operations.DefaultBuildOperationRunner$2.execute(DefaultBuildOperationRunner.java:59)
	at org.gradle.internal.operations.DefaultBuildOperationRunner.execute(DefaultBuildOperationRunner.java:166)
	at org.gradle.internal.operations.DefaultBuildOperationRunner.execute(DefaultBuildOperationRunner.java:59)
	at org.gradle.internal.operations.DefaultBuildOperationExecutor.lambda$executeInParallel$0(DefaultBuildOperationExecutor.java:102)
	at org.gradle.internal.operations.DefaultBuildOperationQueue$WorkerRunnable.runOperation(DefaultBuildOperationQueue.java:292)
	at org.gradle.internal.operations.DefaultBuildOperationQueue$WorkerRunnable.doRunBatch(DefaultBuildOperationQueue.java:273)
	at org.gradle.internal.operations.DefaultBuildOperationQueue$WorkerRunnable.lambda$runBatch$0(DefaultBuildOperationQueue.java:258)
	at org.gradle.internal.resources.AbstractResourceLockRegistry.whileDisallowingLockChanges(AbstractResourceLockRegistry.java:50)
	at org.gradle.internal.work.DefaultWorkerLeaseService.whileDisallowingProjectLockChanges(DefaultWorkerLeaseService.java:233)
	at org.gradle.internal.operations.DefaultBuildOperationQueue$WorkerRunnable.lambda$runBatch$1(DefaultBuildOperationQueue.java:258)
	at org.gradle.internal.work.DefaultWorkerLeaseService.lambda$withLocksAcquired$0(DefaultWorkerLeaseService.java:269)
	at org.gradle.internal.work.ResourceLockStatistics$1.measure(ResourceLockStatistics.java:42)
	at org.gradle.internal.work.DefaultWorkerLeaseService.withLocksAcquired(DefaultWorkerLeaseService.java:267)
	at org.gradle.internal.work.DefaultWorkerLeaseService.withLocks(DefaultWorkerLeaseService.java:259)
	at org.gradle.internal.work.DefaultWorkerLeaseService.runAsWorkerThread(DefaultWorkerLeaseService.java:127)
	at org.gradle.internal.operations.DefaultBuildOperationQueue$WorkerRunnable.runBatch(DefaultBuildOperationQueue.java:244)
	at org.gradle.internal.operations.DefaultBuildOperationQueue$WorkerRunnable.runOperations(DefaultBuildOperationQueue.java:212)
	at org.gradle.internal.operations.CurrentBuildOperationRef.with(CurrentBuildOperationRef.java:84)
	at org.gradle.internal.operations.DefaultBuildOperationQueue$WorkerRunnable.run(DefaultBuildOperationQueue.java:205)
	... 2 more
Caused by: org.gradle.api.resources.ResourceException: Could not get resource 'https://maven.myket.ir/com/android/tools/build/gradle/8.2.1/gradle-8.2.1.jar'.
	at org.gradle.internal.resource.ResourceExceptions.failure(ResourceExceptions.java:74)
	at org.gradle.internal.resource.ResourceExceptions.getFailed(ResourceExceptions.java:57)
	at org.gradle.api.internal.artifacts.repositories.resolver.DefaultExternalResourceArtifactResolver.downloadByUrl(DefaultExternalResourceArtifactResolver.java:114)
	at org.gradle.api.internal.artifacts.repositories.resolver.DefaultExternalResourceArtifactResolver.downloadStaticResource(DefaultExternalResourceArtifactResolver.java:92)
	at org.gradle.api.internal.artifacts.repositories.resolver.DefaultExternalResourceArtifactResolver.resolveArtifact(DefaultExternalResourceArtifactResolver.java:62)
	at org.gradle.api.internal.artifacts.repositories.resolver.ExternalResourceResolver$RemoteRepositoryAccess.resolveArtifact(ExternalResourceResolver.java:492)
	... 36 more
Caused by: org.gradle.internal.resource.transport.http.HttpRequestException: Could not GET 'https://maven.myket.ir/com/android/tools/build/gradle/8.2.1/gradle-8.2.1.jar'.
	at org.gradle.internal.resource.transport.http.HttpClientHelper.createHttpRequestException(HttpClientHelper.java:123)
	at org.gradle.internal.resource.transport.http.HttpClientHelper.performRequest(HttpClientHelper.java:117)
	at org.gradle.internal.resource.transport.http.HttpClientHelper.performRawGet(HttpClientHelper.java:99)
	at org.gradle.internal.resource.transport.http.HttpClientHelper.performGet(HttpClientHelper.java:104)
	at org.gradle.internal.resource.transport.http.HttpResourceAccessor.openResource(HttpResourceAccessor.java:45)
	at org.gradle.internal.resource.transport.http.HttpResourceAccessor.openResource(HttpResourceAccessor.java:30)
	at org.gradle.internal.resource.transfer.AbstractExternalResourceAccessor.withContent(AbstractExternalResourceAccessor.java:32)
	at org.gradle.internal.resource.transfer.DefaultExternalResourceConnector.withContent(DefaultExternalResourceConnector.java:59)
	at org.gradle.internal.resource.transfer.ProgressLoggingExternalResourceAccessor$DownloadOperation.call(ProgressLoggingExternalResourceAccessor.java:136)
	at org.gradle.internal.operations.DefaultBuildOperationRunner$CallableBuildOperationWorker.execute(DefaultBuildOperationRunner.java:209)
	at org.gradle.internal.operations.DefaultBuildOperationRunner$CallableBuildOperationWorker.execute(DefaultBuildOperationRunner.java:204)
	at org.gradle.internal.operations.DefaultBuildOperationRunner$2.execute(DefaultBuildOperationRunner.java:66)
	at org.gradle.internal.operations.DefaultBuildOperationRunner$2.execute(DefaultBuildOperationRunner.java:59)
	at org.gradle.internal.operations.DefaultBuildOperationRunner.execute(DefaultBuildOperationRunner.java:166)
	at org.gradle.internal.operations.DefaultBuildOperationRunner.execute(DefaultBuildOperationRunner.java:59)
	at org.gradle.internal.operations.DefaultBuildOperationRunner.call(DefaultBuildOperationRunner.java:53)
	at org.gradle.internal.resource.transfer.ProgressLoggingExternalResourceAccessor.withContent(ProgressLoggingExternalResourceAccessor.java:49)
	at org.gradle.internal.resource.transfer.AccessorBackedExternalResource.withContentIfPresent(AccessorBackedExternalResource.java:103)
	at org.gradle.internal.resource.transfer.DefaultCacheAwareExternalResourceAccessor.copyToCache(DefaultCacheAwareExternalResourceAccessor.java:188)
	at org.gradle.internal.resource.transfer.DefaultCacheAwareExternalResourceAccessor.lambda$getResource$1(DefaultCacheAwareExternalResourceAccessor.java:86)
	at org.gradle.cache.internal.ProducerGuard$AdaptiveProducerGuard.guardByKey(ProducerGuard.java:97)
	at org.gradle.internal.resource.transfer.DefaultCacheAwareExternalResourceAccessor.getResource(DefaultCacheAwareExternalResourceAccessor.java:80)
	at org.gradle.api.internal.artifacts.repositories.resolver.DefaultExternalResourceArtifactResolver.downloadByUrl(DefaultExternalResourceArtifactResolver.java:109)
	... 39 more
Caused by: java.net.UnknownHostException: maven.myket.ir
	at org.apache.http.impl.conn.SystemDefaultDnsResolver.resolve(SystemDefaultDnsResolver.java:45)
	at org.apache.http.impl.conn.DefaultHttpClientConnectionOperator.connect(DefaultHttpClientConnectionOperator.java:112)
	at org.apache.http.impl.conn.PoolingHttpClientConnectionManager.connect(PoolingHttpClientConnectionManager.java:376)
	at org.apache.http.impl.execchain.MainClientExec.establishRoute(MainClientExec.java:393)
	at org.apache.http.impl.execchain.MainClientExec.execute(MainClientExec.java:236)
	at org.apache.http.impl.execchain.ProtocolExec.execute(ProtocolExec.java:186)
	at org.apache.http.impl.execchain.RetryExec.execute(RetryExec.java:89)
	at org.apache.http.impl.execchain.RedirectExec.execute(RedirectExec.java:110)
	at org.apache.http.impl.client.InternalHttpClient.doExecute(InternalHttpClient.java:185)
	at org.apache.http.impl.client.CloseableHttpClient.execute(CloseableHttpClient.java:83)
	at org.gradle.internal.resource.transport.http.HttpClientHelper.performHttpRequest(HttpClientHelper.java:200)
	at org.gradle.internal.resource.transport.http.HttpClientHelper.performHttpRequest(HttpClientHelper.java:176)
	at org.gradle.internal.resource.transport.http.HttpClientHelper.executeGetOrHead(HttpClientHelper.java:165)
	at org.gradle.internal.resource.transport.http.HttpClientHelper.performRequest(HttpClientHelper.java:113)
	... 60 more
Cause 2: org.gradle.internal.resolve.ArtifactResolveException: Could not download builder-8.2.1.jar (com.android.tools.build:builder:8.2.1)
	at org.gradle.api.internal.artifacts.repositories.resolver.ExternalResourceResolver$RemoteRepositoryAccess.resolveArtifact(ExternalResourceResolver.java:499)
	at org.gradle.api.internal.artifacts.ivyservice.ivyresolve.CachingModuleComponentRepository$ResolveAndCacheRepositoryAccess.resolveArtifact(CachingModuleComponentRepository.java:470)
	at org.gradle.api.internal.artifacts.ivyservice.ivyresolve.ErrorHandlingModuleComponentRepository$ErrorHandlingModuleComponentRepositoryAccess.lambda$resolveArtifact$12(ErrorHandlingModuleComponentRepository.java:180)
	at org.gradle.api.internal.artifacts.ivyservice.ivyresolve.ErrorHandlingModuleComponentRepository$ErrorHandlingModuleComponentRepositoryAccess.tryResolveAndMaybeDisable(ErrorHandlingModuleComponentRepository.java:251)
	at org.gradle.api.internal.artifacts.ivyservice.ivyresolve.ErrorHandlingModuleComponentRepository$ErrorHandlingModuleComponentRepositoryAccess.performOperationWithRetries(ErrorHandlingModuleComponentRepository.java:204)
	at org.gradle.api.internal.artifacts.ivyservice.ivyresolve.ErrorHandlingModuleComponentRepository$ErrorHandlingModuleComponentRepositoryAccess.resolveArtifact(ErrorHandlingModuleComponentRepository.java:178)
	at org.gradle.api.internal.artifacts.ivyservice.ivyresolve.RepositoryChainArtifactResolver.resolveArtifactLater(RepositoryChainArtifactResolver.java:75)
	at org.gradle.api.internal.artifacts.ivyservice.ivyresolve.RepositoryChainArtifactResolver.lambda$resolveArtifact$0(RepositoryChainArtifactResolver.java:63)
	at org.gradle.internal.model.CalculatedValueContainerFactory$SupplierBackedCalculator.calculateValue(CalculatedValueContainerFactory.java:69)
	at org.gradle.internal.model.CalculatedValueContainer$CalculationState.lambda$attachValue$0(CalculatedValueContainer.java:227)
	at org.gradle.internal.Try.ofFailable(Try.java:46)
	at org.gradle.internal.model.CalculatedValueContainer$CalculationState.attachValue(CalculatedValueContainer.java:222)
	at org.gradle.internal.model.CalculatedValueContainer.finalizeIfNotAlready(CalculatedValueContainer.java:195)
	at org.gradle.internal.model.CalculatedValueContainer.finalizeIfNotAlready(CalculatedValueContainer.java:186)
	at org.gradle.api.internal.artifacts.ivyservice.resolveengine.artifact.ArtifactBackedResolvedVariant$DownloadArtifactFile.run(ArtifactBackedResolvedVariant.java:208)
	at org.gradle.internal.operations.DefaultBuildOperationRunner$2.execute(DefaultBuildOperationRunner.java:66)
	at org.gradle.internal.operations.DefaultBuildOperationRunner$2.execute(DefaultBuildOperationRunner.java:59)
	at org.gradle.internal.operations.DefaultBuildOperationRunner.execute(DefaultBuildOperationRunner.java:166)
	at org.gradle.internal.operations.DefaultBuildOperationRunner.execute(DefaultBuildOperationRunner.java:59)
	at org.gradle.internal.operations.DefaultBuildOperationExecutor.lambda$executeInParallel$0(DefaultBuildOperationExecutor.java:102)
	at org.gradle.internal.operations.DefaultBuildOperationQueue$WorkerRunnable.runOperation(DefaultBuildOperationQueue.java:292)
	at org.gradle.internal.operations.DefaultBuildOperationQueue$WorkerRunnable.doRunBatch(DefaultBuildOperationQueue.java:273)
	at org.gradle.internal.operations.DefaultBuildOperationQueue$WorkerRunnable.lambda$runBatch$0(DefaultBuildOperationQueue.java:258)
	at org.gradle.internal.resources.AbstractResourceLockRegistry.whileDisallowingLockChanges(AbstractResourceLockRegistry.java:50)
	at org.gradle.internal.work.DefaultWorkerLeaseService.whileDisallowingProjectLockChanges(DefaultWorkerLeaseService.java:233)
	at org.gradle.internal.operations.DefaultBuildOperationQueue$WorkerRunnable.lambda$runBatch$1(DefaultBuildOperationQueue.java:258)
	at org.gradle.internal.work.DefaultWorkerLeaseService.lambda$withLocksAcquired$0(DefaultWorkerLeaseService.java:269)
	at org.gradle.internal.work.ResourceLockStatistics$1.measure(ResourceLockStatistics.java:42)
	at org.gradle.internal.work.DefaultWorkerLeaseService.withLocksAcquired(DefaultWorkerLeaseService.java:267)
	at org.gradle.internal.work.DefaultWorkerLeaseService.withLocks(DefaultWorkerLeaseService.java:259)
	at org.gradle.internal.work.DefaultWorkerLeaseService.runAsWorkerThread(DefaultWorkerLeaseService.java:127)
	at org.gradle.internal.operations.DefaultBuildOperationQueue$WorkerRunnable.runBatch(DefaultBuildOperationQueue.java:244)
	at org.gradle.internal.operations.DefaultBuildOperationQueue$WorkerRunnable.runOperations(DefaultBuildOperationQueue.java:212)
	at org.gradle.internal.operations.CurrentBuildOperationRef.with(CurrentBuildOperationRef.java:84)
	at org.gradle.internal.operations.DefaultBuildOperationQueue$WorkerRunnable.run(DefaultBuildOperationQueue.java:205)
	at org.gradle.internal.concurrent.ExecutorPolicy$CatchAndRecordFailures.onExecute(ExecutorPolicy.java:64)
	at org.gradle.internal.concurrent.AbstractManagedExecutor$1.run(AbstractManagedExecutor.java:47)
	at java.base/java.util.concurrent.ThreadPoolExecutor.runWorker(ThreadPoolExecutor.java:1136)
	at java.base/java.util.concurrent.ThreadPoolExecutor$Worker.run(ThreadPoolExecutor.java:635)
	at java.base/java.lang.Thread.run(Thread.java:840)
Caused by: org.gradle.api.resources.ResourceException: Could not get resource 'https://maven.myket.ir/com/android/tools/build/builder/8.2.1/builder-8.2.1.jar'.
	at org.gradle.internal.resource.ResourceExceptions.failure(ResourceExceptions.java:74)
	at org.gradle.internal.resource.ResourceExceptions.getFailed(ResourceExceptions.java:57)
	at org.gradle.api.internal.artifacts.repositories.resolver.DefaultExternalResourceArtifactResolver.downloadByUrl(DefaultExternalResourceArtifactResolver.java:114)
	at org.gradle.api.internal.artifacts.repositories.resolver.DefaultExternalResourceArtifactResolver.downloadStaticResource(DefaultExternalResourceArtifactResolver.java:92)
	at org.gradle.api.internal.artifacts.repositories.resolver.DefaultExternalResourceArtifactResolver.resolveArtifact(DefaultExternalResourceArtifactResolver.java:62)
	at org.gradle.api.internal.artifacts.repositories.resolver.ExternalResourceResolver$RemoteRepositoryAccess.resolveArtifact(ExternalResourceResolver.java:492)
	... 39 more
Caused by: org.gradle.internal.resource.transport.http.HttpRequestException: Could not GET 'https://maven.myket.ir/com/android/tools/build/builder/8.2.1/builder-8.2.1.jar'.
	at org.gradle.internal.resource.transport.http.HttpClientHelper.createHttpRequestException(HttpClientHelper.java:123)
	at org.gradle.internal.resource.transport.http.HttpClientHelper.performRequest(HttpClientHelper.java:117)
	at org.gradle.internal.resource.transport.http.HttpClientHelper.performRawGet(HttpClientHelper.java:99)
	at org.gradle.internal.resource.transport.http.HttpClientHelper.performGet(HttpClientHelper.java:104)
	at org.gradle.internal.resource.transport.http.HttpResourceAccessor.openResource(HttpResourceAccessor.java:45)
	at org.gradle.internal.resource.transport.http.HttpResourceAccessor.openResource(HttpResourceAccessor.java:30)
	at org.gradle.internal.resource.transfer.AbstractExternalResourceAccessor.withContent(AbstractExternalResourceAccessor.java:32)
	at org.gradle.internal.resource.transfer.DefaultExternalResourceConnector.withContent(DefaultExternalResourceConnector.java:59)
	at org.gradle.internal.resource.transfer.ProgressLoggingExternalResourceAccessor$DownloadOperation.call(ProgressLoggingExternalResourceAccessor.java:136)
	at org.gradle.internal.operations.DefaultBuildOperationRunner$CallableBuildOperationWorker.execute(DefaultBuildOperationRunner.java:209)
	at org.gradle.internal.operations.DefaultBuildOperationRunner$CallableBuildOperationWorker.execute(DefaultBuildOperationRunner.java:204)
	at org.gradle.internal.operations.DefaultBuildOperationRunner$2.execute(DefaultBuildOperationRunner.java:66)
	at org.gradle.internal.operations.DefaultBuildOperationRunner$2.execute(DefaultBuildOperationRunner.java:59)
	at org.gradle.internal.operations.DefaultBuildOperationRunner.execute(DefaultBuildOperationRunner.java:166)
	at org.gradle.internal.operations.DefaultBuildOperationRunner.execute(DefaultBuildOperationRunner.java:59)
	at org.gradle.internal.operations.DefaultBuildOperationRunner.call(DefaultBuildOperationRunner.java:53)
	at org.gradle.internal.resource.transfer.ProgressLoggingExternalResourceAccessor.withContent(ProgressLoggingExternalResourceAccessor.java:49)
	at org.gradle.internal.resource.transfer.AccessorBackedExternalResource.withContentIfPresent(AccessorBackedExternalResource.java:103)
	at org.gradle.internal.resource.transfer.DefaultCacheAwareExternalResourceAccessor.copyToCache(DefaultCacheAwareExternalResourceAccessor.java:188)
	at org.gradle.internal.resource.transfer.DefaultCacheAwareExternalResourceAccessor.lambda$getResource$1(DefaultCacheAwareExternalResourceAccessor.java:86)
	at org.gradle.cache.internal.ProducerGuard$AdaptiveProducerGuard.guardByKey(ProducerGuard.java:97)
	at org.gradle.internal.resource.transfer.DefaultCacheAwareExternalResourceAccessor.getResource(DefaultCacheAwareExternalResourceAccessor.java:80)
	at org.gradle.api.internal.artifacts.repositories.resolver.DefaultExternalResourceArtifactResolver.downloadByUrl(DefaultExternalResourceArtifactResolver.java:109)
	... 42 more
Caused by: java.net.UnknownHostException: maven.myket.ir
	at java.base/java.net.InetAddress$CachedAddresses.get(InetAddress.java:801)
	at java.base/java.net.InetAddress$NameServiceAddresses.get(InetAddress.java:887)
	at java.base/java.net.InetAddress.getAllByName0(InetAddress.java:1533)
	at java.base/java.net.InetAddress.getAllByName(InetAddress.java:1385)
	at java.base/java.net.InetAddress.getAllByName(InetAddress.java:1306)
	at org.apache.http.impl.conn.SystemDefaultDnsResolver.resolve(SystemDefaultDnsResolver.java:45)
	at org.apache.http.impl.conn.DefaultHttpClientConnectionOperator.connect(DefaultHttpClientConnectionOperator.java:112)
	at org.apache.http.impl.conn.PoolingHttpClientConnectionManager.connect(PoolingHttpClientConnectionManager.java:376)
	at org.apache.http.impl.execchain.MainClientExec.establishRoute(MainClientExec.java:393)
	at org.apache.http.impl.execchain.MainClientExec.execute(MainClientExec.java:236)
	at org.apache.http.impl.execchain.ProtocolExec.execute(ProtocolExec.java:186)
	at org.apache.http.impl.execchain.RetryExec.execute(RetryExec.java:89)
	at org.apache.http.impl.execchain.RedirectExec.execute(RedirectExec.java:110)
	at org.apache.http.impl.client.InternalHttpClient.doExecute(InternalHttpClient.java:185)
	at org.apache.http.impl.client.CloseableHttpClient.execute(CloseableHttpClient.java:83)
	at org.gradle.internal.resource.transport.http.HttpClientHelper.performHttpRequest(HttpClientHelper.java:200)
	at org.gradle.internal.resource.transport.http.HttpClientHelper.performHttpRequest(HttpClientHelper.java:176)
	at org.gradle.internal.resource.transport.http.HttpClientHelper.executeGetOrHead(HttpClientHelper.java:165)
	at org.gradle.internal.resource.transport.http.HttpClientHelper.performRequest(HttpClientHelper.java:113)
	... 63 more
Cause 3: org.gradle.internal.resolve.ArtifactResolveException: Could not download bundletool-1.15.2.jar (com.android.tools.build:bundletool:1.15.2)
	at org.gradle.api.internal.artifacts.repositories.resolver.ExternalResourceResolver$RemoteRepositoryAccess.resolveArtifact(ExternalResourceResolver.java:499)
	at org.gradle.api.internal.artifacts.ivyservice.ivyresolve.CachingModuleComponentRepository$ResolveAndCacheRepositoryAccess.resolveArtifact(CachingModuleComponentRepository.java:470)
	at org.gradle.api.internal.artifacts.ivyservice.ivyresolve.ErrorHandlingModuleComponentRepository$ErrorHandlingModuleComponentRepositoryAccess.lambda$resolveArtifact$12(ErrorHandlingModuleComponentRepository.java:180)
	at org.gradle.api.internal.artifacts.ivyservice.ivyresolve.ErrorHandlingModuleComponentRepository$ErrorHandlingModuleComponentRepositoryAccess.tryResolveAndMaybeDisable(ErrorHandlingModuleComponentRepository.java:251)
	at org.gradle.api.internal.artifacts.ivyservice.ivyresolve.ErrorHandlingModuleComponentRepository$ErrorHandlingModuleComponentRepositoryAccess.performOperationWithRetries(ErrorHandlingModuleComponentRepository.java:204)
	at org.gradle.api.internal.artifacts.ivyservice.ivyresolve.ErrorHandlingModuleComponentRepository$ErrorHandlingModuleComponentRepositoryAccess.resolveArtifact(ErrorHandlingModuleComponentRepository.java:178)
	at org.gradle.api.internal.artifacts.ivyservice.ivyresolve.RepositoryChainArtifactResolver.resolveArtifactLater(RepositoryChainArtifactResolver.java:75)
	at org.gradle.api.internal.artifacts.ivyservice.ivyresolve.RepositoryChainArtifactResolver.lambda$resolveArtifact$0(RepositoryChainArtifactResolver.java:63)
	at org.gradle.internal.model.CalculatedValueContainerFactory$SupplierBackedCalculator.calculateValue(CalculatedValueContainerFactory.java:69)
	at org.gradle.internal.model.CalculatedValueContainer$CalculationState.lambda$attachValue$0(CalculatedValueContainer.java:227)
	at org.gradle.internal.Try.ofFailable(Try.java:46)
	at org.gradle.internal.model.CalculatedValueContainer$CalculationState.attachValue(CalculatedValueContainer.java:222)
	at org.gradle.internal.model.CalculatedValueContainer.finalizeIfNotAlready(CalculatedValueContainer.java:195)
	at org.gradle.internal.model.CalculatedValueContainer.finalizeIfNotAlready(CalculatedValueContainer.java:186)
	at org.gradle.api.internal.artifacts.ivyservice.resolveengine.artifact.ArtifactBackedResolvedVariant$DownloadArtifactFile.run(ArtifactBackedResolvedVariant.java:208)
	at org.gradle.internal.operations.DefaultBuildOperationRunner$2.execute(DefaultBuildOperationRunner.java:66)
	at org.gradle.internal.operations.DefaultBuildOperationRunner$2.execute(DefaultBuildOperationRunner.java:59)
	at org.gradle.internal.operations.DefaultBuildOperationRunner.execute(DefaultBuildOperationRunner.java:166)
	at org.gradle.internal.operations.DefaultBuildOperationRunner.execute(DefaultBuildOperationRunner.java:59)
	at org.gradle.internal.operations.DefaultBuildOperationExecutor.lambda$executeInParallel$0(DefaultBuildOperationExecutor.java:102)
	at org.gradle.internal.operations.DefaultBuildOperationQueue$WorkerRunnable.runOperation(DefaultBuildOperationQueue.java:292)
	at org.gradle.internal.operations.DefaultBuildOperationQueue$WorkerRunnable.doRunBatch(DefaultBuildOperationQueue.java:273)
	at org.gradle.internal.operations.DefaultBuildOperationQueue$WorkerRunnable.lambda$runBatch$0(DefaultBuildOperationQueue.java:258)
	at org.gradle.internal.resources.AbstractResourceLockRegistry.whileDisallowingLockChanges(AbstractResourceLockRegistry.java:50)
	at org.gradle.internal.work.DefaultWorkerLeaseService.whileDisallowingProjectLockChanges(DefaultWorkerLeaseService.java:233)
	at org.gradle.internal.operations.DefaultBuildOperationQueue$WorkerRunnable.lambda$runBatch$1(DefaultBuildOperationQueue.java:258)
	at org.gradle.internal.work.DefaultWorkerLeaseService.runAsWorkerThread(DefaultWorkerLeaseService.java:125)
	at org.gradle.internal.operations.DefaultBuildOperationQueue$WorkerRunnable.runBatch(DefaultBuildOperationQueue.java:244)
	at org.gradle.internal.operations.DefaultBuildOperationQueue$WorkerRunnable.runOperations(DefaultBuildOperationQueue.java:212)
	at org.gradle.internal.operations.CurrentBuildOperationRef.with(CurrentBuildOperationRef.java:84)
	at org.gradle.internal.operations.DefaultBuildOperationQueue$WorkerRunnable.run(DefaultBuildOperationQueue.java:205)
	at org.gradle.internal.operations.DefaultBuildOperationQueue.waitForCompletion(DefaultBuildOperationQueue.java:114)
	at org.gradle.internal.operations.DefaultBuildOperationExecutor.executeInParallel(DefaultBuildOperationExecutor.java:115)
	at org.gradle.internal.operations.DefaultBuildOperationExecutor.runAll(DefaultBuildOperationExecutor.java:64)
	at org.gradle.api.internal.artifacts.ivyservice.resolveengine.artifact.ParallelResolveArtifactSet$VisitingSet.visit(ParallelResolveArtifactSet.java:66)
	at org.gradle.api.internal.artifacts.ivyservice.resolveengine.artifact.ResolvedArtifactSetResolver$1.run(ResolvedArtifactSetResolver.java:68)
	at org.gradle.internal.operations.DefaultBuildOperationRunner$1.execute(DefaultBuildOperationRunner.java:29)
	at org.gradle.internal.operations.DefaultBuildOperationRunner$1.execute(DefaultBuildOperationRunner.java:26)
	at org.gradle.internal.operations.DefaultBuildOperationRunner$2.execute(DefaultBuildOperationRunner.java:66)
	at org.gradle.internal.operations.DefaultBuildOperationRunner$2.execute(DefaultBuildOperationRunner.java:59)
	at org.gradle.internal.operations.DefaultBuildOperationRunner.execute(DefaultBuildOperationRunner.java:166)
	at org.gradle.internal.operations.DefaultBuildOperationRunner.execute(DefaultBuildOperationRunner.java:59)
	at org.gradle.internal.operations.DefaultBuildOperationRunner.run(DefaultBuildOperationRunner.java:47)
	at org.gradle.api.internal.artifacts.ivyservice.resolveengine.artifact.ResolvedArtifactSetResolver.visitArtifacts(ResolvedArtifactSetResolver.java:65)
	at org.gradle.api.internal.artifacts.ivyservice.resolveengine.artifact.ResolvedArtifactSetResolver.lambda$visitInUnmanagedWorkerThread$0(ResolvedArtifactSetResolver.java:61)
	at org.gradle.internal.work.DefaultWorkerLeaseService.runAsUnmanagedWorkerThread(DefaultWorkerLeaseService.java:139)
	at org.gradle.api.internal.artifacts.ivyservice.resolveengine.artifact.ResolvedArtifactSetResolver.visitInUnmanagedWorkerThread(ResolvedArtifactSetResolver.java:61)
	at org.gradle.api.internal.artifacts.ivyservice.resolveengine.artifact.DefaultSelectedArtifactSet.visitArtifacts(DefaultSelectedArtifactSet.java:59)
	at org.gradle.api.internal.artifacts.configurations.ResolutionResultProviderBackedSelectedArtifactSet.visitArtifacts(ResolutionResultProviderBackedSelectedArtifactSet.java:52)
	at org.gradle.api.internal.artifacts.configurations.DefaultArtifactCollection.lambda$new$0(DefaultArtifactCollection.java:61)
	at org.gradle.internal.model.CalculatedValueContainerFactory$SupplierBackedCalculator.calculateValue(CalculatedValueContainerFactory.java:69)
	at org.gradle.internal.model.CalculatedValueContainer$CalculationState.lambda$attachValue$0(CalculatedValueContainer.java:227)
	at org.gradle.internal.Try.ofFailable(Try.java:46)
	at org.gradle.internal.model.CalculatedValueContainer$CalculationState.attachValue(CalculatedValueContainer.java:222)
	at org.gradle.internal.model.CalculatedValueContainer.finalizeIfNotAlready(CalculatedValueContainer.java:195)
	at org.gradle.internal.model.CalculatedValueContainer.finalizeIfNotAlready(CalculatedValueContainer.java:186)
	at org.gradle.api.internal.artifacts.configurations.DefaultArtifactCollection.ensureResolved(DefaultArtifactCollection.java:123)
	at org.gradle.api.internal.artifacts.configurations.DefaultArtifactCollection.getArtifacts(DefaultArtifactCollection.java:95)
	at org.gradle.api.internal.initialization.transform.utils.InstrumentationClasspathMerger.mergeToClasspath(InstrumentationClasspathMerger.java:52)
	at org.gradle.api.internal.initialization.DefaultScriptClassPathResolver.resolveClassPath(DefaultScriptClassPathResolver.java:155)
	at org.gradle.api.internal.initialization.DefaultBuildLogicBuilder.lambda$resolveClassPath$0(DefaultBuildLogicBuilder.java:64)
	at org.gradle.api.internal.initialization.DefaultBuildLogicBuildQueue.build(DefaultBuildLogicBuildQueue.java:69)
	at org.gradle.api.internal.initialization.DefaultBuildLogicBuilder.resolveClassPath(DefaultBuildLogicBuilder.java:61)
	at org.gradle.api.internal.initialization.DefaultScriptHandler.lambda$getInstrumentedScriptClassPath$0(DefaultScriptHandler.java:108)
	at org.gradle.api.internal.artifacts.configurations.DefaultConfiguration.callAndResetResolutionState(DefaultConfiguration.java:758)
	at org.gradle.api.internal.initialization.DefaultScriptHandler.getInstrumentedScriptClassPath(DefaultScriptHandler.java:112)
	at org.gradle.plugin.use.internal.DefaultPluginRequestApplicator.applyPlugins(DefaultPluginRequestApplicator.java:87)
	at org.gradle.configuration.DefaultScriptPluginFactory$ScriptPluginImpl.apply(DefaultScriptPluginFactory.java:123)
	at org.gradle.configuration.BuildOperationScriptPlugin$1.run(BuildOperationScriptPlugin.java:68)
	at org.gradle.internal.operations.DefaultBuildOperationRunner$1.execute(DefaultBuildOperationRunner.java:29)
	at org.gradle.internal.operations.DefaultBuildOperationRunner$1.execute(DefaultBuildOperationRunner.java:26)
	at org.gradle.internal.operations.DefaultBuildOperationRunner$2.execute(DefaultBuildOperationRunner.java:66)
	at org.gradle.internal.operations.DefaultBuildOperationRunner$2.execute(DefaultBuildOperationRunner.java:59)
	at org.gradle.internal.operations.DefaultBuildOperationRunner.execute(DefaultBuildOperationRunner.java:166)
	at org.gradle.internal.operations.DefaultBuildOperationRunner.execute(DefaultBuildOperationRunner.java:59)
	at org.gradle.internal.operations.DefaultBuildOperationRunner.run(DefaultBuildOperationRunner.java:47)
	at org.gradle.configuration.BuildOperationScriptPlugin.lambda$apply$0(BuildOperationScriptPlugin.java:65)
	at org.gradle.internal.code.DefaultUserCodeApplicationContext.apply(DefaultUserCodeApplicationContext.java:44)
	at org.gradle.configuration.BuildOperationScriptPlugin.apply(BuildOperationScriptPlugin.java:65)
	at org.gradle.api.internal.project.DefaultProjectStateRegistry$ProjectStateImpl.lambda$applyToMutableState$0(DefaultProjectStateRegistry.java:443)
	at org.gradle.api.internal.project.DefaultProjectStateRegistry$ProjectStateImpl.lambda$fromMutableState$1(DefaultProjectStateRegistry.java:450)
	at org.gradle.api.internal.project.DefaultProjectStateRegistry$ProjectStateImpl.runWithModelLock(DefaultProjectStateRegistry.java:466)
	at org.gradle.api.internal.project.DefaultProjectStateRegistry$ProjectStateImpl.fromMutableState(DefaultProjectStateRegistry.java:450)
	at org.gradle.api.internal.project.DefaultProjectStateRegistry$ProjectStateImpl.applyToMutableState(DefaultProjectStateRegistry.java:442)
	at org.gradle.configuration.project.BuildScriptProcessor.execute(BuildScriptProcessor.java:46)
	at org.gradle.configuration.project.BuildScriptProcessor.execute(BuildScriptProcessor.java:27)
	at org.gradle.configuration.project.ConfigureActionsProjectEvaluator.evaluate(ConfigureActionsProjectEvaluator.java:35)
	at org.gradle.configuration.project.LifecycleProjectEvaluator$EvaluateProject.lambda$run$0(LifecycleProjectEvaluator.java:109)
	at org.gradle.api.internal.project.DefaultProjectStateRegistry$ProjectStateImpl.lambda$applyToMutableState$0(DefaultProjectStateRegistry.java:443)
	at org.gradle.api.internal.project.DefaultProjectStateRegistry$ProjectStateImpl.lambda$fromMutableState$1(DefaultProjectStateRegistry.java:450)
	at org.gradle.internal.work.DefaultWorkerLeaseService.lambda$withLocksAcquired$0(DefaultWorkerLeaseService.java:269)
	at org.gradle.internal.work.ResourceLockStatistics$1.measure(ResourceLockStatistics.java:42)
	at org.gradle.internal.work.DefaultWorkerLeaseService.withLocksAcquired(DefaultWorkerLeaseService.java:267)
	at org.gradle.internal.work.DefaultWorkerLeaseService.lambda$withReplacedLocks$3(DefaultWorkerLeaseService.java:365)
	at org.gradle.internal.work.DefaultWorkerLeaseService.withoutLocks(DefaultWorkerLeaseService.java:337)
	at org.gradle.internal.work.DefaultWorkerLeaseService.withReplacedLocks(DefaultWorkerLeaseService.java:364)
	at org.gradle.api.internal.project.DefaultProjectStateRegistry$ProjectStateImpl.runWithModelLock(DefaultProjectStateRegistry.java:471)
	at org.gradle.api.internal.project.DefaultProjectStateRegistry$ProjectStateImpl.fromMutableState(DefaultProjectStateRegistry.java:450)
	at org.gradle.api.internal.project.DefaultProjectStateRegistry$ProjectStateImpl.applyToMutableState(DefaultProjectStateRegistry.java:442)
	at org.gradle.configuration.project.LifecycleProjectEvaluator$EvaluateProject.run(LifecycleProjectEvaluator.java:100)
	at org.gradle.internal.operations.DefaultBuildOperationRunner$1.execute(DefaultBuildOperationRunner.java:29)
	at org.gradle.internal.operations.DefaultBuildOperationRunner$1.execute(DefaultBuildOperationRunner.java:26)
	at org.gradle.internal.operations.DefaultBuildOperationRunner$2.execute(DefaultBuildOperationRunner.java:66)
	at org.gradle.internal.operations.DefaultBuildOperationRunner$2.execute(DefaultBuildOperationRunner.java:59)
	at org.gradle.internal.operations.DefaultBuildOperationRunner.execute(DefaultBuildOperationRunner.java:166)
	at org.gradle.internal.operations.DefaultBuildOperationRunner.execute(DefaultBuildOperationRunner.java:59)
	at org.gradle.internal.operations.DefaultBuildOperationRunner.run(DefaultBuildOperationRunner.java:47)
	at org.gradle.configuration.project.LifecycleProjectEvaluator.evaluate(LifecycleProjectEvaluator.java:72)
	at org.gradle.api.internal.project.DefaultProject.evaluateUnchecked(DefaultProject.java:796)
	at org.gradle.api.internal.project.ProjectLifecycleController.lambda$ensureSelfConfigured$2(ProjectLifecycleController.java:93)
	at org.gradle.internal.model.StateTransitionController.lambda$doTransition$14(StateTransitionController.java:265)
	at org.gradle.internal.model.StateTransitionController.doTransition(StateTransitionController.java:276)
	at org.gradle.internal.model.StateTransitionController.doTransition(StateTransitionController.java:264)
	at org.gradle.internal.model.StateTransitionController.lambda$maybeTransitionIfNotCurrentlyTransitioning$10(StateTransitionController.java:209)
	at org.gradle.internal.work.DefaultSynchronizer.withLock(DefaultSynchronizer.java:35)
	at org.gradle.internal.model.StateTransitionController.maybeTransitionIfNotCurrentlyTransitioning(StateTransitionController.java:205)
	at org.gradle.api.internal.project.ProjectLifecycleController.ensureSelfConfigured(ProjectLifecycleController.java:93)
	at org.gradle.api.internal.project.DefaultProjectStateRegistry$ProjectStateImpl.ensureConfigured(DefaultProjectStateRegistry.java:408)
	at org.gradle.execution.TaskPathProjectEvaluator.configure(TaskPathProjectEvaluator.java:71)
	at org.gradle.execution.TaskPathProjectEvaluator.configureHierarchy(TaskPathProjectEvaluator.java:87)
	at org.gradle.configuration.DefaultProjectsPreparer.prepareProjects(DefaultProjectsPreparer.java:50)
	at org.gradle.configuration.BuildTreePreparingProjectsPreparer.prepareProjects(BuildTreePreparingProjectsPreparer.java:65)
	at org.gradle.configuration.BuildOperationFiringProjectsPreparer$ConfigureBuild.run(BuildOperationFiringProjectsPreparer.java:52)
	at org.gradle.internal.operations.DefaultBuildOperationRunner$1.execute(DefaultBuildOperationRunner.java:29)
	at org.gradle.internal.operations.DefaultBuildOperationRunner$1.execute(DefaultBuildOperationRunner.java:26)
	at org.gradle.internal.operations.DefaultBuildOperationRunner$2.execute(DefaultBuildOperationRunner.java:66)
	at org.gradle.internal.operations.DefaultBuildOperationRunner$2.execute(DefaultBuildOperationRunner.java:59)
	at org.gradle.internal.operations.DefaultBuildOperationRunner.execute(DefaultBuildOperationRunner.java:166)
	at org.gradle.internal.operations.DefaultBuildOperationRunner.execute(DefaultBuildOperationRunner.java:59)
	at org.gradle.internal.operations.DefaultBuildOperationRunner.run(DefaultBuildOperationRunner.java:47)
	at org.gradle.configuration.BuildOperationFiringProjectsPreparer.prepareProjects(BuildOperationFiringProjectsPreparer.java:40)
	at org.gradle.initialization.VintageBuildModelController.lambda$prepareProjects$2(VintageBuildModelController.java:83)
	at org.gradle.internal.model.StateTransitionController.lambda$doTransition$14(StateTransitionController.java:265)
	at org.gradle.internal.model.StateTransitionController.doTransition(StateTransitionController.java:276)
	at org.gradle.internal.model.StateTransitionController.doTransition(StateTransitionController.java:264)
	at org.gradle.internal.model.StateTransitionController.lambda$transitionIfNotPreviously$11(StateTransitionController.java:223)
	at org.gradle.internal.work.DefaultSynchronizer.withLock(DefaultSynchronizer.java:35)
	at org.gradle.internal.model.StateTransitionController.transitionIfNotPreviously(StateTransitionController.java:219)
	at org.gradle.initialization.VintageBuildModelController.prepareProjects(VintageBuildModelController.java:83)
	at org.gradle.initialization.VintageBuildModelController.prepareToScheduleTasks(VintageBuildModelController.java:70)
	at org.gradle.internal.build.DefaultBuildLifecycleController.lambda$prepareToScheduleTasks$6(DefaultBuildLifecycleController.java:175)
	at org.gradle.internal.model.StateTransitionController.lambda$doTransition$14(StateTransitionController.java:265)
	at org.gradle.internal.model.StateTransitionController.doTransition(StateTransitionController.java:276)
	at org.gradle.internal.model.StateTransitionController.doTransition(StateTransitionController.java:264)
	at org.gradle.internal.model.StateTransitionController.lambda$maybeTransition$9(StateTransitionController.java:200)
	at org.gradle.internal.work.DefaultSynchronizer.withLock(DefaultSynchronizer.java:35)
	at org.gradle.internal.model.StateTransitionController.maybeTransition(StateTransitionController.java:196)
	at org.gradle.internal.build.DefaultBuildLifecycleController.prepareToScheduleTasks(DefaultBuildLifecycleController.java:173)
	at org.gradle.internal.buildtree.DefaultBuildTreeWorkPreparer.scheduleRequestedTasks(DefaultBuildTreeWorkPreparer.java:35)
	at org.gradle.internal.cc.impl.barrier.BarrierAwareBuildTreeWorkPreparer.scheduleRequestedTasks$lambda$0(BarrierAwareBuildTreeWorkPreparer.kt:34)
	at org.gradle.internal.cc.impl.barrier.VintageConfigurationTimeActionRunner.runConfigurationTimeAction(VintageConfigurationTimeActionRunner.kt:48)
	at org.gradle.internal.cc.impl.barrier.BarrierAwareBuildTreeWorkPreparer.scheduleRequestedTasks(BarrierAwareBuildTreeWorkPreparer.kt:33)
	at org.gradle.internal.cc.impl.VintageBuildTreeWorkController$scheduleAndRunRequestedTasks$1.apply(VintageBuildTreeWorkController.kt:36)
	at org.gradle.internal.cc.impl.VintageBuildTreeWorkController$scheduleAndRunRequestedTasks$1.apply(VintageBuildTreeWorkController.kt:35)
	at org.gradle.composite.internal.DefaultIncludedBuildTaskGraph.withNewWorkGraph(DefaultIncludedBuildTaskGraph.java:114)
	at org.gradle.internal.cc.impl.VintageBuildTreeWorkController.scheduleAndRunRequestedTasks(VintageBuildTreeWorkController.kt:35)
	at org.gradle.internal.buildtree.DefaultBuildTreeLifecycleController.lambda$scheduleAndRunTasks$1(DefaultBuildTreeLifecycleController.java:77)
	at org.gradle.internal.buildtree.DefaultBuildTreeLifecycleController.lambda$runBuild$4(DefaultBuildTreeLifecycleController.java:120)
	at org.gradle.internal.model.StateTransitionController.lambda$transition$6(StateTransitionController.java:179)
	at org.gradle.internal.model.StateTransitionController.doTransition(StateTransitionController.java:276)
	at org.gradle.internal.model.StateTransitionController.lambda$transition$7(StateTransitionController.java:179)
	at org.gradle.internal.work.DefaultSynchronizer.withLock(DefaultSynchronizer.java:45)
	at org.gradle.internal.model.StateTransitionController.transition(StateTransitionController.java:179)
	at org.gradle.internal.buildtree.DefaultBuildTreeLifecycleController.runBuild(DefaultBuildTreeLifecycleController.java:117)
	at org.gradle.internal.buildtree.DefaultBuildTreeLifecycleController.scheduleAndRunTasks(DefaultBuildTreeLifecycleController.java:77)
	at org.gradle.internal.buildtree.DefaultBuildTreeLifecycleController.scheduleAndRunTasks(DefaultBuildTreeLifecycleController.java:72)
	at org.gradle.tooling.internal.provider.ExecuteBuildActionRunner.run(ExecuteBuildActionRunner.java:31)
	at org.gradle.launcher.exec.ChainingBuildActionRunner.run(ChainingBuildActionRunner.java:35)
	at org.gradle.internal.buildtree.ProblemReportingBuildActionRunner.run(ProblemReportingBuildActionRunner.java:54)
	at org.gradle.launcher.exec.BuildOutcomeReportingBuildActionRunner.run(BuildOutcomeReportingBuildActionRunner.java:83)
	at org.gradle.tooling.internal.provider.FileSystemWatchingBuildActionRunner.run(FileSystemWatchingBuildActionRunner.java:135)
	at org.gradle.launcher.exec.BuildCompletionNotifyingBuildActionRunner.run(BuildCompletionNotifyingBuildActionRunner.java:54)
	at org.gradle.launcher.exec.RootBuildLifecycleBuildActionExecutor.lambda$execute$0(RootBuildLifecycleBuildActionExecutor.java:101)
	at org.gradle.composite.internal.DefaultRootBuildState.run(DefaultRootBuildState.java:126)
	at org.gradle.launcher.exec.RootBuildLifecycleBuildActionExecutor.execute(RootBuildLifecycleBuildActionExecutor.java:101)
	at org.gradle.launcher.exec.BuildTreeLifecycleBuildActionExecutor.runRootBuildAction(BuildTreeLifecycleBuildActionExecutor.java:98)
	at org.gradle.launcher.exec.BuildTreeLifecycleBuildActionExecutor.execute(BuildTreeLifecycleBuildActionExecutor.java:69)
	at org.gradle.launcher.exec.RunAsBuildOperationBuildActionExecutor$2.call(RunAsBuildOperationBuildActionExecutor.java:65)
	at org.gradle.launcher.exec.RunAsBuildOperationBuildActionExecutor$2.call(RunAsBuildOperationBuildActionExecutor.java:61)
	at org.gradle.internal.operations.DefaultBuildOperationRunner$CallableBuildOperationWorker.execute(DefaultBuildOperationRunner.java:209)
	at org.gradle.internal.operations.DefaultBuildOperationRunner$CallableBuildOperationWorker.execute(DefaultBuildOperationRunner.java:204)
	at org.gradle.internal.operations.DefaultBuildOperationRunner$2.execute(DefaultBuildOperationRunner.java:66)
	at org.gradle.internal.operations.DefaultBuildOperationRunner$2.execute(DefaultBuildOperationRunner.java:59)
	at org.gradle.internal.operations.DefaultBuildOperationRunner.execute(DefaultBuildOperationRunner.java:166)
	at org.gradle.internal.operations.DefaultBuildOperationRunner.execute(DefaultBuildOperationRunner.java:59)
	at org.gradle.internal.operations.DefaultBuildOperationRunner.call(DefaultBuildOperationRunner.java:53)
	at org.gradle.launcher.exec.RunAsBuildOperationBuildActionExecutor.execute(RunAsBuildOperationBuildActionExecutor.java:61)
	at org.gradle.launcher.exec.RunAsWorkerThreadBuildActionExecutor.lambda$execute$0(RunAsWorkerThreadBuildActionExecutor.java:36)
	at org.gradle.internal.work.DefaultWorkerLeaseService.lambda$withLocksAcquired$0(DefaultWorkerLeaseService.java:269)
	at org.gradle.internal.work.ResourceLockStatistics$1.measure(ResourceLockStatistics.java:42)
	at org.gradle.internal.work.DefaultWorkerLeaseService.withLocksAcquired(DefaultWorkerLeaseService.java:267)
	at org.gradle.internal.work.DefaultWorkerLeaseService.withLocks(DefaultWorkerLeaseService.java:259)
	at org.gradle.internal.work.DefaultWorkerLeaseService.runAsWorkerThread(DefaultWorkerLeaseService.java:127)
	at org.gradle.launcher.exec.RunAsWorkerThreadBuildActionExecutor.execute(RunAsWorkerThreadBuildActionExecutor.java:36)
	at org.gradle.tooling.internal.provider.continuous.ContinuousBuildActionExecutor.execute(ContinuousBuildActionExecutor.java:110)
	at org.gradle.tooling.internal.provider.SubscribableBuildActionExecutor.execute(SubscribableBuildActionExecutor.java:64)
	at org.gradle.internal.session.DefaultBuildSessionContext.execute(DefaultBuildSessionContext.java:46)
	at org.gradle.internal.buildprocess.execution.BuildSessionLifecycleBuildActionExecutor$ActionImpl.apply(BuildSessionLifecycleBuildActionExecutor.java:106)
	at org.gradle.internal.buildprocess.execution.BuildSessionLifecycleBuildActionExecutor$ActionImpl.apply(BuildSessionLifecycleBuildActionExecutor.java:94)
	at org.gradle.internal.session.BuildSessionState.run(BuildSessionState.java:73)
	at org.gradle.internal.buildprocess.execution.BuildSessionLifecycleBuildActionExecutor.execute(BuildSessionLifecycleBuildActionExecutor.java:67)
	at org.gradle.internal.buildprocess.execution.BuildSessionLifecycleBuildActionExecutor.execute(BuildSessionLifecycleBuildActionExecutor.java:45)
	at org.gradle.internal.buildprocess.execution.StartParamsValidatingActionExecutor.execute(StartParamsValidatingActionExecutor.java:57)
	at org.gradle.internal.buildprocess.execution.StartParamsValidatingActionExecutor.execute(StartParamsValidatingActionExecutor.java:32)
	at org.gradle.internal.buildprocess.execution.SessionFailureReportingActionExecutor.execute(SessionFailureReportingActionExecutor.java:51)
	at org.gradle.internal.buildprocess.execution.SessionFailureReportingActionExecutor.execute(SessionFailureReportingActionExecutor.java:39)
	at org.gradle.internal.buildprocess.execution.SetupLoggingActionExecutor.execute(SetupLoggingActionExecutor.java:47)
	at org.gradle.internal.buildprocess.execution.SetupLoggingActionExecutor.execute(SetupLoggingActionExecutor.java:31)
	at org.gradle.launcher.daemon.server.exec.ExecuteBuild.doBuild(ExecuteBuild.java:70)
	at org.gradle.launcher.daemon.server.exec.BuildCommandOnly.execute(BuildCommandOnly.java:37)
	at org.gradle.launcher.daemon.server.api.DaemonCommandExecution.proceed(DaemonCommandExecution.java:104)
	at org.gradle.launcher.daemon.server.exec.WatchForDisconnection.execute(WatchForDisconnection.java:39)
	at org.gradle.launcher.daemon.server.api.DaemonCommandExecution.proceed(DaemonCommandExecution.java:104)
	at org.gradle.launcher.daemon.server.exec.ResetDeprecationLogger.execute(ResetDeprecationLogger.java:29)
	at org.gradle.launcher.daemon.server.api.DaemonCommandExecution.proceed(DaemonCommandExecution.java:104)
	at org.gradle.launcher.daemon.server.exec.RequestStopIfSingleUsedDaemon.execute(RequestStopIfSingleUsedDaemon.java:35)
	at org.gradle.launcher.daemon.server.api.DaemonCommandExecution.proceed(DaemonCommandExecution.java:104)
	at org.gradle.launcher.daemon.server.exec.ForwardClientInput.lambda$execute$0(ForwardClientInput.java:40)
	at org.gradle.internal.daemon.clientinput.ClientInputForwarder.forwardInput(ClientInputForwarder.java:80)
	at org.gradle.launcher.daemon.server.exec.ForwardClientInput.execute(ForwardClientInput.java:37)
	at org.gradle.launcher.daemon.server.api.DaemonCommandExecution.proceed(DaemonCommandExecution.java:104)
	at org.gradle.launcher.daemon.server.exec.LogAndCheckHealth.execute(LogAndCheckHealth.java:53)
	at org.gradle.launcher.daemon.server.api.DaemonCommandExecution.proceed(DaemonCommandExecution.java:104)
	at org.gradle.launcher.daemon.server.exec.LogToClient.doBuild(LogToClient.java:63)
	at org.gradle.launcher.daemon.server.exec.BuildCommandOnly.execute(BuildCommandOnly.java:37)
	at org.gradle.launcher.daemon.server.api.DaemonCommandExecution.proceed(DaemonCommandExecution.java:104)
	at org.gradle.launcher.daemon.server.exec.EstablishBuildEnvironment.doBuild(EstablishBuildEnvironment.java:84)
	at org.gradle.launcher.daemon.server.exec.BuildCommandOnly.execute(BuildCommandOnly.java:37)
	at org.gradle.launcher.daemon.server.api.DaemonCommandExecution.proceed(DaemonCommandExecution.java:104)
	at org.gradle.launcher.daemon.server.exec.StartBuildOrRespondWithBusy$1.run(StartBuildOrRespondWithBusy.java:52)
	at org.gradle.launcher.daemon.server.DaemonStateCoordinator.lambda$runCommand$0(DaemonStateCoordinator.java:321)
	at org.gradle.internal.concurrent.ExecutorPolicy$CatchAndRecordFailures.onExecute(ExecutorPolicy.java:64)
	at org.gradle.internal.concurrent.AbstractManagedExecutor$1.run(AbstractManagedExecutor.java:47)
	at java.base/java.util.concurrent.ThreadPoolExecutor.runWorker(ThreadPoolExecutor.java:1136)
	at java.base/java.util.concurrent.ThreadPoolExecutor$Worker.run(ThreadPoolExecutor.java:635)
	at java.base/java.lang.Thread.run(Thread.java:840)
Caused by: org.gradle.api.resources.ResourceException: Could not get resource 'https://maven.myket.ir/com/android/tools/build/bundletool/1.15.2/bundletool-1.15.2.jar'.
	at org.gradle.internal.resource.ResourceExceptions.failure(ResourceExceptions.java:74)
	at org.gradle.internal.resource.ResourceExceptions.getFailed(ResourceExceptions.java:57)
	at org.gradle.api.internal.artifacts.repositories.resolver.DefaultExternalResourceArtifactResolver.downloadByCoords(DefaultExternalResourceArtifactResolver.java:154)
	at org.gradle.api.internal.artifacts.repositories.resolver.DefaultExternalResourceArtifactResolver.downloadStaticResource(DefaultExternalResourceArtifactResolver.java:94)
	at org.gradle.api.internal.artifacts.repositories.resolver.DefaultExternalResourceArtifactResolver.resolveArtifact(DefaultExternalResourceArtifactResolver.java:62)
	at org.gradle.api.internal.artifacts.repositories.resolver.ExternalResourceResolver$RemoteRepositoryAccess.resolveArtifact(ExternalResourceResolver.java:492)
	... 235 more
Caused by: org.gradle.internal.resource.transport.http.HttpRequestException: Could not GET 'https://maven.myket.ir/com/android/tools/build/bundletool/1.15.2/bundletool-1.15.2.jar'.
	at org.gradle.internal.resource.transport.http.HttpClientHelper.createHttpRequestException(HttpClientHelper.java:123)
	at org.gradle.internal.resource.transport.http.HttpClientHelper.performRequest(HttpClientHelper.java:117)
	at org.gradle.internal.resource.transport.http.HttpClientHelper.performRawGet(HttpClientHelper.java:99)
	at org.gradle.internal.resource.transport.http.HttpClientHelper.performGet(HttpClientHelper.java:104)
	at org.gradle.internal.resource.transport.http.HttpResourceAccessor.openResource(HttpResourceAccessor.java:45)
	at org.gradle.internal.resource.transport.http.HttpResourceAccessor.openResource(HttpResourceAccessor.java:30)
	at org.gradle.internal.resource.transfer.AbstractExternalResourceAccessor.withContent(AbstractExternalResourceAccessor.java:32)
	at org.gradle.internal.resource.transfer.DefaultExternalResourceConnector.withContent(DefaultExternalResourceConnector.java:59)
	at org.gradle.internal.resource.transfer.ProgressLoggingExternalResourceAccessor$DownloadOperation.call(ProgressLoggingExternalResourceAccessor.java:136)
	at org.gradle.internal.operations.DefaultBuildOperationRunner$CallableBuildOperationWorker.execute(DefaultBuildOperationRunner.java:209)
	at org.gradle.internal.operations.DefaultBuildOperationRunner$CallableBuildOperationWorker.execute(DefaultBuildOperationRunner.java:204)
	at org.gradle.internal.operations.DefaultBuildOperationRunner$2.execute(DefaultBuildOperationRunner.java:66)
	at org.gradle.internal.operations.DefaultBuildOperationRunner$2.execute(DefaultBuildOperationRunner.java:59)
	at org.gradle.internal.operations.DefaultBuildOperationRunner.execute(DefaultBuildOperationRunner.java:166)
	at org.gradle.internal.operations.DefaultBuildOperationRunner.execute(DefaultBuildOperationRunner.java:59)
	at org.gradle.internal.operations.DefaultBuildOperationRunner.call(DefaultBuildOperationRunner.java:53)
	at org.gradle.internal.resource.transfer.ProgressLoggingExternalResourceAccessor.withContent(ProgressLoggingExternalResourceAccessor.java:49)
	at org.gradle.internal.resource.transfer.AccessorBackedExternalResource.withContentIfPresent(AccessorBackedExternalResource.java:103)
	at org.gradle.internal.resource.transfer.DefaultCacheAwareExternalResourceAccessor.copyToCache(DefaultCacheAwareExternalResourceAccessor.java:188)
	at org.gradle.internal.resource.transfer.DefaultCacheAwareExternalResourceAccessor.lambda$getResource$1(DefaultCacheAwareExternalResourceAccessor.java:86)
	at org.gradle.cache.internal.ProducerGuard$AdaptiveProducerGuard.guardByKey(ProducerGuard.java:97)
	at org.gradle.internal.resource.transfer.DefaultCacheAwareExternalResourceAccessor.getResource(DefaultCacheAwareExternalResourceAccessor.java:80)
	at org.gradle.api.internal.artifacts.repositories.resolver.DefaultExternalResourceArtifactResolver.downloadByCoords(DefaultExternalResourceArtifactResolver.java:149)
	... 238 more
Caused by: java.net.UnknownHostException: maven.myket.ir
	at java.base/java.net.InetAddress$CachedAddresses.get(InetAddress.java:801)
	at java.base/java.net.InetAddress.getAllByName0(InetAddress.java:1533)
	at java.base/java.net.InetAddress.getAllByName(InetAddress.java:1385)
	at java.base/java.net.InetAddress.getAllByName(InetAddress.java:1306)
	at org.apache.http.impl.conn.SystemDefaultDnsResolver.resolve(SystemDefaultDnsResolver.java:45)
	at org.apache.http.impl.conn.DefaultHttpClientConnectionOperator.connect(DefaultHttpClientConnectionOperator.java:112)
	at org.apache.http.impl.conn.PoolingHttpClientConnectionManager.connect(PoolingHttpClientConnectionManager.java:376)
	at org.apache.http.impl.execchain.MainClientExec.establishRoute(MainClientExec.java:393)
	at org.apache.http.impl.execchain.MainClientExec.execute(MainClientExec.java:236)
	at org.apache.http.impl.execchain.ProtocolExec.execute(ProtocolExec.java:186)
	at org.apache.http.impl.execchain.RetryExec.execute(RetryExec.java:89)
	at org.apache.http.impl.execchain.RedirectExec.execute(RedirectExec.java:110)
	at org.apache.http.impl.client.InternalHttpClient.doExecute(InternalHttpClient.java:185)
	at org.apache.http.impl.client.CloseableHttpClient.execute(CloseableHttpClient.java:83)
	at org.gradle.internal.resource.transport.http.HttpClientHelper.performHttpRequest(HttpClientHelper.java:200)
	at org.gradle.internal.resource.transport.http.HttpClientHelper.performHttpRequest(HttpClientHelper.java:176)
	at org.gradle.internal.resource.transport.http.HttpClientHelper.executeGetOrHead(HttpClientHelper.java:165)
	at org.gradle.internal.resource.transport.http.HttpClientHelper.performRequest(HttpClientHelper.java:113)
	... 259 more
Cause 4: org.gradle.internal.resolve.ArtifactResolveException: Could not download protos-31.2.1.jar (com.android.tools.analytics-library:protos:31.2.1)
	at org.gradle.api.internal.artifacts.repositories.resolver.ExternalResourceResolver$RemoteRepositoryAccess.resolveArtifact(ExternalResourceResolver.java:499)
	at org.gradle.api.internal.artifacts.ivyservice.ivyresolve.CachingModuleComponentRepository$ResolveAndCacheRepositoryAccess.resolveArtifact(CachingModuleComponentRepository.java:470)
	at org.gradle.api.internal.artifacts.ivyservice.ivyresolve.ErrorHandlingModuleComponentRepository$ErrorHandlingModuleComponentRepositoryAccess.lambda$resolveArtifact$12(ErrorHandlingModuleComponentRepository.java:180)
	at org.gradle.api.internal.artifacts.ivyservice.ivyresolve.ErrorHandlingModuleComponentRepository$ErrorHandlingModuleComponentRepositoryAccess.tryResolveAndMaybeDisable(ErrorHandlingModuleComponentRepository.java:251)
	at org.gradle.api.internal.artifacts.ivyservice.ivyresolve.ErrorHandlingModuleComponentRepository$ErrorHandlingModuleComponentRepositoryAccess.performOperationWithRetries(ErrorHandlingModuleComponentRepository.java:204)
	at org.gradle.api.internal.artifacts.ivyservice.ivyresolve.ErrorHandlingModuleComponentRepository$ErrorHandlingModuleComponentRepositoryAccess.resolveArtifact(ErrorHandlingModuleComponentRepository.java:178)
	at org.gradle.api.internal.artifacts.ivyservice.ivyresolve.RepositoryChainArtifactResolver.resolveArtifactLater(RepositoryChainArtifactResolver.java:75)
	at org.gradle.api.internal.artifacts.ivyservice.ivyresolve.RepositoryChainArtifactResolver.lambda$resolveArtifact$0(RepositoryChainArtifactResolver.java:63)
	at org.gradle.internal.model.CalculatedValueContainerFactory$SupplierBackedCalculator.calculateValue(CalculatedValueContainerFactory.java:69)
	at org.gradle.internal.model.CalculatedValueContainer$CalculationState.lambda$attachValue$0(CalculatedValueContainer.java:227)
	at org.gradle.internal.Try.ofFailable(Try.java:46)
	at org.gradle.internal.model.CalculatedValueContainer$CalculationState.attachValue(CalculatedValueContainer.java:222)
	at org.gradle.internal.model.CalculatedValueContainer.finalizeIfNotAlready(CalculatedValueContainer.java:195)
	at org.gradle.internal.model.CalculatedValueContainer.finalizeIfNotAlready(CalculatedValueContainer.java:186)
	at org.gradle.api.internal.artifacts.ivyservice.resolveengine.artifact.ArtifactBackedResolvedVariant$DownloadArtifactFile.run(ArtifactBackedResolvedVariant.java:208)
	at org.gradle.internal.operations.DefaultBuildOperationRunner$2.execute(DefaultBuildOperationRunner.java:66)
	at org.gradle.internal.operations.DefaultBuildOperationRunner$2.execute(DefaultBuildOperationRunner.java:59)
	at org.gradle.internal.operations.DefaultBuildOperationRunner.execute(DefaultBuildOperationRunner.java:166)
	at org.gradle.internal.operations.DefaultBuildOperationRunner.execute(DefaultBuildOperationRunner.java:59)
	at org.gradle.internal.operations.DefaultBuildOperationExecutor.lambda$executeInParallel$0(DefaultBuildOperationExecutor.java:102)
	at org.gradle.internal.operations.DefaultBuildOperationQueue$WorkerRunnable.runOperation(DefaultBuildOperationQueue.java:292)
	at org.gradle.internal.operations.DefaultBuildOperationQueue$WorkerRunnable.doRunBatch(DefaultBuildOperationQueue.java:273)
	at org.gradle.internal.operations.DefaultBuildOperationQueue$WorkerRunnable.lambda$runBatch$0(DefaultBuildOperationQueue.java:258)
	at org.gradle.internal.resources.AbstractResourceLockRegistry.whileDisallowingLockChanges(AbstractResourceLockRegistry.java:50)
	at org.gradle.internal.work.DefaultWorkerLeaseService.whileDisallowingProjectLockChanges(DefaultWorkerLeaseService.java:233)
	at org.gradle.internal.operations.DefaultBuildOperationQueue$WorkerRunnable.lambda$runBatch$1(DefaultBuildOperationQueue.java:258)
	at org.gradle.internal.work.DefaultWorkerLeaseService.lambda$withLocksAcquired$0(DefaultWorkerLeaseService.java:269)
	at org.gradle.internal.work.ResourceLockStatistics$1.measure(ResourceLockStatistics.java:42)
	at org.gradle.internal.work.DefaultWorkerLeaseService.withLocksAcquired(DefaultWorkerLeaseService.java:267)
	at org.gradle.internal.work.DefaultWorkerLeaseService.withLocks(DefaultWorkerLeaseService.java:259)
	at org.gradle.internal.work.DefaultWorkerLeaseService.runAsWorkerThread(DefaultWorkerLeaseService.java:127)
	at org.gradle.internal.operations.DefaultBuildOperationQueue$WorkerRunnable.runBatch(DefaultBuildOperationQueue.java:244)
	at org.gradle.internal.operations.DefaultBuildOperationQueue$WorkerRunnable.runOperations(DefaultBuildOperationQueue.java:212)
	at org.gradle.internal.operations.CurrentBuildOperationRef.with(CurrentBuildOperationRef.java:84)
	at org.gradle.internal.operations.DefaultBuildOperationQueue$WorkerRunnable.run(DefaultBuildOperationQueue.java:205)
	at org.gradle.internal.concurrent.ExecutorPolicy$CatchAndRecordFailures.onExecute(ExecutorPolicy.java:64)
	at org.gradle.internal.concurrent.AbstractManagedExecutor$1.run(AbstractManagedExecutor.java:47)
	at java.base/java.util.concurrent.ThreadPoolExecutor.runWorker(ThreadPoolExecutor.java:1136)
	at java.base/java.util.concurrent.ThreadPoolExecutor$Worker.run(ThreadPoolExecutor.java:635)
	at java.base/java.lang.Thread.run(Thread.java:840)
Caused by: org.gradle.api.resources.ResourceException: Could not get resource 'https://maven.myket.ir/com/android/tools/analytics-library/protos/31.2.1/protos-31.2.1.jar'.
	at org.gradle.internal.resource.ResourceExceptions.failure(ResourceExceptions.java:74)
	at org.gradle.internal.resource.ResourceExceptions.getFailed(ResourceExceptions.java:57)
	at org.gradle.api.internal.artifacts.repositories.resolver.DefaultExternalResourceArtifactResolver.downloadByCoords(DefaultExternalResourceArtifactResolver.java:154)
	at org.gradle.api.internal.artifacts.repositories.resolver.DefaultExternalResourceArtifactResolver.downloadStaticResource(DefaultExternalResourceArtifactResolver.java:94)
	at org.gradle.api.internal.artifacts.repositories.resolver.DefaultExternalResourceArtifactResolver.resolveArtifact(DefaultExternalResourceArtifactResolver.java:62)
	at org.gradle.api.internal.artifacts.repositories.resolver.ExternalResourceResolver$RemoteRepositoryAccess.resolveArtifact(ExternalResourceResolver.java:492)
	... 39 more
Caused by: org.gradle.internal.resource.transport.http.HttpRequestException: Could not GET 'https://maven.myket.ir/com/android/tools/analytics-library/protos/31.2.1/protos-31.2.1.jar'.
	at org.gradle.internal.resource.transport.http.HttpClientHelper.createHttpRequestException(HttpClientHelper.java:123)
	at org.gradle.internal.resource.transport.http.HttpClientHelper.performRequest(HttpClientHelper.java:117)
	at org.gradle.internal.resource.transport.http.HttpClientHelper.performRawGet(HttpClientHelper.java:99)
	at org.gradle.internal.resource.transport.http.HttpClientHelper.performGet(HttpClientHelper.java:104)
	at org.gradle.internal.resource.transport.http.HttpResourceAccessor.openResource(HttpResourceAccessor.java:45)
	at org.gradle.internal.resource.transport.http.HttpResourceAccessor.openResource(HttpResourceAccessor.java:30)
	at org.gradle.internal.resource.transfer.AbstractExternalResourceAccessor.withContent(AbstractExternalResourceAccessor.java:32)
	at org.gradle.internal.resource.transfer.DefaultExternalResourceConnector.withContent(DefaultExternalResourceConnector.java:59)
	at org.gradle.internal.resource.transfer.ProgressLoggingExternalResourceAccessor$DownloadOperation.call(ProgressLoggingExternalResourceAccessor.java:136)
	at org.gradle.internal.operations.DefaultBuildOperationRunner$CallableBuildOperationWorker.execute(DefaultBuildOperationRunner.java:209)
	at org.gradle.internal.operations.DefaultBuildOperationRunner$CallableBuildOperationWorker.execute(DefaultBuildOperationRunner.java:204)
	at org.gradle.internal.operations.DefaultBuildOperationRunner$2.execute(DefaultBuildOperationRunner.java:66)
	at org.gradle.internal.operations.DefaultBuildOperationRunner$2.execute(DefaultBuildOperationRunner.java:59)
	at org.gradle.internal.operations.DefaultBuildOperationRunner.execute(DefaultBuildOperationRunner.java:166)
	at org.gradle.internal.operations.DefaultBuildOperationRunner.execute(DefaultBuildOperationRunner.java:59)
	at org.gradle.internal.operations.DefaultBuildOperationRunner.call(DefaultBuildOperationRunner.java:53)
	at org.gradle.internal.resource.transfer.ProgressLoggingExternalResourceAccessor.withContent(ProgressLoggingExternalResourceAccessor.java:49)
	at org.gradle.internal.resource.transfer.AccessorBackedExternalResource.withContentIfPresent(AccessorBackedExternalResource.java:103)
	at org.gradle.internal.resource.transfer.DefaultCacheAwareExternalResourceAccessor.copyToCache(DefaultCacheAwareExternalResourceAccessor.java:188)
	at org.gradle.internal.resource.transfer.DefaultCacheAwareExternalResourceAccessor.lambda$getResource$1(DefaultCacheAwareExternalResourceAccessor.java:86)
	at org.gradle.cache.internal.ProducerGuard$AdaptiveProducerGuard.guardByKey(ProducerGuard.java:97)
	at org.gradle.internal.resource.transfer.DefaultCacheAwareExternalResourceAccessor.getResource(DefaultCacheAwareExternalResourceAccessor.java:80)
	at org.gradle.api.internal.artifacts.repositories.resolver.DefaultExternalResourceArtifactResolver.downloadByCoords(DefaultExternalResourceArtifactResolver.java:149)
	... 42 more
Caused by: java.net.UnknownHostException: No such host is known (maven.myket.ir)
	at java.base/java.net.Inet6AddressImpl.lookupAllHostAddr(Native Method)
	at java.base/java.net.InetAddress$PlatformNameService.lookupAllHostAddr(InetAddress.java:934)
	at java.base/java.net.InetAddress.getAddressesFromNameService(InetAddress.java:1543)
	at java.base/java.net.InetAddress$NameServiceAddresses.get(InetAddress.java:852)
	at java.base/java.net.InetAddress.getAllByName0(InetAddress.java:1533)
	at java.base/java.net.InetAddress.getAllByName(InetAddress.java:1385)
	at java.base/java.net.InetAddress.getAllByName(InetAddress.java:1306)
	at org.apache.http.impl.conn.SystemDefaultDnsResolver.resolve(SystemDefaultDnsResolver.java:45)
	at org.apache.http.impl.conn.DefaultHttpClientConnectionOperator.connect(DefaultHttpClientConnectionOperator.java:112)
	at org.apache.http.impl.conn.PoolingHttpClientConnectionManager.connect(PoolingHttpClientConnectionManager.java:376)
	at org.apache.http.impl.execchain.MainClientExec.establishRoute(MainClientExec.java:393)
	at org.apache.http.impl.execchain.MainClientExec.execute(MainClientExec.java:236)
	at org.apache.http.impl.execchain.ProtocolExec.execute(ProtocolExec.java:186)
	at org.apache.http.impl.execchain.RetryExec.execute(RetryExec.java:89)
	at org.apache.http.impl.execchain.RedirectExec.execute(RedirectExec.java:110)
	at org.apache.http.impl.client.InternalHttpClient.doExecute(InternalHttpClient.java:185)
	at org.apache.http.impl.client.CloseableHttpClient.execute(CloseableHttpClient.java:83)
	at org.gradle.internal.resource.transport.http.HttpClientHelper.performHttpRequest(HttpClientHelper.java:200)
	at org.gradle.internal.resource.transport.http.HttpClientHelper.performHttpRequest(HttpClientHelper.java:176)
	at org.gradle.internal.resource.transport.http.HttpClientHelper.executeGetOrHead(HttpClientHelper.java:165)
	at org.gradle.internal.resource.transport.http.HttpClientHelper.performRequest(HttpClientHelper.java:113)
	... 63 more
Cause 5: org.gradle.internal.resolve.ArtifactResolveException: Could not download protobuf-java-3.19.3.jar (com.google.protobuf:protobuf-java:3.19.3)
	at org.gradle.api.internal.artifacts.repositories.resolver.ExternalResourceResolver$RemoteRepositoryAccess.resolveArtifact(ExternalResourceResolver.java:499)
	at org.gradle.api.internal.artifacts.ivyservice.ivyresolve.CachingModuleComponentRepository$ResolveAndCacheRepositoryAccess.resolveArtifact(CachingModuleComponentRepository.java:470)
	at org.gradle.api.internal.artifacts.ivyservice.ivyresolve.ErrorHandlingModuleComponentRepository$ErrorHandlingModuleComponentRepositoryAccess.lambda$resolveArtifact$12(ErrorHandlingModuleComponentRepository.java:180)
	at org.gradle.api.internal.artifacts.ivyservice.ivyresolve.ErrorHandlingModuleComponentRepository$ErrorHandlingModuleComponentRepositoryAccess.tryResolveAndMaybeDisable(ErrorHandlingModuleComponentRepository.java:251)
	at org.gradle.api.internal.artifacts.ivyservice.ivyresolve.ErrorHandlingModuleComponentRepository$ErrorHandlingModuleComponentRepositoryAccess.performOperationWithRetries(ErrorHandlingModuleComponentRepository.java:204)
	at org.gradle.api.internal.artifacts.ivyservice.ivyresolve.ErrorHandlingModuleComponentRepository$ErrorHandlingModuleComponentRepositoryAccess.resolveArtifact(ErrorHandlingModuleComponentRepository.java:178)
	at org.gradle.api.internal.artifacts.ivyservice.ivyresolve.RepositoryChainArtifactResolver.resolveArtifactLater(RepositoryChainArtifactResolver.java:75)
	at org.gradle.api.internal.artifacts.ivyservice.ivyresolve.RepositoryChainArtifactResolver.lambda$resolveArtifact$0(RepositoryChainArtifactResolver.java:63)
	at org.gradle.internal.model.CalculatedValueContainerFactory$SupplierBackedCalculator.calculateValue(CalculatedValueContainerFactory.java:69)
	at org.gradle.internal.model.CalculatedValueContainer$CalculationState.lambda$attachValue$0(CalculatedValueContainer.java:227)
	at org.gradle.internal.Try.ofFailable(Try.java:46)
	at org.gradle.internal.model.CalculatedValueContainer$CalculationState.attachValue(CalculatedValueContainer.java:222)
	at org.gradle.internal.model.CalculatedValueContainer.finalizeIfNotAlready(CalculatedValueContainer.java:195)
	at org.gradle.internal.model.CalculatedValueContainer.finalizeIfNotAlready(CalculatedValueContainer.java:186)
	at org.gradle.api.internal.artifacts.ivyservice.resolveengine.artifact.ArtifactBackedResolvedVariant$DownloadArtifactFile.run(ArtifactBackedResolvedVariant.java:208)
	at org.gradle.internal.operations.DefaultBuildOperationRunner$2.execute(DefaultBuildOperationRunner.java:66)
	at org.gradle.internal.operations.DefaultBuildOperationRunner$2.execute(DefaultBuildOperationRunner.java:59)
	at org.gradle.internal.operations.DefaultBuildOperationRunner.execute(DefaultBuildOperationRunner.java:166)
	at org.gradle.internal.operations.DefaultBuildOperationRunner.execute(DefaultBuildOperationRunner.java:59)
	at org.gradle.internal.operations.DefaultBuildOperationExecutor.lambda$executeInParallel$0(DefaultBuildOperationExecutor.java:102)
	at org.gradle.internal.operations.DefaultBuildOperationQueue$WorkerRunnable.runOperation(DefaultBuildOperationQueue.java:292)
	at org.gradle.internal.operations.DefaultBuildOperationQueue$WorkerRunnable.doRunBatch(DefaultBuildOperationQueue.java:273)
	at org.gradle.internal.operations.DefaultBuildOperationQueue$WorkerRunnable.lambda$runBatch$0(DefaultBuildOperationQueue.java:258)
	at org.gradle.internal.resources.AbstractResourceLockRegistry.whileDisallowingLockChanges(AbstractResourceLockRegistry.java:50)
	at org.gradle.internal.work.DefaultWorkerLeaseService.whileDisallowingProjectLockChanges(DefaultWorkerLeaseService.java:233)
	at org.gradle.internal.operations.DefaultBuildOperationQueue$WorkerRunnable.lambda$runBatch$1(DefaultBuildOperationQueue.java:258)
	at org.gradle.internal.work.DefaultWorkerLeaseService.lambda$withLocksAcquired$0(DefaultWorkerLeaseService.java:269)
	at org.gradle.internal.work.ResourceLockStatistics$1.measure(ResourceLockStatistics.java:42)
	at org.gradle.internal.work.DefaultWorkerLeaseService.withLocksAcquired(DefaultWorkerLeaseService.java:267)
	at org.gradle.internal.work.DefaultWorkerLeaseService.withLocks(DefaultWorkerLeaseService.java:259)
	at org.gradle.internal.work.DefaultWorkerLeaseService.runAsWorkerThread(DefaultWorkerLeaseService.java:127)
	at org.gradle.internal.operations.DefaultBuildOperationQueue$WorkerRunnable.runBatch(DefaultBuildOperationQueue.java:244)
	at org.gradle.internal.operations.DefaultBuildOperationQueue$WorkerRunnable.runOperations(DefaultBuildOperationQueue.java:212)
	at org.gradle.internal.operations.CurrentBuildOperationRef.with(CurrentBuildOperationRef.java:84)
	at org.gradle.internal.operations.DefaultBuildOperationQueue$WorkerRunnable.run(DefaultBuildOperationQueue.java:205)
	at org.gradle.internal.concurrent.ExecutorPolicy$CatchAndRecordFailures.onExecute(ExecutorPolicy.java:64)
	at org.gradle.internal.concurrent.AbstractManagedExecutor$1.run(AbstractManagedExecutor.java:47)
	at java.base/java.util.concurrent.ThreadPoolExecutor.runWorker(ThreadPoolExecutor.java:1136)
	at java.base/java.util.concurrent.ThreadPoolExecutor$Worker.run(ThreadPoolExecutor.java:635)
	at java.base/java.lang.Thread.run(Thread.java:840)
Caused by: org.gradle.api.resources.ResourceException: Could not get resource 'https://maven.myket.ir/com/google/protobuf/protobuf-java/3.19.3/protobuf-java-3.19.3.jar'.
	at org.gradle.internal.resource.ResourceExceptions.failure(ResourceExceptions.java:74)
	at org.gradle.internal.resource.ResourceExceptions.getFailed(ResourceExceptions.java:57)
	at org.gradle.api.internal.artifacts.repositories.resolver.DefaultExternalResourceArtifactResolver.downloadByCoords(DefaultExternalResourceArtifactResolver.java:154)
	at org.gradle.api.internal.artifacts.repositories.resolver.DefaultExternalResourceArtifactResolver.downloadStaticResource(DefaultExternalResourceArtifactResolver.java:94)
	at org.gradle.api.internal.artifacts.repositories.resolver.DefaultExternalResourceArtifactResolver.resolveArtifact(DefaultExternalResourceArtifactResolver.java:62)
	at org.gradle.api.internal.artifacts.repositories.resolver.ExternalResourceResolver$RemoteRepositoryAccess.resolveArtifact(ExternalResourceResolver.java:492)
	... 39 more
Caused by: org.gradle.internal.resource.transport.http.HttpRequestException: Could not GET 'https://maven.myket.ir/com/google/protobuf/protobuf-java/3.19.3/protobuf-java-3.19.3.jar'.
	at org.gradle.internal.resource.transport.http.HttpClientHelper.createHttpRequestException(HttpClientHelper.java:123)
	at org.gradle.internal.resource.transport.http.HttpClientHelper.performRequest(HttpClientHelper.java:117)
	at org.gradle.internal.resource.transport.http.HttpClientHelper.performRawGet(HttpClientHelper.java:99)
	at org.gradle.internal.resource.transport.http.HttpClientHelper.performGet(HttpClientHelper.java:104)
	at org.gradle.internal.resource.transport.http.HttpResourceAccessor.openResource(HttpResourceAccessor.java:45)
	at org.gradle.internal.resource.transport.http.HttpResourceAccessor.openResource(HttpResourceAccessor.java:30)
	at org.gradle.internal.resource.transfer.AbstractExternalResourceAccessor.withContent(AbstractExternalResourceAccessor.java:32)
	at org.gradle.internal.resource.transfer.DefaultExternalResourceConnector.withContent(DefaultExternalResourceConnector.java:59)
	at org.gradle.internal.resource.transfer.ProgressLoggingExternalResourceAccessor$DownloadOperation.call(ProgressLoggingExternalResourceAccessor.java:136)
	at org.gradle.internal.operations.DefaultBuildOperationRunner$CallableBuildOperationWorker.execute(DefaultBuildOperationRunner.java:209)
	at org.gradle.internal.operations.DefaultBuildOperationRunner$CallableBuildOperationWorker.execute(DefaultBuildOperationRunner.java:204)
	at org.gradle.internal.operations.DefaultBuildOperationRunner$2.execute(DefaultBuildOperationRunner.java:66)
	at org.gradle.internal.operations.DefaultBuildOperationRunner$2.execute(DefaultBuildOperationRunner.java:59)
	at org.gradle.internal.operations.DefaultBuildOperationRunner.execute(DefaultBuildOperationRunner.java:166)
	at org.gradle.internal.operations.DefaultBuildOperationRunner.execute(DefaultBuildOperationRunner.java:59)
	at org.gradle.internal.operations.DefaultBuildOperationRunner.call(DefaultBuildOperationRunner.java:53)
	at org.gradle.internal.resource.transfer.ProgressLoggingExternalResourceAccessor.withContent(ProgressLoggingExternalResourceAccessor.java:49)
	at org.gradle.internal.resource.transfer.AccessorBackedExternalResource.withContentIfPresent(AccessorBackedExternalResource.java:103)
	at org.gradle.internal.resource.transfer.DefaultCacheAwareExternalResourceAccessor.copyToCache(DefaultCacheAwareExternalResourceAccessor.java:188)
	at org.gradle.internal.resource.transfer.DefaultCacheAwareExternalResourceAccessor.lambda$getResource$1(DefaultCacheAwareExternalResourceAccessor.java:86)
	at org.gradle.cache.internal.ProducerGuard$AdaptiveProducerGuard.guardByKey(ProducerGuard.java:97)
	at org.gradle.internal.resource.transfer.DefaultCacheAwareExternalResourceAccessor.getResource(DefaultCacheAwareExternalResourceAccessor.java:80)
	at org.gradle.api.internal.artifacts.repositories.resolver.DefaultExternalResourceArtifactResolver.downloadByCoords(DefaultExternalResourceArtifactResolver.java:149)
	... 42 more
Caused by: java.net.UnknownHostException: maven.myket.ir
	at java.base/java.net.InetAddress$CachedAddresses.get(InetAddress.java:801)
	at java.base/java.net.InetAddress.getAllByName0(InetAddress.java:1533)
	at java.base/java.net.InetAddress.getAllByName(InetAddress.java:1385)
	at java.base/java.net.InetAddress.getAllByName(InetAddress.java:1306)
	at org.apache.http.impl.conn.SystemDefaultDnsResolver.resolve(SystemDefaultDnsResolver.java:45)
	at org.apache.http.impl.conn.DefaultHttpClientConnectionOperator.connect(DefaultHttpClientConnectionOperator.java:112)
	at org.apache.http.impl.conn.PoolingHttpClientConnectionManager.connect(PoolingHttpClientConnectionManager.java:376)
	at org.apache.http.impl.execchain.MainClientExec.establishRoute(MainClientExec.java:393)
	at org.apache.http.impl.execchain.MainClientExec.execute(MainClientExec.java:236)
	at org.apache.http.impl.execchain.ProtocolExec.execute(ProtocolExec.java:186)
	at org.apache.http.impl.execchain.RetryExec.execute(RetryExec.java:89)
	at org.apache.http.impl.execchain.RedirectExec.execute(RedirectExec.java:110)
	at org.apache.http.impl.client.InternalHttpClient.doExecute(InternalHttpClient.java:185)
	at org.apache.http.impl.client.CloseableHttpClient.execute(CloseableHttpClient.java:83)
	at org.gradle.internal.resource.transport.http.HttpClientHelper.performHttpRequest(HttpClientHelper.java:200)
	at org.gradle.internal.resource.transport.http.HttpClientHelper.performHttpRequest(HttpClientHelper.java:176)
	at org.gradle.internal.resource.transport.http.HttpClientHelper.executeGetOrHead(HttpClientHelper.java:165)
	at org.gradle.internal.resource.transport.http.HttpClientHelper.performRequest(HttpClientHelper.java:113)
	... 63 more
Cause 6: org.gradle.internal.resolve.ArtifactResolveException: Could not download grpc-netty-1.45.1.jar (io.grpc:grpc-netty:1.45.1)
	at org.gradle.api.internal.artifacts.repositories.resolver.ExternalResourceResolver$RemoteRepositoryAccess.resolveArtifact(ExternalResourceResolver.java:499)
	at org.gradle.api.internal.artifacts.ivyservice.ivyresolve.CachingModuleComponentRepository$ResolveAndCacheRepositoryAccess.resolveArtifact(CachingModuleComponentRepository.java:470)
	at org.gradle.api.internal.artifacts.ivyservice.ivyresolve.ErrorHandlingModuleComponentRepository$ErrorHandlingModuleComponentRepositoryAccess.lambda$resolveArtifact$12(ErrorHandlingModuleComponentRepository.java:180)
	at org.gradle.api.internal.artifacts.ivyservice.ivyresolve.ErrorHandlingModuleComponentRepository$ErrorHandlingModuleComponentRepositoryAccess.tryResolveAndMaybeDisable(ErrorHandlingModuleComponentRepository.java:251)
	at org.gradle.api.internal.artifacts.ivyservice.ivyresolve.ErrorHandlingModuleComponentRepository$ErrorHandlingModuleComponentRepositoryAccess.performOperationWithRetries(ErrorHandlingModuleComponentRepository.java:204)
	at org.gradle.api.internal.artifacts.ivyservice.ivyresolve.ErrorHandlingModuleComponentRepository$ErrorHandlingModuleComponentRepositoryAccess.resolveArtifact(ErrorHandlingModuleComponentRepository.java:178)
	at org.gradle.api.internal.artifacts.ivyservice.ivyresolve.RepositoryChainArtifactResolver.resolveArtifactLater(RepositoryChainArtifactResolver.java:75)
	at org.gradle.api.internal.artifacts.ivyservice.ivyresolve.RepositoryChainArtifactResolver.lambda$resolveArtifact$0(RepositoryChainArtifactResolver.java:63)
	at org.gradle.internal.model.CalculatedValueContainerFactory$SupplierBackedCalculator.calculateValue(CalculatedValueContainerFactory.java:69)
	at org.gradle.internal.model.CalculatedValueContainer$CalculationState.lambda$attachValue$0(CalculatedValueContainer.java:227)
	at org.gradle.internal.Try.ofFailable(Try.java:46)
	at org.gradle.internal.model.CalculatedValueContainer$CalculationState.attachValue(CalculatedValueContainer.java:222)
	at org.gradle.internal.model.CalculatedValueContainer.finalizeIfNotAlready(CalculatedValueContainer.java:195)
	at org.gradle.internal.model.CalculatedValueContainer.finalizeIfNotAlready(CalculatedValueContainer.java:186)
	at org.gradle.api.internal.artifacts.ivyservice.resolveengine.artifact.ArtifactBackedResolvedVariant$DownloadArtifactFile.run(ArtifactBackedResolvedVariant.java:208)
	at org.gradle.internal.operations.DefaultBuildOperationRunner$2.execute(DefaultBuildOperationRunner.java:66)
	at org.gradle.internal.operations.DefaultBuildOperationRunner$2.execute(DefaultBuildOperationRunner.java:59)
	at org.gradle.internal.operations.DefaultBuildOperationRunner.execute(DefaultBuildOperationRunner.java:166)
	at org.gradle.internal.operations.DefaultBuildOperationRunner.execute(DefaultBuildOperationRunner.java:59)
	at org.gradle.internal.operations.DefaultBuildOperationExecutor.lambda$executeInParallel$0(DefaultBuildOperationExecutor.java:102)
	at org.gradle.internal.operations.DefaultBuildOperationQueue$WorkerRunnable.runOperation(DefaultBuildOperationQueue.java:292)
	at org.gradle.internal.operations.DefaultBuildOperationQueue$WorkerRunnable.doRunBatch(DefaultBuildOperationQueue.java:273)
	at org.gradle.internal.operations.DefaultBuildOperationQueue$WorkerRunnable.lambda$runBatch$0(DefaultBuildOperationQueue.java:258)
	at org.gradle.internal.resources.AbstractResourceLockRegistry.whileDisallowingLockChanges(AbstractResourceLockRegistry.java:50)
	at org.gradle.internal.work.DefaultWorkerLeaseService.whileDisallowingProjectLockChanges(DefaultWorkerLeaseService.java:233)
	at org.gradle.internal.operations.DefaultBuildOperationQueue$WorkerRunnable.lambda$runBatch$1(DefaultBuildOperationQueue.java:258)
	at org.gradle.internal.work.DefaultWorkerLeaseService.lambda$withLocksAcquired$0(DefaultWorkerLeaseService.java:269)
	at org.gradle.internal.work.ResourceLockStatistics$1.measure(ResourceLockStatistics.java:42)
	at org.gradle.internal.work.DefaultWorkerLeaseService.withLocksAcquired(DefaultWorkerLeaseService.java:267)
	at org.gradle.internal.work.DefaultWorkerLeaseService.withLocks(DefaultWorkerLeaseService.java:259)
	at org.gradle.internal.work.DefaultWorkerLeaseService.runAsWorkerThread(DefaultWorkerLeaseService.java:127)
	at org.gradle.internal.operations.DefaultBuildOperationQueue$WorkerRunnable.runBatch(DefaultBuildOperationQueue.java:244)
	at org.gradle.internal.operations.DefaultBuildOperationQueue$WorkerRunnable.runOperations(DefaultBuildOperationQueue.java:212)
	at org.gradle.internal.operations.CurrentBuildOperationRef.with(CurrentBuildOperationRef.java:84)
	at org.gradle.internal.operations.DefaultBuildOperationQueue$WorkerRunnable.run(DefaultBuildOperationQueue.java:205)
	at org.gradle.internal.concurrent.ExecutorPolicy$CatchAndRecordFailures.onExecute(ExecutorPolicy.java:64)
	at org.gradle.internal.concurrent.AbstractManagedExecutor$1.run(AbstractManagedExecutor.java:47)
	at java.base/java.util.concurrent.ThreadPoolExecutor.runWorker(ThreadPoolExecutor.java:1136)
	at java.base/java.util.concurrent.ThreadPoolExecutor$Worker.run(ThreadPoolExecutor.java:635)
	at java.base/java.lang.Thread.run(Thread.java:840)
Caused by: org.gradle.api.resources.ResourceException: Could not get resource 'https://maven.myket.ir/io/grpc/grpc-netty/1.45.1/grpc-netty-1.45.1.jar'.
	at org.gradle.internal.resource.ResourceExceptions.failure(ResourceExceptions.java:74)
	at org.gradle.internal.resource.ResourceExceptions.getFailed(ResourceExceptions.java:57)
	at org.gradle.api.internal.artifacts.repositories.resolver.DefaultExternalResourceArtifactResolver.downloadByCoords(DefaultExternalResourceArtifactResolver.java:154)
	at org.gradle.api.internal.artifacts.repositories.resolver.DefaultExternalResourceArtifactResolver.downloadStaticResource(DefaultExternalResourceArtifactResolver.java:94)
	at org.gradle.api.internal.artifacts.repositories.resolver.DefaultExternalResourceArtifactResolver.resolveArtifact(DefaultExternalResourceArtifactResolver.java:62)
	at org.gradle.api.internal.artifacts.repositories.resolver.ExternalResourceResolver$RemoteRepositoryAccess.resolveArtifact(ExternalResourceResolver.java:492)
	... 39 more
Caused by: org.gradle.internal.resource.transport.http.HttpRequestException: Could not GET 'https://maven.myket.ir/io/grpc/grpc-netty/1.45.1/grpc-netty-1.45.1.jar'.
	at org.gradle.internal.resource.transport.http.HttpClientHelper.createHttpRequestException(HttpClientHelper.java:123)
	at org.gradle.internal.resource.transport.http.HttpClientHelper.performRequest(HttpClientHelper.java:117)
	at org.gradle.internal.resource.transport.http.HttpClientHelper.performRawGet(HttpClientHelper.java:99)
	at org.gradle.internal.resource.transport.http.HttpClientHelper.performGet(HttpClientHelper.java:104)
	at org.gradle.internal.resource.transport.http.HttpResourceAccessor.openResource(HttpResourceAccessor.java:45)
	at org.gradle.internal.resource.transport.http.HttpResourceAccessor.openResource(HttpResourceAccessor.java:30)
	at org.gradle.internal.resource.transfer.AbstractExternalResourceAccessor.withContent(AbstractExternalResourceAccessor.java:32)
	at org.gradle.internal.resource.transfer.DefaultExternalResourceConnector.withContent(DefaultExternalResourceConnector.java:59)
	at org.gradle.internal.resource.transfer.ProgressLoggingExternalResourceAccessor$DownloadOperation.call(ProgressLoggingExternalResourceAccessor.java:136)
	at org.gradle.internal.operations.DefaultBuildOperationRunner$CallableBuildOperationWorker.execute(DefaultBuildOperationRunner.java:209)
	at org.gradle.internal.operations.DefaultBuildOperationRunner$CallableBuildOperationWorker.execute(DefaultBuildOperationRunner.java:204)
	at org.gradle.internal.operations.DefaultBuildOperationRunner$2.execute(DefaultBuildOperationRunner.java:66)
	at org.gradle.internal.operations.DefaultBuildOperationRunner$2.execute(DefaultBuildOperationRunner.java:59)
	at org.gradle.internal.operations.DefaultBuildOperationRunner.execute(DefaultBuildOperationRunner.java:166)
	at org.gradle.internal.operations.DefaultBuildOperationRunner.execute(DefaultBuildOperationRunner.java:59)
	at org.gradle.internal.operations.DefaultBuildOperationRunner.call(DefaultBuildOperationRunner.java:53)
	at org.gradle.internal.resource.transfer.ProgressLoggingExternalResourceAccessor.withContent(ProgressLoggingExternalResourceAccessor.java:49)
	at org.gradle.internal.resource.transfer.AccessorBackedExternalResource.withContentIfPresent(AccessorBackedExternalResource.java:103)
	at org.gradle.internal.resource.transfer.DefaultCacheAwareExternalResourceAccessor.copyToCache(DefaultCacheAwareExternalResourceAccessor.java:188)
	at org.gradle.internal.resource.transfer.DefaultCacheAwareExternalResourceAccessor.lambda$getResource$1(DefaultCacheAwareExternalResourceAccessor.java:86)
	at org.gradle.cache.internal.ProducerGuard$AdaptiveProducerGuard.guardByKey(ProducerGuard.java:97)
	at org.gradle.internal.resource.transfer.DefaultCacheAwareExternalResourceAccessor.getResource(DefaultCacheAwareExternalResourceAccessor.java:80)
	at org.gradle.api.internal.artifacts.repositories.resolver.DefaultExternalResourceArtifactResolver.downloadByCoords(DefaultExternalResourceArtifactResolver.java:149)
	... 42 more
Caused by: java.net.UnknownHostException: maven.myket.ir
	at java.base/java.net.InetAddress$CachedAddresses.get(InetAddress.java:801)
	at java.base/java.net.InetAddress.getAllByName0(InetAddress.java:1533)
	at java.base/java.net.InetAddress.getAllByName(InetAddress.java:1385)
	at java.base/java.net.InetAddress.getAllByName(InetAddress.java:1306)
	at org.apache.http.impl.conn.SystemDefaultDnsResolver.resolve(SystemDefaultDnsResolver.java:45)
	at org.apache.http.impl.conn.DefaultHttpClientConnectionOperator.connect(DefaultHttpClientConnectionOperator.java:112)
	at org.apache.http.impl.conn.PoolingHttpClientConnectionManager.connect(PoolingHttpClientConnectionManager.java:376)
	at org.apache.http.impl.execchain.MainClientExec.establishRoute(MainClientExec.java:393)
	at org.apache.http.impl.execchain.MainClientExec.execute(MainClientExec.java:236)
	at org.apache.http.impl.execchain.ProtocolExec.execute(ProtocolExec.java:186)
	at org.apache.http.impl.execchain.RetryExec.execute(RetryExec.java:89)
	at org.apache.http.impl.execchain.RedirectExec.execute(RedirectExec.java:110)
	at org.apache.http.impl.client.InternalHttpClient.doExecute(InternalHttpClient.java:185)
	at org.apache.http.impl.client.CloseableHttpClient.execute(CloseableHttpClient.java:83)
	at org.gradle.internal.resource.transport.http.HttpClientHelper.performHttpRequest(HttpClientHelper.java:200)
	at org.gradle.internal.resource.transport.http.HttpClientHelper.performHttpRequest(HttpClientHelper.java:176)
	at org.gradle.internal.resource.transport.http.HttpClientHelper.executeGetOrHead(HttpClientHelper.java:165)
	at org.gradle.internal.resource.transport.http.HttpClientHelper.performRequest(HttpClientHelper.java:113)
	... 63 more
Cause 7: org.gradle.internal.resolve.ArtifactResolveException: Could not download grpc-core-1.45.1.jar (io.grpc:grpc-core:1.45.1)
	at org.gradle.api.internal.artifacts.repositories.resolver.ExternalResourceResolver$RemoteRepositoryAccess.resolveArtifact(ExternalResourceResolver.java:499)
	at org.gradle.api.internal.artifacts.ivyservice.ivyresolve.CachingModuleComponentRepository$ResolveAndCacheRepositoryAccess.resolveArtifact(CachingModuleComponentRepository.java:470)
	at org.gradle.api.internal.artifacts.ivyservice.ivyresolve.ErrorHandlingModuleComponentRepository$ErrorHandlingModuleComponentRepositoryAccess.lambda$resolveArtifact$12(ErrorHandlingModuleComponentRepository.java:180)
	at org.gradle.api.internal.artifacts.ivyservice.ivyresolve.ErrorHandlingModuleComponentRepository$ErrorHandlingModuleComponentRepositoryAccess.tryResolveAndMaybeDisable(ErrorHandlingModuleComponentRepository.java:251)
	at org.gradle.api.internal.artifacts.ivyservice.ivyresolve.ErrorHandlingModuleComponentRepository$ErrorHandlingModuleComponentRepositoryAccess.performOperationWithRetries(ErrorHandlingModuleComponentRepository.java:204)
	at org.gradle.api.internal.artifacts.ivyservice.ivyresolve.ErrorHandlingModuleComponentRepository$ErrorHandlingModuleComponentRepositoryAccess.resolveArtifact(ErrorHandlingModuleComponentRepository.java:178)
	at org.gradle.api.internal.artifacts.ivyservice.ivyresolve.RepositoryChainArtifactResolver.resolveArtifactLater(RepositoryChainArtifactResolver.java:75)
	at org.gradle.api.internal.artifacts.ivyservice.ivyresolve.RepositoryChainArtifactResolver.lambda$resolveArtifact$0(RepositoryChainArtifactResolver.java:63)
	at org.gradle.internal.model.CalculatedValueContainerFactory$SupplierBackedCalculator.calculateValue(CalculatedValueContainerFactory.java:69)
	at org.gradle.internal.model.CalculatedValueContainer$CalculationState.lambda$attachValue$0(CalculatedValueContainer.java:227)
	at org.gradle.internal.Try.ofFailable(Try.java:46)
	at org.gradle.internal.model.CalculatedValueContainer$CalculationState.attachValue(CalculatedValueContainer.java:222)
	at org.gradle.internal.model.CalculatedValueContainer.finalizeIfNotAlready(CalculatedValueContainer.java:195)
	at org.gradle.internal.model.CalculatedValueContainer.finalizeIfNotAlready(CalculatedValueContainer.java:186)
	at org.gradle.api.internal.artifacts.ivyservice.resolveengine.artifact.ArtifactBackedResolvedVariant$DownloadArtifactFile.run(ArtifactBackedResolvedVariant.java:208)
	at org.gradle.internal.operations.DefaultBuildOperationRunner$2.execute(DefaultBuildOperationRunner.java:66)
	at org.gradle.internal.operations.DefaultBuildOperationRunner$2.execute(DefaultBuildOperationRunner.java:59)
	at org.gradle.internal.operations.DefaultBuildOperationRunner.execute(DefaultBuildOperationRunner.java:166)
	at org.gradle.internal.operations.DefaultBuildOperationRunner.execute(DefaultBuildOperationRunner.java:59)
	at org.gradle.internal.operations.DefaultBuildOperationExecutor.lambda$executeInParallel$0(DefaultBuildOperationExecutor.java:102)
	at org.gradle.internal.operations.DefaultBuildOperationQueue$WorkerRunnable.runOperation(DefaultBuildOperationQueue.java:292)
	at org.gradle.internal.operations.DefaultBuildOperationQueue$WorkerRunnable.doRunBatch(DefaultBuildOperationQueue.java:273)
	at org.gradle.internal.operations.DefaultBuildOperationQueue$WorkerRunnable.lambda$runBatch$0(DefaultBuildOperationQueue.java:258)
	at org.gradle.internal.resources.AbstractResourceLockRegistry.whileDisallowingLockChanges(AbstractResourceLockRegistry.java:50)
	at org.gradle.internal.work.DefaultWorkerLeaseService.whileDisallowingProjectLockChanges(DefaultWorkerLeaseService.java:233)
	at org.gradle.internal.operations.DefaultBuildOperationQueue$WorkerRunnable.lambda$runBatch$1(DefaultBuildOperationQueue.java:258)
	at org.gradle.internal.work.DefaultWorkerLeaseService.lambda$withLocksAcquired$0(DefaultWorkerLeaseService.java:269)
	at org.gradle.internal.work.ResourceLockStatistics$1.measure(ResourceLockStatistics.java:42)
	at org.gradle.internal.work.DefaultWorkerLeaseService.withLocksAcquired(DefaultWorkerLeaseService.java:267)
	at org.gradle.internal.work.DefaultWorkerLeaseService.withLocks(DefaultWorkerLeaseService.java:259)
	at org.gradle.internal.work.DefaultWorkerLeaseService.runAsWorkerThread(DefaultWorkerLeaseService.java:127)
	at org.gradle.internal.operations.DefaultBuildOperationQueue$WorkerRunnable.runBatch(DefaultBuildOperationQueue.java:244)
	at org.gradle.internal.operations.DefaultBuildOperationQueue$WorkerRunnable.runOperations(DefaultBuildOperationQueue.java:212)
	at org.gradle.internal.operations.CurrentBuildOperationRef.with(CurrentBuildOperationRef.java:84)
	at org.gradle.internal.operations.DefaultBuildOperationQueue$WorkerRunnable.run(DefaultBuildOperationQueue.java:205)
	at org.gradle.internal.concurrent.ExecutorPolicy$CatchAndRecordFailures.onExecute(ExecutorPolicy.java:64)
	at org.gradle.internal.concurrent.AbstractManagedExecutor$1.run(AbstractManagedExecutor.java:47)
	at java.base/java.util.concurrent.ThreadPoolExecutor.runWorker(ThreadPoolExecutor.java:1136)
	at java.base/java.util.concurrent.ThreadPoolExecutor$Worker.run(ThreadPoolExecutor.java:635)
	at java.base/java.lang.Thread.run(Thread.java:840)
Caused by: org.gradle.api.resources.ResourceException: Could not get resource 'https://maven.myket.ir/io/grpc/grpc-core/1.45.1/grpc-core-1.45.1.jar'.
	at org.gradle.internal.resource.ResourceExceptions.failure(ResourceExceptions.java:74)
	at org.gradle.internal.resource.ResourceExceptions.getFailed(ResourceExceptions.java:57)
	at org.gradle.api.internal.artifacts.repositories.resolver.DefaultExternalResourceArtifactResolver.downloadByCoords(DefaultExternalResourceArtifactResolver.java:154)
	at org.gradle.api.internal.artifacts.repositories.resolver.DefaultExternalResourceArtifactResolver.downloadStaticResource(DefaultExternalResourceArtifactResolver.java:94)
	at org.gradle.api.internal.artifacts.repositories.resolver.DefaultExternalResourceArtifactResolver.resolveArtifact(DefaultExternalResourceArtifactResolver.java:62)
	at org.gradle.api.internal.artifacts.repositories.resolver.ExternalResourceResolver$RemoteRepositoryAccess.resolveArtifact(ExternalResourceResolver.java:492)
	... 39 more
Caused by: org.gradle.internal.resource.transport.http.HttpRequestException: Could not GET 'https://maven.myket.ir/io/grpc/grpc-core/1.45.1/grpc-core-1.45.1.jar'.
	at org.gradle.internal.resource.transport.http.HttpClientHelper.createHttpRequestException(HttpClientHelper.java:123)
	at org.gradle.internal.resource.transport.http.HttpClientHelper.performRequest(HttpClientHelper.java:117)
	at org.gradle.internal.resource.transport.http.HttpClientHelper.performRawGet(HttpClientHelper.java:99)
	at org.gradle.internal.resource.transport.http.HttpClientHelper.performGet(HttpClientHelper.java:104)
	at org.gradle.internal.resource.transport.http.HttpResourceAccessor.openResource(HttpResourceAccessor.java:45)
	at org.gradle.internal.resource.transport.http.HttpResourceAccessor.openResource(HttpResourceAccessor.java:30)
	at org.gradle.internal.resource.transfer.AbstractExternalResourceAccessor.withContent(AbstractExternalResourceAccessor.java:32)
	at org.gradle.internal.resource.transfer.DefaultExternalResourceConnector.withContent(DefaultExternalResourceConnector.java:59)
	at org.gradle.internal.resource.transfer.ProgressLoggingExternalResourceAccessor$DownloadOperation.call(ProgressLoggingExternalResourceAccessor.java:136)
	at org.gradle.internal.operations.DefaultBuildOperationRunner$CallableBuildOperationWorker.execute(DefaultBuildOperationRunner.java:209)
	at org.gradle.internal.operations.DefaultBuildOperationRunner$CallableBuildOperationWorker.execute(DefaultBuildOperationRunner.java:204)
	at org.gradle.internal.operations.DefaultBuildOperationRunner$2.execute(DefaultBuildOperationRunner.java:66)
	at org.gradle.internal.operations.DefaultBuildOperationRunner$2.execute(DefaultBuildOperationRunner.java:59)
	at org.gradle.internal.operations.DefaultBuildOperationRunner.execute(DefaultBuildOperationRunner.java:166)
	at org.gradle.internal.operations.DefaultBuildOperationRunner.execute(DefaultBuildOperationRunner.java:59)
	at org.gradle.internal.operations.DefaultBuildOperationRunner.call(DefaultBuildOperationRunner.java:53)
	at org.gradle.internal.resource.transfer.ProgressLoggingExternalResourceAccessor.withContent(ProgressLoggingExternalResourceAccessor.java:49)
	at org.gradle.internal.resource.transfer.AccessorBackedExternalResource.withContentIfPresent(AccessorBackedExternalResource.java:103)
	at org.gradle.internal.resource.transfer.DefaultCacheAwareExternalResourceAccessor.copyToCache(DefaultCacheAwareExternalResourceAccessor.java:188)
	at org.gradle.internal.resource.transfer.DefaultCacheAwareExternalResourceAccessor.lambda$getResource$1(DefaultCacheAwareExternalResourceAccessor.java:86)
	at org.gradle.cache.internal.ProducerGuard$AdaptiveProducerGuard.guardByKey(ProducerGuard.java:97)
	at org.gradle.internal.resource.transfer.DefaultCacheAwareExternalResourceAccessor.getResource(DefaultCacheAwareExternalResourceAccessor.java:80)
	at org.gradle.api.internal.artifacts.repositories.resolver.DefaultExternalResourceArtifactResolver.downloadByCoords(DefaultExternalResourceArtifactResolver.java:149)
	... 42 more
Caused by: java.net.UnknownHostException: maven.myket.ir
	at java.base/java.net.InetAddress$CachedAddresses.get(InetAddress.java:801)
	at java.base/java.net.InetAddress.getAllByName0(InetAddress.java:1533)
	at java.base/java.net.InetAddress.getAllByName(InetAddress.java:1385)
	at java.base/java.net.InetAddress.getAllByName(InetAddress.java:1306)
	at org.apache.http.impl.conn.SystemDefaultDnsResolver.resolve(SystemDefaultDnsResolver.java:45)
	at org.apache.http.impl.conn.DefaultHttpClientConnectionOperator.connect(DefaultHttpClientConnectionOperator.java:112)
	at org.apache.http.impl.conn.PoolingHttpClientConnectionManager.connect(PoolingHttpClientConnectionManager.java:376)
	at org.apache.http.impl.execchain.MainClientExec.establishRoute(MainClientExec.java:393)
	at org.apache.http.impl.execchain.MainClientExec.execute(MainClientExec.java:236)
	at org.apache.http.impl.execchain.ProtocolExec.execute(ProtocolExec.java:186)
	at org.apache.http.impl.execchain.RetryExec.execute(RetryExec.java:89)
	at org.apache.http.impl.execchain.RedirectExec.execute(RedirectExec.java:110)
	at org.apache.http.impl.client.InternalHttpClient.doExecute(InternalHttpClient.java:185)
	at org.apache.http.impl.client.CloseableHttpClient.execute(CloseableHttpClient.java:83)
	at org.gradle.internal.resource.transport.http.HttpClientHelper.performHttpRequest(HttpClientHelper.java:200)
	at org.gradle.internal.resource.transport.http.HttpClientHelper.performHttpRequest(HttpClientHelper.java:176)
	at org.gradle.internal.resource.transport.http.HttpClientHelper.executeGetOrHead(HttpClientHelper.java:165)
	at org.gradle.internal.resource.transport.http.HttpClientHelper.performRequest(HttpClientHelper.java:113)
	... 63 more
Cause 8: org.gradle.internal.resolve.ArtifactResolveException: Could not download grpc-stub-1.45.1.jar (io.grpc:grpc-stub:1.45.1)
	at org.gradle.api.internal.artifacts.repositories.resolver.ExternalResourceResolver$RemoteRepositoryAccess.resolveArtifact(ExternalResourceResolver.java:499)
	at org.gradle.api.internal.artifacts.ivyservice.ivyresolve.CachingModuleComponentRepository$ResolveAndCacheRepositoryAccess.resolveArtifact(CachingModuleComponentRepository.java:470)
	at org.gradle.api.internal.artifacts.ivyservice.ivyresolve.ErrorHandlingModuleComponentRepository$ErrorHandlingModuleComponentRepositoryAccess.lambda$resolveArtifact$12(ErrorHandlingModuleComponentRepository.java:180)
	at org.gradle.api.internal.artifacts.ivyservice.ivyresolve.ErrorHandlingModuleComponentRepository$ErrorHandlingModuleComponentRepositoryAccess.tryResolveAndMaybeDisable(ErrorHandlingModuleComponentRepository.java:251)
	at org.gradle.api.internal.artifacts.ivyservice.ivyresolve.ErrorHandlingModuleComponentRepository$ErrorHandlingModuleComponentRepositoryAccess.performOperationWithRetries(ErrorHandlingModuleComponentRepository.java:204)
	at org.gradle.api.internal.artifacts.ivyservice.ivyresolve.ErrorHandlingModuleComponentRepository$ErrorHandlingModuleComponentRepositoryAccess.resolveArtifact(ErrorHandlingModuleComponentRepository.java:178)
	at org.gradle.api.internal.artifacts.ivyservice.ivyresolve.RepositoryChainArtifactResolver.resolveArtifactLater(RepositoryChainArtifactResolver.java:75)
	at org.gradle.api.internal.artifacts.ivyservice.ivyresolve.RepositoryChainArtifactResolver.lambda$resolveArtifact$0(RepositoryChainArtifactResolver.java:63)
	at org.gradle.internal.model.CalculatedValueContainerFactory$SupplierBackedCalculator.calculateValue(CalculatedValueContainerFactory.java:69)
	at org.gradle.internal.model.CalculatedValueContainer$CalculationState.lambda$attachValue$0(CalculatedValueContainer.java:227)
	at org.gradle.internal.Try.ofFailable(Try.java:46)
	at org.gradle.internal.model.CalculatedValueContainer$CalculationState.attachValue(CalculatedValueContainer.java:222)
	at org.gradle.internal.model.CalculatedValueContainer.finalizeIfNotAlready(CalculatedValueContainer.java:195)
	at org.gradle.internal.model.CalculatedValueContainer.finalizeIfNotAlready(CalculatedValueContainer.java:186)
	at org.gradle.api.internal.artifacts.ivyservice.resolveengine.artifact.ArtifactBackedResolvedVariant$DownloadArtifactFile.run(ArtifactBackedResolvedVariant.java:208)
	at org.gradle.internal.operations.DefaultBuildOperationRunner$2.execute(DefaultBuildOperationRunner.java:66)
	at org.gradle.internal.operations.DefaultBuildOperationRunner$2.execute(DefaultBuildOperationRunner.java:59)
	at org.gradle.internal.operations.DefaultBuildOperationRunner.execute(DefaultBuildOperationRunner.java:166)
	at org.gradle.internal.operations.DefaultBuildOperationRunner.execute(DefaultBuildOperationRunner.java:59)
	at org.gradle.internal.operations.DefaultBuildOperationExecutor.lambda$executeInParallel$0(DefaultBuildOperationExecutor.java:102)
	at org.gradle.internal.operations.DefaultBuildOperationQueue$WorkerRunnable.runOperation(DefaultBuildOperationQueue.java:292)
	at org.gradle.internal.operations.DefaultBuildOperationQueue$WorkerRunnable.doRunBatch(DefaultBuildOperationQueue.java:273)
	at org.gradle.internal.operations.DefaultBuildOperationQueue$WorkerRunnable.lambda$runBatch$0(DefaultBuildOperationQueue.java:258)
	at org.gradle.internal.resources.AbstractResourceLockRegistry.whileDisallowingLockChanges(AbstractResourceLockRegistry.java:50)
	at org.gradle.internal.work.DefaultWorkerLeaseService.whileDisallowingProjectLockChanges(DefaultWorkerLeaseService.java:233)
	at org.gradle.internal.operations.DefaultBuildOperationQueue$WorkerRunnable.lambda$runBatch$1(DefaultBuildOperationQueue.java:258)
	at org.gradle.internal.work.DefaultWorkerLeaseService.runAsWorkerThread(DefaultWorkerLeaseService.java:125)
	at org.gradle.internal.operations.DefaultBuildOperationQueue$WorkerRunnable.runBatch(DefaultBuildOperationQueue.java:244)
	at org.gradle.internal.operations.DefaultBuildOperationQueue$WorkerRunnable.runOperations(DefaultBuildOperationQueue.java:212)
	at org.gradle.internal.operations.CurrentBuildOperationRef.with(CurrentBuildOperationRef.java:84)
	at org.gradle.internal.operations.DefaultBuildOperationQueue$WorkerRunnable.run(DefaultBuildOperationQueue.java:205)
	at org.gradle.internal.operations.DefaultBuildOperationQueue.waitForCompletion(DefaultBuildOperationQueue.java:114)
	at org.gradle.internal.operations.DefaultBuildOperationExecutor.executeInParallel(DefaultBuildOperationExecutor.java:115)
	at org.gradle.internal.operations.DefaultBuildOperationExecutor.runAll(DefaultBuildOperationExecutor.java:64)
	at org.gradle.api.internal.artifacts.ivyservice.resolveengine.artifact.ParallelResolveArtifactSet$VisitingSet.visit(ParallelResolveArtifactSet.java:66)
	at org.gradle.api.internal.artifacts.ivyservice.resolveengine.artifact.ResolvedArtifactSetResolver$1.run(ResolvedArtifactSetResolver.java:68)
	at org.gradle.internal.operations.DefaultBuildOperationRunner$1.execute(DefaultBuildOperationRunner.java:29)
	at org.gradle.internal.operations.DefaultBuildOperationRunner$1.execute(DefaultBuildOperationRunner.java:26)
	at org.gradle.internal.operations.DefaultBuildOperationRunner$2.execute(DefaultBuildOperationRunner.java:66)
	at org.gradle.internal.operations.DefaultBuildOperationRunner$2.execute(DefaultBuildOperationRunner.java:59)
	at org.gradle.internal.operations.DefaultBuildOperationRunner.execute(DefaultBuildOperationRunner.java:166)
	at org.gradle.internal.operations.DefaultBuildOperationRunner.execute(DefaultBuildOperationRunner.java:59)
	at org.gradle.internal.operations.DefaultBuildOperationRunner.run(DefaultBuildOperationRunner.java:47)
	at org.gradle.api.internal.artifacts.ivyservice.resolveengine.artifact.ResolvedArtifactSetResolver.visitArtifacts(ResolvedArtifactSetResolver.java:65)
	at org.gradle.api.internal.artifacts.ivyservice.resolveengine.artifact.ResolvedArtifactSetResolver.lambda$visitInUnmanagedWorkerThread$0(ResolvedArtifactSetResolver.java:61)
	at org.gradle.internal.work.DefaultWorkerLeaseService.runAsUnmanagedWorkerThread(DefaultWorkerLeaseService.java:139)
	at org.gradle.api.internal.artifacts.ivyservice.resolveengine.artifact.ResolvedArtifactSetResolver.visitInUnmanagedWorkerThread(ResolvedArtifactSetResolver.java:61)
	at org.gradle.api.internal.artifacts.ivyservice.resolveengine.artifact.DefaultSelectedArtifactSet.visitArtifacts(DefaultSelectedArtifactSet.java:59)
	at org.gradle.api.internal.artifacts.configurations.ResolutionResultProviderBackedSelectedArtifactSet.visitArtifacts(ResolutionResultProviderBackedSelectedArtifactSet.java:52)
	at org.gradle.api.internal.artifacts.configurations.DefaultArtifactCollection.lambda$new$0(DefaultArtifactCollection.java:61)
	at org.gradle.internal.model.CalculatedValueContainerFactory$SupplierBackedCalculator.calculateValue(CalculatedValueContainerFactory.java:69)
	at org.gradle.internal.model.CalculatedValueContainer$CalculationState.lambda$attachValue$0(CalculatedValueContainer.java:227)
	at org.gradle.internal.Try.ofFailable(Try.java:46)
	at org.gradle.internal.model.CalculatedValueContainer$CalculationState.attachValue(CalculatedValueContainer.java:222)
	at org.gradle.internal.model.CalculatedValueContainer.finalizeIfNotAlready(CalculatedValueContainer.java:195)
	at org.gradle.internal.model.CalculatedValueContainer.finalizeIfNotAlready(CalculatedValueContainer.java:186)
	at org.gradle.api.internal.artifacts.configurations.DefaultArtifactCollection.ensureResolved(DefaultArtifactCollection.java:123)
	at org.gradle.api.internal.artifacts.configurations.DefaultArtifactCollection.getArtifacts(DefaultArtifactCollection.java:95)
	at org.gradle.api.internal.initialization.transform.utils.InstrumentationClasspathMerger.mergeToClasspath(InstrumentationClasspathMerger.java:52)
	at org.gradle.api.internal.initialization.DefaultScriptClassPathResolver.resolveClassPath(DefaultScriptClassPathResolver.java:155)
	at org.gradle.api.internal.initialization.DefaultBuildLogicBuilder.lambda$resolveClassPath$0(DefaultBuildLogicBuilder.java:64)
	at org.gradle.api.internal.initialization.DefaultBuildLogicBuildQueue.build(DefaultBuildLogicBuildQueue.java:69)
	at org.gradle.api.internal.initialization.DefaultBuildLogicBuilder.resolveClassPath(DefaultBuildLogicBuilder.java:61)
	at org.gradle.api.internal.initialization.DefaultScriptHandler.lambda$getInstrumentedScriptClassPath$0(DefaultScriptHandler.java:108)
	at org.gradle.api.internal.artifacts.configurations.DefaultConfiguration.callAndResetResolutionState(DefaultConfiguration.java:758)
	at org.gradle.api.internal.initialization.DefaultScriptHandler.getInstrumentedScriptClassPath(DefaultScriptHandler.java:112)
	at org.gradle.plugin.use.internal.DefaultPluginRequestApplicator.applyPlugins(DefaultPluginRequestApplicator.java:87)
	at org.gradle.configuration.DefaultScriptPluginFactory$ScriptPluginImpl.apply(DefaultScriptPluginFactory.java:123)
	at org.gradle.configuration.BuildOperationScriptPlugin$1.run(BuildOperationScriptPlugin.java:68)
	at org.gradle.internal.operations.DefaultBuildOperationRunner$1.execute(DefaultBuildOperationRunner.java:29)
	at org.gradle.internal.operations.DefaultBuildOperationRunner$1.execute(DefaultBuildOperationRunner.java:26)
	at org.gradle.internal.operations.DefaultBuildOperationRunner$2.execute(DefaultBuildOperationRunner.java:66)
	at org.gradle.internal.operations.DefaultBuildOperationRunner$2.execute(DefaultBuildOperationRunner.java:59)
	at org.gradle.internal.operations.DefaultBuildOperationRunner.execute(DefaultBuildOperationRunner.java:166)
	at org.gradle.internal.operations.DefaultBuildOperationRunner.execute(DefaultBuildOperationRunner.java:59)
	at org.gradle.internal.operations.DefaultBuildOperationRunner.run(DefaultBuildOperationRunner.java:47)
	at org.gradle.configuration.BuildOperationScriptPlugin.lambda$apply$0(BuildOperationScriptPlugin.java:65)
	at org.gradle.internal.code.DefaultUserCodeApplicationContext.apply(DefaultUserCodeApplicationContext.java:44)
	at org.gradle.configuration.BuildOperationScriptPlugin.apply(BuildOperationScriptPlugin.java:65)
	at org.gradle.api.internal.project.DefaultProjectStateRegistry$ProjectStateImpl.lambda$applyToMutableState$0(DefaultProjectStateRegistry.java:443)
	at org.gradle.api.internal.project.DefaultProjectStateRegistry$ProjectStateImpl.lambda$fromMutableState$1(DefaultProjectStateRegistry.java:450)
	at org.gradle.api.internal.project.DefaultProjectStateRegistry$ProjectStateImpl.runWithModelLock(DefaultProjectStateRegistry.java:466)
	at org.gradle.api.internal.project.DefaultProjectStateRegistry$ProjectStateImpl.fromMutableState(DefaultProjectStateRegistry.java:450)
	at org.gradle.api.internal.project.DefaultProjectStateRegistry$ProjectStateImpl.applyToMutableState(DefaultProjectStateRegistry.java:442)
	at org.gradle.configuration.project.BuildScriptProcessor.execute(BuildScriptProcessor.java:46)
	at org.gradle.configuration.project.BuildScriptProcessor.execute(BuildScriptProcessor.java:27)
	at org.gradle.configuration.project.ConfigureActionsProjectEvaluator.evaluate(ConfigureActionsProjectEvaluator.java:35)
	at org.gradle.configuration.project.LifecycleProjectEvaluator$EvaluateProject.lambda$run$0(LifecycleProjectEvaluator.java:109)
	at org.gradle.api.internal.project.DefaultProjectStateRegistry$ProjectStateImpl.lambda$applyToMutableState$0(DefaultProjectStateRegistry.java:443)
	at org.gradle.api.internal.project.DefaultProjectStateRegistry$ProjectStateImpl.lambda$fromMutableState$1(DefaultProjectStateRegistry.java:450)
	at org.gradle.internal.work.DefaultWorkerLeaseService.lambda$withLocksAcquired$0(DefaultWorkerLeaseService.java:269)
	at org.gradle.internal.work.ResourceLockStatistics$1.measure(ResourceLockStatistics.java:42)
	at org.gradle.internal.work.DefaultWorkerLeaseService.withLocksAcquired(DefaultWorkerLeaseService.java:267)
	at org.gradle.internal.work.DefaultWorkerLeaseService.lambda$withReplacedLocks$3(DefaultWorkerLeaseService.java:365)
	at org.gradle.internal.work.DefaultWorkerLeaseService.withoutLocks(DefaultWorkerLeaseService.java:337)
	at org.gradle.internal.work.DefaultWorkerLeaseService.withReplacedLocks(DefaultWorkerLeaseService.java:364)
	at org.gradle.api.internal.project.DefaultProjectStateRegistry$ProjectStateImpl.runWithModelLock(DefaultProjectStateRegistry.java:471)
	at org.gradle.api.internal.project.DefaultProjectStateRegistry$ProjectStateImpl.fromMutableState(DefaultProjectStateRegistry.java:450)
	at org.gradle.api.internal.project.DefaultProjectStateRegistry$ProjectStateImpl.applyToMutableState(DefaultProjectStateRegistry.java:442)
	at org.gradle.configuration.project.LifecycleProjectEvaluator$EvaluateProject.run(LifecycleProjectEvaluator.java:100)
	at org.gradle.internal.operations.DefaultBuildOperationRunner$1.execute(DefaultBuildOperationRunner.java:29)
	at org.gradle.internal.operations.DefaultBuildOperationRunner$1.execute(DefaultBuildOperationRunner.java:26)
	at org.gradle.internal.operations.DefaultBuildOperationRunner$2.execute(DefaultBuildOperationRunner.java:66)
	at org.gradle.internal.operations.DefaultBuildOperationRunner$2.execute(DefaultBuildOperationRunner.java:59)
	at org.gradle.internal.operations.DefaultBuildOperationRunner.execute(DefaultBuildOperationRunner.java:166)
	at org.gradle.internal.operations.DefaultBuildOperationRunner.execute(DefaultBuildOperationRunner.java:59)
	at org.gradle.internal.operations.DefaultBuildOperationRunner.run(DefaultBuildOperationRunner.java:47)
	at org.gradle.configuration.project.LifecycleProjectEvaluator.evaluate(LifecycleProjectEvaluator.java:72)
	at org.gradle.api.internal.project.DefaultProject.evaluateUnchecked(DefaultProject.java:796)
	at org.gradle.api.internal.project.ProjectLifecycleController.lambda$ensureSelfConfigured$2(ProjectLifecycleController.java:93)
	at org.gradle.internal.model.StateTransitionController.lambda$doTransition$14(StateTransitionController.java:265)
	at org.gradle.internal.model.StateTransitionController.doTransition(StateTransitionController.java:276)
	at org.gradle.internal.model.StateTransitionController.doTransition(StateTransitionController.java:264)
	at org.gradle.internal.model.StateTransitionController.lambda$maybeTransitionIfNotCurrentlyTransitioning$10(StateTransitionController.java:209)
	at org.gradle.internal.work.DefaultSynchronizer.withLock(DefaultSynchronizer.java:35)
	at org.gradle.internal.model.StateTransitionController.maybeTransitionIfNotCurrentlyTransitioning(StateTransitionController.java:205)
	at org.gradle.api.internal.project.ProjectLifecycleController.ensureSelfConfigured(ProjectLifecycleController.java:93)
	at org.gradle.api.internal.project.DefaultProjectStateRegistry$ProjectStateImpl.ensureConfigured(DefaultProjectStateRegistry.java:408)
	at org.gradle.execution.TaskPathProjectEvaluator.configure(TaskPathProjectEvaluator.java:71)
	at org.gradle.execution.TaskPathProjectEvaluator.configureHierarchy(TaskPathProjectEvaluator.java:87)
	at org.gradle.configuration.DefaultProjectsPreparer.prepareProjects(DefaultProjectsPreparer.java:50)
	at org.gradle.configuration.BuildTreePreparingProjectsPreparer.prepareProjects(BuildTreePreparingProjectsPreparer.java:65)
	at org.gradle.configuration.BuildOperationFiringProjectsPreparer$ConfigureBuild.run(BuildOperationFiringProjectsPreparer.java:52)
	at org.gradle.internal.operations.DefaultBuildOperationRunner$1.execute(DefaultBuildOperationRunner.java:29)
	at org.gradle.internal.operations.DefaultBuildOperationRunner$1.execute(DefaultBuildOperationRunner.java:26)
	at org.gradle.internal.operations.DefaultBuildOperationRunner$2.execute(DefaultBuildOperationRunner.java:66)
	at org.gradle.internal.operations.DefaultBuildOperationRunner$2.execute(DefaultBuildOperationRunner.java:59)
	at org.gradle.internal.operations.DefaultBuildOperationRunner.execute(DefaultBuildOperationRunner.java:166)
	at org.gradle.internal.operations.DefaultBuildOperationRunner.execute(DefaultBuildOperationRunner.java:59)
	at org.gradle.internal.operations.DefaultBuildOperationRunner.run(DefaultBuildOperationRunner.java:47)
	at org.gradle.configuration.BuildOperationFiringProjectsPreparer.prepareProjects(BuildOperationFiringProjectsPreparer.java:40)
	at org.gradle.initialization.VintageBuildModelController.lambda$prepareProjects$2(VintageBuildModelController.java:83)
	at org.gradle.internal.model.StateTransitionController.lambda$doTransition$14(StateTransitionController.java:265)
	at org.gradle.internal.model.StateTransitionController.doTransition(StateTransitionController.java:276)
	at org.gradle.internal.model.StateTransitionController.doTransition(StateTransitionController.java:264)
	at org.gradle.internal.model.StateTransitionController.lambda$transitionIfNotPreviously$11(StateTransitionController.java:223)
	at org.gradle.internal.work.DefaultSynchronizer.withLock(DefaultSynchronizer.java:35)
	at org.gradle.internal.model.StateTransitionController.transitionIfNotPreviously(StateTransitionController.java:219)
	at org.gradle.initialization.VintageBuildModelController.prepareProjects(VintageBuildModelController.java:83)
	at org.gradle.initialization.VintageBuildModelController.prepareToScheduleTasks(VintageBuildModelController.java:70)
	at org.gradle.internal.build.DefaultBuildLifecycleController.lambda$prepareToScheduleTasks$6(DefaultBuildLifecycleController.java:175)
	at org.gradle.internal.model.StateTransitionController.lambda$doTransition$14(StateTransitionController.java:265)
	at org.gradle.internal.model.StateTransitionController.doTransition(StateTransitionController.java:276)
	at org.gradle.internal.model.StateTransitionController.doTransition(StateTransitionController.java:264)
	at org.gradle.internal.model.StateTransitionController.lambda$maybeTransition$9(StateTransitionController.java:200)
	at org.gradle.internal.work.DefaultSynchronizer.withLock(DefaultSynchronizer.java:35)
	at org.gradle.internal.model.StateTransitionController.maybeTransition(StateTransitionController.java:196)
	at org.gradle.internal.build.DefaultBuildLifecycleController.prepareToScheduleTasks(DefaultBuildLifecycleController.java:173)
	at org.gradle.internal.buildtree.DefaultBuildTreeWorkPreparer.scheduleRequestedTasks(DefaultBuildTreeWorkPreparer.java:35)
	at org.gradle.internal.cc.impl.barrier.BarrierAwareBuildTreeWorkPreparer.scheduleRequestedTasks$lambda$0(BarrierAwareBuildTreeWorkPreparer.kt:34)
	at org.gradle.internal.cc.impl.barrier.VintageConfigurationTimeActionRunner.runConfigurationTimeAction(VintageConfigurationTimeActionRunner.kt:48)
	at org.gradle.internal.cc.impl.barrier.BarrierAwareBuildTreeWorkPreparer.scheduleRequestedTasks(BarrierAwareBuildTreeWorkPreparer.kt:33)
	at org.gradle.internal.cc.impl.VintageBuildTreeWorkController$scheduleAndRunRequestedTasks$1.apply(VintageBuildTreeWorkController.kt:36)
	at org.gradle.internal.cc.impl.VintageBuildTreeWorkController$scheduleAndRunRequestedTasks$1.apply(VintageBuildTreeWorkController.kt:35)
	at org.gradle.composite.internal.DefaultIncludedBuildTaskGraph.withNewWorkGraph(DefaultIncludedBuildTaskGraph.java:114)
	at org.gradle.internal.cc.impl.VintageBuildTreeWorkController.scheduleAndRunRequestedTasks(VintageBuildTreeWorkController.kt:35)
	at org.gradle.internal.buildtree.DefaultBuildTreeLifecycleController.lambda$scheduleAndRunTasks$1(DefaultBuildTreeLifecycleController.java:77)
	at org.gradle.internal.buildtree.DefaultBuildTreeLifecycleController.lambda$runBuild$4(DefaultBuildTreeLifecycleController.java:120)
	at org.gradle.internal.model.StateTransitionController.lambda$transition$6(StateTransitionController.java:179)
	at org.gradle.internal.model.StateTransitionController.doTransition(StateTransitionController.java:276)
	at org.gradle.internal.model.StateTransitionController.lambda$transition$7(StateTransitionController.java:179)
	at org.gradle.internal.work.DefaultSynchronizer.withLock(DefaultSynchronizer.java:45)
	at org.gradle.internal.model.StateTransitionController.transition(StateTransitionController.java:179)
	at org.gradle.internal.buildtree.DefaultBuildTreeLifecycleController.runBuild(DefaultBuildTreeLifecycleController.java:117)
	at org.gradle.internal.buildtree.DefaultBuildTreeLifecycleController.scheduleAndRunTasks(DefaultBuildTreeLifecycleController.java:77)
	at org.gradle.internal.buildtree.DefaultBuildTreeLifecycleController.scheduleAndRunTasks(DefaultBuildTreeLifecycleController.java:72)
	at org.gradle.tooling.internal.provider.ExecuteBuildActionRunner.run(ExecuteBuildActionRunner.java:31)
	at org.gradle.launcher.exec.ChainingBuildActionRunner.run(ChainingBuildActionRunner.java:35)
	at org.gradle.internal.buildtree.ProblemReportingBuildActionRunner.run(ProblemReportingBuildActionRunner.java:54)
	at org.gradle.launcher.exec.BuildOutcomeReportingBuildActionRunner.run(BuildOutcomeReportingBuildActionRunner.java:83)
	at org.gradle.tooling.internal.provider.FileSystemWatchingBuildActionRunner.run(FileSystemWatchingBuildActionRunner.java:135)
	at org.gradle.launcher.exec.BuildCompletionNotifyingBuildActionRunner.run(BuildCompletionNotifyingBuildActionRunner.java:54)
	at org.gradle.launcher.exec.RootBuildLifecycleBuildActionExecutor.lambda$execute$0(RootBuildLifecycleBuildActionExecutor.java:101)
	at org.gradle.composite.internal.DefaultRootBuildState.run(DefaultRootBuildState.java:126)
	at org.gradle.launcher.exec.RootBuildLifecycleBuildActionExecutor.execute(RootBuildLifecycleBuildActionExecutor.java:101)
	at org.gradle.launcher.exec.BuildTreeLifecycleBuildActionExecutor.runRootBuildAction(BuildTreeLifecycleBuildActionExecutor.java:98)
	at org.gradle.launcher.exec.BuildTreeLifecycleBuildActionExecutor.execute(BuildTreeLifecycleBuildActionExecutor.java:69)
	at org.gradle.launcher.exec.RunAsBuildOperationBuildActionExecutor$2.call(RunAsBuildOperationBuildActionExecutor.java:65)
	at org.gradle.launcher.exec.RunAsBuildOperationBuildActionExecutor$2.call(RunAsBuildOperationBuildActionExecutor.java:61)
	at org.gradle.internal.operations.DefaultBuildOperationRunner$CallableBuildOperationWorker.execute(DefaultBuildOperationRunner.java:209)
	at org.gradle.internal.operations.DefaultBuildOperationRunner$CallableBuildOperationWorker.execute(DefaultBuildOperationRunner.java:204)
	at org.gradle.internal.operations.DefaultBuildOperationRunner$2.execute(DefaultBuildOperationRunner.java:66)
	at org.gradle.internal.operations.DefaultBuildOperationRunner$2.execute(DefaultBuildOperationRunner.java:59)
	at org.gradle.internal.operations.DefaultBuildOperationRunner.execute(DefaultBuildOperationRunner.java:166)
	at org.gradle.internal.operations.DefaultBuildOperationRunner.execute(DefaultBuildOperationRunner.java:59)
	at org.gradle.internal.operations.DefaultBuildOperationRunner.call(DefaultBuildOperationRunner.java:53)
	at org.gradle.launcher.exec.RunAsBuildOperationBuildActionExecutor.execute(RunAsBuildOperationBuildActionExecutor.java:61)
	at org.gradle.launcher.exec.RunAsWorkerThreadBuildActionExecutor.lambda$execute$0(RunAsWorkerThreadBuildActionExecutor.java:36)
	at org.gradle.internal.work.DefaultWorkerLeaseService.lambda$withLocksAcquired$0(DefaultWorkerLeaseService.java:269)
	at org.gradle.internal.work.ResourceLockStatistics$1.measure(ResourceLockStatistics.java:42)
	at org.gradle.internal.work.DefaultWorkerLeaseService.withLocksAcquired(DefaultWorkerLeaseService.java:267)
	at org.gradle.internal.work.DefaultWorkerLeaseService.withLocks(DefaultWorkerLeaseService.java:259)
	at org.gradle.internal.work.DefaultWorkerLeaseService.runAsWorkerThread(DefaultWorkerLeaseService.java:127)
	at org.gradle.launcher.exec.RunAsWorkerThreadBuildActionExecutor.execute(RunAsWorkerThreadBuildActionExecutor.java:36)
	at org.gradle.tooling.internal.provider.continuous.ContinuousBuildActionExecutor.execute(ContinuousBuildActionExecutor.java:110)
	at org.gradle.tooling.internal.provider.SubscribableBuildActionExecutor.execute(SubscribableBuildActionExecutor.java:64)
	at org.gradle.internal.session.DefaultBuildSessionContext.execute(DefaultBuildSessionContext.java:46)
	at org.gradle.internal.buildprocess.execution.BuildSessionLifecycleBuildActionExecutor$ActionImpl.apply(BuildSessionLifecycleBuildActionExecutor.java:106)
	at org.gradle.internal.buildprocess.execution.BuildSessionLifecycleBuildActionExecutor$ActionImpl.apply(BuildSessionLifecycleBuildActionExecutor.java:94)
	at org.gradle.internal.session.BuildSessionState.run(BuildSessionState.java:73)
	at org.gradle.internal.buildprocess.execution.BuildSessionLifecycleBuildActionExecutor.execute(BuildSessionLifecycleBuildActionExecutor.java:67)
	at org.gradle.internal.buildprocess.execution.BuildSessionLifecycleBuildActionExecutor.execute(BuildSessionLifecycleBuildActionExecutor.java:45)
	at org.gradle.internal.buildprocess.execution.StartParamsValidatingActionExecutor.execute(StartParamsValidatingActionExecutor.java:57)
	at org.gradle.internal.buildprocess.execution.StartParamsValidatingActionExecutor.execute(StartParamsValidatingActionExecutor.java:32)
	at org.gradle.internal.buildprocess.execution.SessionFailureReportingActionExecutor.execute(SessionFailureReportingActionExecutor.java:51)
	at org.gradle.internal.buildprocess.execution.SessionFailureReportingActionExecutor.execute(SessionFailureReportingActionExecutor.java:39)
	at org.gradle.internal.buildprocess.execution.SetupLoggingActionExecutor.execute(SetupLoggingActionExecutor.java:47)
	at org.gradle.internal.buildprocess.execution.SetupLoggingActionExecutor.execute(SetupLoggingActionExecutor.java:31)
	at org.gradle.launcher.daemon.server.exec.ExecuteBuild.doBuild(ExecuteBuild.java:70)
	at org.gradle.launcher.daemon.server.exec.BuildCommandOnly.execute(BuildCommandOnly.java:37)
	at org.gradle.launcher.daemon.server.api.DaemonCommandExecution.proceed(DaemonCommandExecution.java:104)
	at org.gradle.launcher.daemon.server.exec.WatchForDisconnection.execute(WatchForDisconnection.java:39)
	at org.gradle.launcher.daemon.server.api.DaemonCommandExecution.proceed(DaemonCommandExecution.java:104)
	at org.gradle.launcher.daemon.server.exec.ResetDeprecationLogger.execute(ResetDeprecationLogger.java:29)
	at org.gradle.launcher.daemon.server.api.DaemonCommandExecution.proceed(DaemonCommandExecution.java:104)
	at org.gradle.launcher.daemon.server.exec.RequestStopIfSingleUsedDaemon.execute(RequestStopIfSingleUsedDaemon.java:35)
	at org.gradle.launcher.daemon.server.api.DaemonCommandExecution.proceed(DaemonCommandExecution.java:104)
	at org.gradle.launcher.daemon.server.exec.ForwardClientInput.lambda$execute$0(ForwardClientInput.java:40)
	at org.gradle.internal.daemon.clientinput.ClientInputForwarder.forwardInput(ClientInputForwarder.java:80)
	at org.gradle.launcher.daemon.server.exec.ForwardClientInput.execute(ForwardClientInput.java:37)
	at org.gradle.launcher.daemon.server.api.DaemonCommandExecution.proceed(DaemonCommandExecution.java:104)
	at org.gradle.launcher.daemon.server.exec.LogAndCheckHealth.execute(LogAndCheckHealth.java:53)
	at org.gradle.launcher.daemon.server.api.DaemonCommandExecution.proceed(DaemonCommandExecution.java:104)
	at org.gradle.launcher.daemon.server.exec.LogToClient.doBuild(LogToClient.java:63)
	at org.gradle.launcher.daemon.server.exec.BuildCommandOnly.execute(BuildCommandOnly.java:37)
	at org.gradle.launcher.daemon.server.api.DaemonCommandExecution.proceed(DaemonCommandExecution.java:104)
	at org.gradle.launcher.daemon.server.exec.EstablishBuildEnvironment.doBuild(EstablishBuildEnvironment.java:84)
	at org.gradle.launcher.daemon.server.exec.BuildCommandOnly.execute(BuildCommandOnly.java:37)
	at org.gradle.launcher.daemon.server.api.DaemonCommandExecution.proceed(DaemonCommandExecution.java:104)
	at org.gradle.launcher.daemon.server.exec.StartBuildOrRespondWithBusy$1.run(StartBuildOrRespondWithBusy.java:52)
	at org.gradle.launcher.daemon.server.DaemonStateCoordinator.lambda$runCommand$0(DaemonStateCoordinator.java:321)
	at org.gradle.internal.concurrent.ExecutorPolicy$CatchAndRecordFailures.onExecute(ExecutorPolicy.java:64)
	at org.gradle.internal.concurrent.AbstractManagedExecutor$1.run(AbstractManagedExecutor.java:47)
	at java.base/java.util.concurrent.ThreadPoolExecutor.runWorker(ThreadPoolExecutor.java:1136)
	at java.base/java.util.concurrent.ThreadPoolExecutor$Worker.run(ThreadPoolExecutor.java:635)
	at java.base/java.lang.Thread.run(Thread.java:840)
Caused by: org.gradle.api.resources.ResourceException: Could not get resource 'https://maven.myket.ir/io/grpc/grpc-stub/1.45.1/grpc-stub-1.45.1.jar'.
	at org.gradle.internal.resource.ResourceExceptions.failure(ResourceExceptions.java:74)
	at org.gradle.internal.resource.ResourceExceptions.getFailed(ResourceExceptions.java:57)
	at org.gradle.api.internal.artifacts.repositories.resolver.DefaultExternalResourceArtifactResolver.downloadByCoords(DefaultExternalResourceArtifactResolver.java:154)
	at org.gradle.api.internal.artifacts.repositories.resolver.DefaultExternalResourceArtifactResolver.downloadStaticResource(DefaultExternalResourceArtifactResolver.java:94)
	at org.gradle.api.internal.artifacts.repositories.resolver.DefaultExternalResourceArtifactResolver.resolveArtifact(DefaultExternalResourceArtifactResolver.java:62)
	at org.gradle.api.internal.artifacts.repositories.resolver.ExternalResourceResolver$RemoteRepositoryAccess.resolveArtifact(ExternalResourceResolver.java:492)
	... 235 more
Caused by: org.gradle.internal.resource.transport.http.HttpRequestException: Could not GET 'https://maven.myket.ir/io/grpc/grpc-stub/1.45.1/grpc-stub-1.45.1.jar'.
	at org.gradle.internal.resource.transport.http.HttpClientHelper.createHttpRequestException(HttpClientHelper.java:123)
	at org.gradle.internal.resource.transport.http.HttpClientHelper.performRequest(HttpClientHelper.java:117)
	at org.gradle.internal.resource.transport.http.HttpClientHelper.performRawGet(HttpClientHelper.java:99)
	at org.gradle.internal.resource.transport.http.HttpClientHelper.performGet(HttpClientHelper.java:104)
	at org.gradle.internal.resource.transport.http.HttpResourceAccessor.openResource(HttpResourceAccessor.java:45)
	at org.gradle.internal.resource.transport.http.HttpResourceAccessor.openResource(HttpResourceAccessor.java:30)
	at org.gradle.internal.resource.transfer.AbstractExternalResourceAccessor.withContent(AbstractExternalResourceAccessor.java:32)
	at org.gradle.internal.resource.transfer.DefaultExternalResourceConnector.withContent(DefaultExternalResourceConnector.java:59)
	at org.gradle.internal.resource.transfer.ProgressLoggingExternalResourceAccessor$DownloadOperation.call(ProgressLoggingExternalResourceAccessor.java:136)
	at org.gradle.internal.operations.DefaultBuildOperationRunner$CallableBuildOperationWorker.execute(DefaultBuildOperationRunner.java:209)
	at org.gradle.internal.operations.DefaultBuildOperationRunner$CallableBuildOperationWorker.execute(DefaultBuildOperationRunner.java:204)
	at org.gradle.internal.operations.DefaultBuildOperationRunner$2.execute(DefaultBuildOperationRunner.java:66)
	at org.gradle.internal.operations.DefaultBuildOperationRunner$2.execute(DefaultBuildOperationRunner.java:59)
	at org.gradle.internal.operations.DefaultBuildOperationRunner.execute(DefaultBuildOperationRunner.java:166)
	at org.gradle.internal.operations.DefaultBuildOperationRunner.execute(DefaultBuildOperationRunner.java:59)
	at org.gradle.internal.operations.DefaultBuildOperationRunner.call(DefaultBuildOperationRunner.java:53)
	at org.gradle.internal.resource.transfer.ProgressLoggingExternalResourceAccessor.withContent(ProgressLoggingExternalResourceAccessor.java:49)
	at org.gradle.internal.resource.transfer.AccessorBackedExternalResource.withContentIfPresent(AccessorBackedExternalResource.java:103)
	at org.gradle.internal.resource.transfer.DefaultCacheAwareExternalResourceAccessor.copyToCache(DefaultCacheAwareExternalResourceAccessor.java:188)
	at org.gradle.internal.resource.transfer.DefaultCacheAwareExternalResourceAccessor.lambda$getResource$1(DefaultCacheAwareExternalResourceAccessor.java:86)
	at org.gradle.cache.internal.ProducerGuard$AdaptiveProducerGuard.guardByKey(ProducerGuard.java:97)
	at org.gradle.internal.resource.transfer.DefaultCacheAwareExternalResourceAccessor.getResource(DefaultCacheAwareExternalResourceAccessor.java:80)
	at org.gradle.api.internal.artifacts.repositories.resolver.DefaultExternalResourceArtifactResolver.downloadByCoords(DefaultExternalResourceArtifactResolver.java:149)
	... 238 more
Caused by: java.net.UnknownHostException: maven.myket.ir
	at java.base/java.net.InetAddress$CachedAddresses.get(InetAddress.java:801)
	at java.base/java.net.InetAddress.getAllByName0(InetAddress.java:1533)
	at java.base/java.net.InetAddress.getAllByName(InetAddress.java:1385)
	at java.base/java.net.InetAddress.getAllByName(InetAddress.java:1306)
	at org.apache.http.impl.conn.SystemDefaultDnsResolver.resolve(SystemDefaultDnsResolver.java:45)
	at org.apache.http.impl.conn.DefaultHttpClientConnectionOperator.connect(DefaultHttpClientConnectionOperator.java:112)
	at org.apache.http.impl.conn.PoolingHttpClientConnectionManager.connect(PoolingHttpClientConnectionManager.java:376)
	at org.apache.http.impl.execchain.MainClientExec.establishRoute(MainClientExec.java:393)
	at org.apache.http.impl.execchain.MainClientExec.execute(MainClientExec.java:236)
	at org.apache.http.impl.execchain.ProtocolExec.execute(ProtocolExec.java:186)
	at org.apache.http.impl.execchain.RetryExec.execute(RetryExec.java:89)
	at org.apache.http.impl.execchain.RedirectExec.execute(RedirectExec.java:110)
	at org.apache.http.impl.client.InternalHttpClient.doExecute(InternalHttpClient.java:185)
	at org.apache.http.impl.client.CloseableHttpClient.execute(CloseableHttpClient.java:83)
	at org.gradle.internal.resource.transport.http.HttpClientHelper.performHttpRequest(HttpClientHelper.java:200)
	at org.gradle.internal.resource.transport.http.HttpClientHelper.performHttpRequest(HttpClientHelper.java:176)
	at org.gradle.internal.resource.transport.http.HttpClientHelper.executeGetOrHead(HttpClientHelper.java:165)
	at org.gradle.internal.resource.transport.http.HttpClientHelper.performRequest(HttpClientHelper.java:113)
	... 259 more
Cause 9: org.gradle.internal.resolve.ArtifactResolveException: Could not download core-proto-0.0.8-alpha08.jar (com.google.testing.platform:core-proto:0.0.8-alpha08)
	at org.gradle.api.internal.artifacts.repositories.resolver.ExternalResourceResolver$RemoteRepositoryAccess.resolveArtifact(ExternalResourceResolver.java:499)
	at org.gradle.api.internal.artifacts.ivyservice.ivyresolve.CachingModuleComponentRepository$ResolveAndCacheRepositoryAccess.resolveArtifact(CachingModuleComponentRepository.java:470)
	at org.gradle.api.internal.artifacts.ivyservice.ivyresolve.ErrorHandlingModuleComponentRepository$ErrorHandlingModuleComponentRepositoryAccess.lambda$resolveArtifact$12(ErrorHandlingModuleComponentRepository.java:180)
	at org.gradle.api.internal.artifacts.ivyservice.ivyresolve.ErrorHandlingModuleComponentRepository$ErrorHandlingModuleComponentRepositoryAccess.tryResolveAndMaybeDisable(ErrorHandlingModuleComponentRepository.java:251)
	at org.gradle.api.internal.artifacts.ivyservice.ivyresolve.ErrorHandlingModuleComponentRepository$ErrorHandlingModuleComponentRepositoryAccess.performOperationWithRetries(ErrorHandlingModuleComponentRepository.java:204)
	at org.gradle.api.internal.artifacts.ivyservice.ivyresolve.ErrorHandlingModuleComponentRepository$ErrorHandlingModuleComponentRepositoryAccess.resolveArtifact(ErrorHandlingModuleComponentRepository.java:178)
	at org.gradle.api.internal.artifacts.ivyservice.ivyresolve.RepositoryChainArtifactResolver.resolveArtifactLater(RepositoryChainArtifactResolver.java:75)
	at org.gradle.api.internal.artifacts.ivyservice.ivyresolve.RepositoryChainArtifactResolver.lambda$resolveArtifact$0(RepositoryChainArtifactResolver.java:63)
	at org.gradle.internal.model.CalculatedValueContainerFactory$SupplierBackedCalculator.calculateValue(CalculatedValueContainerFactory.java:69)
	at org.gradle.internal.model.CalculatedValueContainer$CalculationState.lambda$attachValue$0(CalculatedValueContainer.java:227)
	at org.gradle.internal.Try.ofFailable(Try.java:46)
	at org.gradle.internal.model.CalculatedValueContainer$CalculationState.attachValue(CalculatedValueContainer.java:222)
	at org.gradle.internal.model.CalculatedValueContainer.finalizeIfNotAlready(CalculatedValueContainer.java:195)
	at org.gradle.internal.model.CalculatedValueContainer.finalizeIfNotAlready(CalculatedValueContainer.java:186)
	at org.gradle.api.internal.artifacts.ivyservice.resolveengine.artifact.ArtifactBackedResolvedVariant$DownloadArtifactFile.run(ArtifactBackedResolvedVariant.java:208)
	at org.gradle.internal.operations.DefaultBuildOperationRunner$2.execute(DefaultBuildOperationRunner.java:66)
	at org.gradle.internal.operations.DefaultBuildOperationRunner$2.execute(DefaultBuildOperationRunner.java:59)
	at org.gradle.internal.operations.DefaultBuildOperationRunner.execute(DefaultBuildOperationRunner.java:166)
	at org.gradle.internal.operations.DefaultBuildOperationRunner.execute(DefaultBuildOperationRunner.java:59)
	at org.gradle.internal.operations.DefaultBuildOperationExecutor.lambda$executeInParallel$0(DefaultBuildOperationExecutor.java:102)
	at org.gradle.internal.operations.DefaultBuildOperationQueue$WorkerRunnable.runOperation(DefaultBuildOperationQueue.java:292)
	at org.gradle.internal.operations.DefaultBuildOperationQueue$WorkerRunnable.doRunBatch(DefaultBuildOperationQueue.java:273)
	at org.gradle.internal.operations.DefaultBuildOperationQueue$WorkerRunnable.lambda$runBatch$0(DefaultBuildOperationQueue.java:258)
	at org.gradle.internal.resources.AbstractResourceLockRegistry.whileDisallowingLockChanges(AbstractResourceLockRegistry.java:50)
	at org.gradle.internal.work.DefaultWorkerLeaseService.whileDisallowingProjectLockChanges(DefaultWorkerLeaseService.java:233)
	at org.gradle.internal.operations.DefaultBuildOperationQueue$WorkerRunnable.lambda$runBatch$1(DefaultBuildOperationQueue.java:258)
	at org.gradle.internal.work.DefaultWorkerLeaseService.lambda$withLocksAcquired$0(DefaultWorkerLeaseService.java:269)
	at org.gradle.internal.work.ResourceLockStatistics$1.measure(ResourceLockStatistics.java:42)
	at org.gradle.internal.work.DefaultWorkerLeaseService.withLocksAcquired(DefaultWorkerLeaseService.java:267)
	at org.gradle.internal.work.DefaultWorkerLeaseService.withLocks(DefaultWorkerLeaseService.java:259)
	at org.gradle.internal.work.DefaultWorkerLeaseService.runAsWorkerThread(DefaultWorkerLeaseService.java:127)
	at org.gradle.internal.operations.DefaultBuildOperationQueue$WorkerRunnable.runBatch(DefaultBuildOperationQueue.java:244)
	at org.gradle.internal.operations.DefaultBuildOperationQueue$WorkerRunnable.runOperations(DefaultBuildOperationQueue.java:212)
	at org.gradle.internal.operations.CurrentBuildOperationRef.with(CurrentBuildOperationRef.java:84)
	at org.gradle.internal.operations.DefaultBuildOperationQueue$WorkerRunnable.run(DefaultBuildOperationQueue.java:205)
	at org.gradle.internal.concurrent.ExecutorPolicy$CatchAndRecordFailures.onExecute(ExecutorPolicy.java:64)
	at org.gradle.internal.concurrent.AbstractManagedExecutor$1.run(AbstractManagedExecutor.java:47)
	at java.base/java.util.concurrent.ThreadPoolExecutor.runWorker(ThreadPoolExecutor.java:1136)
	at java.base/java.util.concurrent.ThreadPoolExecutor$Worker.run(ThreadPoolExecutor.java:635)
	at java.base/java.lang.Thread.run(Thread.java:840)
Caused by: org.gradle.api.resources.ResourceException: Could not get resource 'https://maven.myket.ir/com/google/testing/platform/core-proto/0.0.8-alpha08/core-proto-0.0.8-alpha08.jar'.
	at org.gradle.internal.resource.ResourceExceptions.failure(ResourceExceptions.java:74)
	at org.gradle.internal.resource.ResourceExceptions.getFailed(ResourceExceptions.java:57)
	at org.gradle.api.internal.artifacts.repositories.resolver.DefaultExternalResourceArtifactResolver.downloadByCoords(DefaultExternalResourceArtifactResolver.java:154)
	at org.gradle.api.internal.artifacts.repositories.resolver.DefaultExternalResourceArtifactResolver.downloadStaticResource(DefaultExternalResourceArtifactResolver.java:94)
	at org.gradle.api.internal.artifacts.repositories.resolver.DefaultExternalResourceArtifactResolver.resolveArtifact(DefaultExternalResourceArtifactResolver.java:62)
	at org.gradle.api.internal.artifacts.repositories.resolver.ExternalResourceResolver$RemoteRepositoryAccess.resolveArtifact(ExternalResourceResolver.java:492)
	... 39 more
Caused by: org.gradle.internal.resource.transport.http.HttpRequestException: Could not GET 'https://maven.myket.ir/com/google/testing/platform/core-proto/0.0.8-alpha08/core-proto-0.0.8-alpha08.jar'.
	at org.gradle.internal.resource.transport.http.HttpClientHelper.createHttpRequestException(HttpClientHelper.java:123)
	at org.gradle.internal.resource.transport.http.HttpClientHelper.performRequest(HttpClientHelper.java:117)
	at org.gradle.internal.resource.transport.http.HttpClientHelper.performRawGet(HttpClientHelper.java:99)
	at org.gradle.internal.resource.transport.http.HttpClientHelper.performGet(HttpClientHelper.java:104)
	at org.gradle.internal.resource.transport.http.HttpResourceAccessor.openResource(HttpResourceAccessor.java:45)
	at org.gradle.internal.resource.transport.http.HttpResourceAccessor.openResource(HttpResourceAccessor.java:30)
	at org.gradle.internal.resource.transfer.AbstractExternalResourceAccessor.withContent(AbstractExternalResourceAccessor.java:32)
	at org.gradle.internal.resource.transfer.DefaultExternalResourceConnector.withContent(DefaultExternalResourceConnector.java:59)
	at org.gradle.internal.resource.transfer.ProgressLoggingExternalResourceAccessor$DownloadOperation.call(ProgressLoggingExternalResourceAccessor.java:136)
	at org.gradle.internal.operations.DefaultBuildOperationRunner$CallableBuildOperationWorker.execute(DefaultBuildOperationRunner.java:209)
	at org.gradle.internal.operations.DefaultBuildOperationRunner$CallableBuildOperationWorker.execute(DefaultBuildOperationRunner.java:204)
	at org.gradle.internal.operations.DefaultBuildOperationRunner$2.execute(DefaultBuildOperationRunner.java:66)
	at org.gradle.internal.operations.DefaultBuildOperationRunner$2.execute(DefaultBuildOperationRunner.java:59)
	at org.gradle.internal.operations.DefaultBuildOperationRunner.execute(DefaultBuildOperationRunner.java:166)
	at org.gradle.internal.operations.DefaultBuildOperationRunner.execute(DefaultBuildOperationRunner.java:59)
	at org.gradle.internal.operations.DefaultBuildOperationRunner.call(DefaultBuildOperationRunner.java:53)
	at org.gradle.internal.resource.transfer.ProgressLoggingExternalResourceAccessor.withContent(ProgressLoggingExternalResourceAccessor.java:49)
	at org.gradle.internal.resource.transfer.AccessorBackedExternalResource.withContentIfPresent(AccessorBackedExternalResource.java:103)
	at org.gradle.internal.resource.transfer.DefaultCacheAwareExternalResourceAccessor.copyToCache(DefaultCacheAwareExternalResourceAccessor.java:188)
	at org.gradle.internal.resource.transfer.DefaultCacheAwareExternalResourceAccessor.lambda$getResource$1(DefaultCacheAwareExternalResourceAccessor.java:86)
	at org.gradle.cache.internal.ProducerGuard$AdaptiveProducerGuard.guardByKey(ProducerGuard.java:97)
	at org.gradle.internal.resource.transfer.DefaultCacheAwareExternalResourceAccessor.getResource(DefaultCacheAwareExternalResourceAccessor.java:80)
	at org.gradle.api.internal.artifacts.repositories.resolver.DefaultExternalResourceArtifactResolver.downloadByCoords(DefaultExternalResourceArtifactResolver.java:149)
	... 42 more
Caused by: java.net.UnknownHostException: maven.myket.ir
	at java.base/java.net.InetAddress$CachedAddresses.get(InetAddress.java:801)
	at java.base/java.net.InetAddress.getAllByName0(InetAddress.java:1533)
	at java.base/java.net.InetAddress.getAllByName(InetAddress.java:1385)
	at java.base/java.net.InetAddress.getAllByName(InetAddress.java:1306)
	at org.apache.http.impl.conn.SystemDefaultDnsResolver.resolve(SystemDefaultDnsResolver.java:45)
	at org.apache.http.impl.conn.DefaultHttpClientConnectionOperator.connect(DefaultHttpClientConnectionOperator.java:112)
	at org.apache.http.impl.conn.PoolingHttpClientConnectionManager.connect(PoolingHttpClientConnectionManager.java:376)
	at org.apache.http.impl.execchain.MainClientExec.establishRoute(MainClientExec.java:393)
	at org.apache.http.impl.execchain.MainClientExec.execute(MainClientExec.java:236)
	at org.apache.http.impl.execchain.ProtocolExec.execute(ProtocolExec.java:186)
	at org.apache.http.impl.execchain.RetryExec.execute(RetryExec.java:89)
	at org.apache.http.impl.execchain.RedirectExec.execute(RedirectExec.java:110)
	at org.apache.http.impl.client.InternalHttpClient.doExecute(InternalHttpClient.java:185)
	at org.apache.http.impl.client.CloseableHttpClient.execute(CloseableHttpClient.java:83)
	at org.gradle.internal.resource.transport.http.HttpClientHelper.performHttpRequest(HttpClientHelper.java:200)
	at org.gradle.internal.resource.transport.http.HttpClientHelper.performHttpRequest(HttpClientHelper.java:176)
	at org.gradle.internal.resource.transport.http.HttpClientHelper.executeGetOrHead(HttpClientHelper.java:165)
	at org.gradle.internal.resource.transport.http.HttpClientHelper.performRequest(HttpClientHelper.java:113)
	... 63 more
Cause 10: org.gradle.internal.resolve.ArtifactResolveException: Could not download org.eclipse.jgit-6.7.0.202309050840-r.jar (org.eclipse.jgit:org.eclipse.jgit:6.7.0.202309050840-r)
	at org.gradle.api.internal.artifacts.repositories.resolver.ExternalResourceResolver$RemoteRepositoryAccess.resolveArtifact(ExternalResourceResolver.java:499)
	at org.gradle.api.internal.artifacts.ivyservice.ivyresolve.CachingModuleComponentRepository$ResolveAndCacheRepositoryAccess.resolveArtifact(CachingModuleComponentRepository.java:470)
	at org.gradle.api.internal.artifacts.ivyservice.ivyresolve.ErrorHandlingModuleComponentRepository$ErrorHandlingModuleComponentRepositoryAccess.lambda$resolveArtifact$12(ErrorHandlingModuleComponentRepository.java:180)
	at org.gradle.api.internal.artifacts.ivyservice.ivyresolve.ErrorHandlingModuleComponentRepository$ErrorHandlingModuleComponentRepositoryAccess.tryResolveAndMaybeDisable(ErrorHandlingModuleComponentRepository.java:251)
	at org.gradle.api.internal.artifacts.ivyservice.ivyresolve.ErrorHandlingModuleComponentRepository$ErrorHandlingModuleComponentRepositoryAccess.performOperationWithRetries(ErrorHandlingModuleComponentRepository.java:204)
	at org.gradle.api.internal.artifacts.ivyservice.ivyresolve.ErrorHandlingModuleComponentRepository$ErrorHandlingModuleComponentRepositoryAccess.resolveArtifact(ErrorHandlingModuleComponentRepository.java:178)
	at org.gradle.api.internal.artifacts.ivyservice.ivyresolve.RepositoryChainArtifactResolver.resolveArtifactLater(RepositoryChainArtifactResolver.java:75)
	at org.gradle.api.internal.artifacts.ivyservice.ivyresolve.RepositoryChainArtifactResolver.lambda$resolveArtifact$0(RepositoryChainArtifactResolver.java:63)
	at org.gradle.internal.model.CalculatedValueContainerFactory$SupplierBackedCalculator.calculateValue(CalculatedValueContainerFactory.java:69)
	at org.gradle.internal.model.CalculatedValueContainer$CalculationState.lambda$attachValue$0(CalculatedValueContainer.java:227)
	at org.gradle.internal.Try.ofFailable(Try.java:46)
	at org.gradle.internal.model.CalculatedValueContainer$CalculationState.attachValue(CalculatedValueContainer.java:222)
	at org.gradle.internal.model.CalculatedValueContainer.finalizeIfNotAlready(CalculatedValueContainer.java:195)
	at org.gradle.internal.model.CalculatedValueContainer.finalizeIfNotAlready(CalculatedValueContainer.java:186)
	at org.gradle.api.internal.artifacts.ivyservice.resolveengine.artifact.ArtifactBackedResolvedVariant$DownloadArtifactFile.run(ArtifactBackedResolvedVariant.java:208)
	at org.gradle.internal.operations.DefaultBuildOperationRunner$2.execute(DefaultBuildOperationRunner.java:66)
	at org.gradle.internal.operations.DefaultBuildOperationRunner$2.execute(DefaultBuildOperationRunner.java:59)
	at org.gradle.internal.operations.DefaultBuildOperationRunner.execute(DefaultBuildOperationRunner.java:166)
	at org.gradle.internal.operations.DefaultBuildOperationRunner.execute(DefaultBuildOperationRunner.java:59)
	at org.gradle.internal.operations.DefaultBuildOperationExecutor.lambda$executeInParallel$0(DefaultBuildOperationExecutor.java:102)
	at org.gradle.internal.operations.DefaultBuildOperationQueue$WorkerRunnable.runOperation(DefaultBuildOperationQueue.java:292)
	at org.gradle.internal.operations.DefaultBuildOperationQueue$WorkerRunnable.doRunBatch(DefaultBuildOperationQueue.java:273)
	at org.gradle.internal.operations.DefaultBuildOperationQueue$WorkerRunnable.lambda$runBatch$0(DefaultBuildOperationQueue.java:258)
	at org.gradle.internal.resources.AbstractResourceLockRegistry.whileDisallowingLockChanges(AbstractResourceLockRegistry.java:50)
	at org.gradle.internal.work.DefaultWorkerLeaseService.whileDisallowingProjectLockChanges(DefaultWorkerLeaseService.java:233)
	at org.gradle.internal.operations.DefaultBuildOperationQueue$WorkerRunnable.lambda$runBatch$1(DefaultBuildOperationQueue.java:258)
	at org.gradle.internal.work.DefaultWorkerLeaseService.lambda$withLocksAcquired$0(DefaultWorkerLeaseService.java:269)
	at org.gradle.internal.work.ResourceLockStatistics$1.measure(ResourceLockStatistics.java:42)
	at org.gradle.internal.work.DefaultWorkerLeaseService.withLocksAcquired(DefaultWorkerLeaseService.java:267)
	at org.gradle.internal.work.DefaultWorkerLeaseService.withLocks(DefaultWorkerLeaseService.java:259)
	at org.gradle.internal.work.DefaultWorkerLeaseService.runAsWorkerThread(DefaultWorkerLeaseService.java:127)
	at org.gradle.internal.operations.DefaultBuildOperationQueue$WorkerRunnable.runBatch(DefaultBuildOperationQueue.java:244)
	at org.gradle.internal.operations.DefaultBuildOperationQueue$WorkerRunnable.runOperations(DefaultBuildOperationQueue.java:212)
	at org.gradle.internal.operations.CurrentBuildOperationRef.with(CurrentBuildOperationRef.java:84)
	at org.gradle.internal.operations.DefaultBuildOperationQueue$WorkerRunnable.run(DefaultBuildOperationQueue.java:205)
	at org.gradle.internal.concurrent.ExecutorPolicy$CatchAndRecordFailures.onExecute(ExecutorPolicy.java:64)
	at org.gradle.internal.concurrent.AbstractManagedExecutor$1.run(AbstractManagedExecutor.java:47)
	at java.base/java.util.concurrent.ThreadPoolExecutor.runWorker(ThreadPoolExecutor.java:1136)
	at java.base/java.util.concurrent.ThreadPoolExecutor$Worker.run(ThreadPoolExecutor.java:635)
	at java.base/java.lang.Thread.run(Thread.java:840)
Caused by: org.gradle.api.resources.ResourceException: Could not get resource 'https://maven.myket.ir/org/eclipse/jgit/org.eclipse.jgit/6.7.0.202309050840-r/org.eclipse.jgit-6.7.0.202309050840-r.jar'.
	at org.gradle.internal.resource.ResourceExceptions.failure(ResourceExceptions.java:74)
	at org.gradle.internal.resource.ResourceExceptions.getFailed(ResourceExceptions.java:57)
	at org.gradle.api.internal.artifacts.repositories.resolver.DefaultExternalResourceArtifactResolver.downloadByCoords(DefaultExternalResourceArtifactResolver.java:154)
	at org.gradle.api.internal.artifacts.repositories.resolver.DefaultExternalResourceArtifactResolver.downloadStaticResource(DefaultExternalResourceArtifactResolver.java:94)
	at org.gradle.api.internal.artifacts.repositories.resolver.DefaultExternalResourceArtifactResolver.resolveArtifact(DefaultExternalResourceArtifactResolver.java:62)
	at org.gradle.api.internal.artifacts.repositories.resolver.ExternalResourceResolver$RemoteRepositoryAccess.resolveArtifact(ExternalResourceResolver.java:492)
	... 39 more
Caused by: org.gradle.internal.resource.transport.http.HttpRequestException: Could not GET 'https://maven.myket.ir/org/eclipse/jgit/org.eclipse.jgit/6.7.0.202309050840-r/org.eclipse.jgit-6.7.0.202309050840-r.jar'.
	at org.gradle.internal.resource.transport.http.HttpClientHelper.createHttpRequestException(HttpClientHelper.java:123)
	at org.gradle.internal.resource.transport.http.HttpClientHelper.performRequest(HttpClientHelper.java:117)
	at org.gradle.internal.resource.transport.http.HttpClientHelper.performRawGet(HttpClientHelper.java:99)
	at org.gradle.internal.resource.transport.http.HttpClientHelper.performGet(HttpClientHelper.java:104)
	at org.gradle.internal.resource.transport.http.HttpResourceAccessor.openResource(HttpResourceAccessor.java:45)
	at org.gradle.internal.resource.transport.http.HttpResourceAccessor.openResource(HttpResourceAccessor.java:30)
	at org.gradle.internal.resource.transfer.AbstractExternalResourceAccessor.withContent(AbstractExternalResourceAccessor.java:32)
	at org.gradle.internal.resource.transfer.DefaultExternalResourceConnector.withContent(DefaultExternalResourceConnector.java:59)
	at org.gradle.internal.resource.transfer.ProgressLoggingExternalResourceAccessor$DownloadOperation.call(ProgressLoggingExternalResourceAccessor.java:136)
	at org.gradle.internal.operations.DefaultBuildOperationRunner$CallableBuildOperationWorker.execute(DefaultBuildOperationRunner.java:209)
	at org.gradle.internal.operations.DefaultBuildOperationRunner$CallableBuildOperationWorker.execute(DefaultBuildOperationRunner.java:204)
	at org.gradle.internal.operations.DefaultBuildOperationRunner$2.execute(DefaultBuildOperationRunner.java:66)
	at org.gradle.internal.operations.DefaultBuildOperationRunner$2.execute(DefaultBuildOperationRunner.java:59)
	at org.gradle.internal.operations.DefaultBuildOperationRunner.execute(DefaultBuildOperationRunner.java:166)
	at org.gradle.internal.operations.DefaultBuildOperationRunner.execute(DefaultBuildOperationRunner.java:59)
	at org.gradle.internal.operations.DefaultBuildOperationRunner.call(DefaultBuildOperationRunner.java:53)
	at org.gradle.internal.resource.transfer.ProgressLoggingExternalResourceAccessor.withContent(ProgressLoggingExternalResourceAccessor.java:49)
	at org.gradle.internal.resource.transfer.AccessorBackedExternalResource.withContentIfPresent(AccessorBackedExternalResource.java:103)
	at org.gradle.internal.resource.transfer.DefaultCacheAwareExternalResourceAccessor.copyToCache(DefaultCacheAwareExternalResourceAccessor.java:188)
	at org.gradle.internal.resource.transfer.DefaultCacheAwareExternalResourceAccessor.lambda$getResource$1(DefaultCacheAwareExternalResourceAccessor.java:86)
	at org.gradle.cache.internal.ProducerGuard$AdaptiveProducerGuard.guardByKey(ProducerGuard.java:97)
	at org.gradle.internal.resource.transfer.DefaultCacheAwareExternalResourceAccessor.getResource(DefaultCacheAwareExternalResourceAccessor.java:80)
	at org.gradle.api.internal.artifacts.repositories.resolver.DefaultExternalResourceArtifactResolver.downloadByCoords(DefaultExternalResourceArtifactResolver.java:149)
	... 42 more
Caused by: java.net.UnknownHostException: maven.myket.ir
	at java.base/java.net.InetAddress$CachedAddresses.get(InetAddress.java:801)
	at java.base/java.net.InetAddress.getAllByName0(InetAddress.java:1533)
	at java.base/java.net.InetAddress.getAllByName(InetAddress.java:1385)
	at java.base/java.net.InetAddress.getAllByName(InetAddress.java:1306)
	at org.apache.http.impl.conn.SystemDefaultDnsResolver.resolve(SystemDefaultDnsResolver.java:45)
	at org.apache.http.impl.conn.DefaultHttpClientConnectionOperator.connect(DefaultHttpClientConnectionOperator.java:112)
	at org.apache.http.impl.conn.PoolingHttpClientConnectionManager.connect(PoolingHttpClientConnectionManager.java:376)
	at org.apache.http.impl.execchain.MainClientExec.establishRoute(MainClientExec.java:393)
	at org.apache.http.impl.execchain.MainClientExec.execute(MainClientExec.java:236)
	at org.apache.http.impl.execchain.ProtocolExec.execute(ProtocolExec.java:186)
	at org.apache.http.impl.execchain.RetryExec.execute(RetryExec.java:89)
	at org.apache.http.impl.execchain.RedirectExec.execute(RedirectExec.java:110)
	at org.apache.http.impl.client.InternalHttpClient.doExecute(InternalHttpClient.java:185)
	at org.apache.http.impl.client.CloseableHttpClient.execute(CloseableHttpClient.java:83)
	at org.gradle.internal.resource.transport.http.HttpClientHelper.performHttpRequest(HttpClientHelper.java:200)
	at org.gradle.internal.resource.transport.http.HttpClientHelper.performHttpRequest(HttpClientHelper.java:176)
	at org.gradle.internal.resource.transport.http.HttpClientHelper.executeGetOrHead(HttpClientHelper.java:165)
	at org.gradle.internal.resource.transport.http.HttpClientHelper.performRequest(HttpClientHelper.java:113)
	... 63 more
Cause 11: org.gradle.internal.resolve.ArtifactResolveException: Could not download spotless-lib-2.45.0.jar (com.diffplug.spotless:spotless-lib:2.45.0)
	at org.gradle.api.internal.artifacts.repositories.resolver.ExternalResourceResolver$RemoteRepositoryAccess.resolveArtifact(ExternalResourceResolver.java:499)
	at org.gradle.api.internal.artifacts.ivyservice.ivyresolve.CachingModuleComponentRepository$ResolveAndCacheRepositoryAccess.resolveArtifact(CachingModuleComponentRepository.java:470)
	at org.gradle.api.internal.artifacts.ivyservice.ivyresolve.ErrorHandlingModuleComponentRepository$ErrorHandlingModuleComponentRepositoryAccess.lambda$resolveArtifact$12(ErrorHandlingModuleComponentRepository.java:180)
	at org.gradle.api.internal.artifacts.ivyservice.ivyresolve.ErrorHandlingModuleComponentRepository$ErrorHandlingModuleComponentRepositoryAccess.tryResolveAndMaybeDisable(ErrorHandlingModuleComponentRepository.java:251)
	at org.gradle.api.internal.artifacts.ivyservice.ivyresolve.ErrorHandlingModuleComponentRepository$ErrorHandlingModuleComponentRepositoryAccess.performOperationWithRetries(ErrorHandlingModuleComponentRepository.java:204)
	at org.gradle.api.internal.artifacts.ivyservice.ivyresolve.ErrorHandlingModuleComponentRepository$ErrorHandlingModuleComponentRepositoryAccess.resolveArtifact(ErrorHandlingModuleComponentRepository.java:178)
	at org.gradle.api.internal.artifacts.ivyservice.ivyresolve.RepositoryChainArtifactResolver.resolveArtifactLater(RepositoryChainArtifactResolver.java:75)
	at org.gradle.api.internal.artifacts.ivyservice.ivyresolve.RepositoryChainArtifactResolver.lambda$resolveArtifact$0(RepositoryChainArtifactResolver.java:63)
	at org.gradle.internal.model.CalculatedValueContainerFactory$SupplierBackedCalculator.calculateValue(CalculatedValueContainerFactory.java:69)
	at org.gradle.internal.model.CalculatedValueContainer$CalculationState.lambda$attachValue$0(CalculatedValueContainer.java:227)
	at org.gradle.internal.Try.ofFailable(Try.java:46)
	at org.gradle.internal.model.CalculatedValueContainer$CalculationState.attachValue(CalculatedValueContainer.java:222)
	at org.gradle.internal.model.CalculatedValueContainer.finalizeIfNotAlready(CalculatedValueContainer.java:195)
	at org.gradle.internal.model.CalculatedValueContainer.finalizeIfNotAlready(CalculatedValueContainer.java:186)
	at org.gradle.api.internal.artifacts.ivyservice.resolveengine.artifact.ArtifactBackedResolvedVariant$DownloadArtifactFile.run(ArtifactBackedResolvedVariant.java:208)
	at org.gradle.internal.operations.DefaultBuildOperationRunner$2.execute(DefaultBuildOperationRunner.java:66)
	at org.gradle.internal.operations.DefaultBuildOperationRunner$2.execute(DefaultBuildOperationRunner.java:59)
	at org.gradle.internal.operations.DefaultBuildOperationRunner.execute(DefaultBuildOperationRunner.java:166)
	at org.gradle.internal.operations.DefaultBuildOperationRunner.execute(DefaultBuildOperationRunner.java:59)
	at org.gradle.internal.operations.DefaultBuildOperationExecutor.lambda$executeInParallel$0(DefaultBuildOperationExecutor.java:102)
	at org.gradle.internal.operations.DefaultBuildOperationQueue$WorkerRunnable.runOperation(DefaultBuildOperationQueue.java:292)
	at org.gradle.internal.operations.DefaultBuildOperationQueue$WorkerRunnable.doRunBatch(DefaultBuildOperationQueue.java:273)
	at org.gradle.internal.operations.DefaultBuildOperationQueue$WorkerRunnable.lambda$runBatch$0(DefaultBuildOperationQueue.java:258)
	at org.gradle.internal.resources.AbstractResourceLockRegistry.whileDisallowingLockChanges(AbstractResourceLockRegistry.java:50)
	at org.gradle.internal.work.DefaultWorkerLeaseService.whileDisallowingProjectLockChanges(DefaultWorkerLeaseService.java:233)
	at org.gradle.internal.operations.DefaultBuildOperationQueue$WorkerRunnable.lambda$runBatch$1(DefaultBuildOperationQueue.java:258)
	at org.gradle.internal.work.DefaultWorkerLeaseService.lambda$withLocksAcquired$0(DefaultWorkerLeaseService.java:269)
	at org.gradle.internal.work.ResourceLockStatistics$1.measure(ResourceLockStatistics.java:42)
	at org.gradle.internal.work.DefaultWorkerLeaseService.withLocksAcquired(DefaultWorkerLeaseService.java:267)
	at org.gradle.internal.work.DefaultWorkerLeaseService.withLocks(DefaultWorkerLeaseService.java:259)
	at org.gradle.internal.work.DefaultWorkerLeaseService.runAsWorkerThread(DefaultWorkerLeaseService.java:127)
	at org.gradle.internal.operations.DefaultBuildOperationQueue$WorkerRunnable.runBatch(DefaultBuildOperationQueue.java:244)
	at org.gradle.internal.operations.DefaultBuildOperationQueue$WorkerRunnable.runOperations(DefaultBuildOperationQueue.java:212)
	at org.gradle.internal.operations.CurrentBuildOperationRef.with(CurrentBuildOperationRef.java:84)
	at org.gradle.internal.operations.DefaultBuildOperationQueue$WorkerRunnable.run(DefaultBuildOperationQueue.java:205)
	at org.gradle.internal.concurrent.ExecutorPolicy$CatchAndRecordFailures.onExecute(ExecutorPolicy.java:64)
	at org.gradle.internal.concurrent.AbstractManagedExecutor$1.run(AbstractManagedExecutor.java:47)
	at java.base/java.util.concurrent.ThreadPoolExecutor.runWorker(ThreadPoolExecutor.java:1136)
	at java.base/java.util.concurrent.ThreadPoolExecutor$Worker.run(ThreadPoolExecutor.java:635)
	at java.base/java.lang.Thread.run(Thread.java:840)
Caused by: org.gradle.api.resources.ResourceException: Could not get resource 'https://maven.myket.ir/com/diffplug/spotless/spotless-lib/2.45.0/spotless-lib-2.45.0.jar'.
	at org.gradle.internal.resource.ResourceExceptions.failure(ResourceExceptions.java:74)
	at org.gradle.internal.resource.ResourceExceptions.getFailed(ResourceExceptions.java:57)
	at org.gradle.api.internal.artifacts.repositories.resolver.DefaultExternalResourceArtifactResolver.downloadByUrl(DefaultExternalResourceArtifactResolver.java:114)
	at org.gradle.api.internal.artifacts.repositories.resolver.DefaultExternalResourceArtifactResolver.downloadStaticResource(DefaultExternalResourceArtifactResolver.java:92)
	at org.gradle.api.internal.artifacts.repositories.resolver.DefaultExternalResourceArtifactResolver.resolveArtifact(DefaultExternalResourceArtifactResolver.java:62)
	at org.gradle.api.internal.artifacts.repositories.resolver.ExternalResourceResolver$RemoteRepositoryAccess.resolveArtifact(ExternalResourceResolver.java:492)
	... 39 more
Caused by: org.gradle.internal.resource.transport.http.HttpRequestException: Could not GET 'https://maven.myket.ir/com/diffplug/spotless/spotless-lib/2.45.0/spotless-lib-2.45.0.jar'.
	at org.gradle.internal.resource.transport.http.HttpClientHelper.createHttpRequestException(HttpClientHelper.java:123)
	at org.gradle.internal.resource.transport.http.HttpClientHelper.performRequest(HttpClientHelper.java:117)
	at org.gradle.internal.resource.transport.http.HttpClientHelper.performRawGet(HttpClientHelper.java:99)
	at org.gradle.internal.resource.transport.http.HttpClientHelper.performGet(HttpClientHelper.java:104)
	at org.gradle.internal.resource.transport.http.HttpResourceAccessor.openResource(HttpResourceAccessor.java:45)
	at org.gradle.internal.resource.transport.http.HttpResourceAccessor.openResource(HttpResourceAccessor.java:30)
	at org.gradle.internal.resource.transfer.AbstractExternalResourceAccessor.withContent(AbstractExternalResourceAccessor.java:32)
	at org.gradle.internal.resource.transfer.DefaultExternalResourceConnector.withContent(DefaultExternalResourceConnector.java:59)
	at org.gradle.internal.resource.transfer.ProgressLoggingExternalResourceAccessor$DownloadOperation.call(ProgressLoggingExternalResourceAccessor.java:136)
	at org.gradle.internal.operations.DefaultBuildOperationRunner$CallableBuildOperationWorker.execute(DefaultBuildOperationRunner.java:209)
	at org.gradle.internal.operations.DefaultBuildOperationRunner$CallableBuildOperationWorker.execute(DefaultBuildOperationRunner.java:204)
	at org.gradle.internal.operations.DefaultBuildOperationRunner$2.execute(DefaultBuildOperationRunner.java:66)
	at org.gradle.internal.operations.DefaultBuildOperationRunner$2.execute(DefaultBuildOperationRunner.java:59)
	at org.gradle.internal.operations.DefaultBuildOperationRunner.execute(DefaultBuildOperationRunner.java:166)
	at org.gradle.internal.operations.DefaultBuildOperationRunner.execute(DefaultBuildOperationRunner.java:59)
	at org.gradle.internal.operations.DefaultBuildOperationRunner.call(DefaultBuildOperationRunner.java:53)
	at org.gradle.internal.resource.transfer.ProgressLoggingExternalResourceAccessor.withContent(ProgressLoggingExternalResourceAccessor.java:49)
	at org.gradle.internal.resource.transfer.AccessorBackedExternalResource.withContentIfPresent(AccessorBackedExternalResource.java:103)
	at org.gradle.internal.resource.transfer.DefaultCacheAwareExternalResourceAccessor.copyToCache(DefaultCacheAwareExternalResourceAccessor.java:188)
	at org.gradle.internal.resource.transfer.DefaultCacheAwareExternalResourceAccessor.lambda$getResource$1(DefaultCacheAwareExternalResourceAccessor.java:86)
	at org.gradle.cache.internal.ProducerGuard$AdaptiveProducerGuard.guardByKey(ProducerGuard.java:97)
	at org.gradle.internal.resource.transfer.DefaultCacheAwareExternalResourceAccessor.getResource(DefaultCacheAwareExternalResourceAccessor.java:80)
	at org.gradle.api.internal.artifacts.repositories.resolver.DefaultExternalResourceArtifactResolver.downloadByUrl(DefaultExternalResourceArtifactResolver.java:109)
	... 42 more
Caused by: java.net.UnknownHostException: maven.myket.ir
	at java.base/java.net.InetAddress$CachedAddresses.get(InetAddress.java:801)
	at java.base/java.net.InetAddress.getAllByName0(InetAddress.java:1533)
	at java.base/java.net.InetAddress.getAllByName(InetAddress.java:1385)
	at java.base/java.net.InetAddress.getAllByName(InetAddress.java:1306)
	at org.apache.http.impl.conn.SystemDefaultDnsResolver.resolve(SystemDefaultDnsResolver.java:45)
	at org.apache.http.impl.conn.DefaultHttpClientConnectionOperator.connect(DefaultHttpClientConnectionOperator.java:112)
	at org.apache.http.impl.conn.PoolingHttpClientConnectionManager.connect(PoolingHttpClientConnectionManager.java:376)
	at org.apache.http.impl.execchain.MainClientExec.establishRoute(MainClientExec.java:393)
	at org.apache.http.impl.execchain.MainClientExec.execute(MainClientExec.java:236)
	at org.apache.http.impl.execchain.ProtocolExec.execute(ProtocolExec.java:186)
	at org.apache.http.impl.execchain.RetryExec.execute(RetryExec.java:89)
	at org.apache.http.impl.execchain.RedirectExec.execute(RedirectExec.java:110)
	at org.apache.http.impl.client.InternalHttpClient.doExecute(InternalHttpClient.java:185)
	at org.apache.http.impl.client.CloseableHttpClient.execute(CloseableHttpClient.java:83)
	at org.gradle.internal.resource.transport.http.HttpClientHelper.performHttpRequest(HttpClientHelper.java:200)
	at org.gradle.internal.resource.transport.http.HttpClientHelper.performHttpRequest(HttpClientHelper.java:176)
	at org.gradle.internal.resource.transport.http.HttpClientHelper.executeGetOrHead(HttpClientHelper.java:165)
	at org.gradle.internal.resource.transport.http.HttpClientHelper.performRequest(HttpClientHelper.java:113)
	... 63 more
Cause 12: org.gradle.internal.resolve.ArtifactResolveException: Could not download grpc-protobuf-lite-1.45.1.jar (io.grpc:grpc-protobuf-lite:1.45.1)
	at org.gradle.api.internal.artifacts.repositories.resolver.ExternalResourceResolver$RemoteRepositoryAccess.resolveArtifact(ExternalResourceResolver.java:499)
	at org.gradle.api.internal.artifacts.ivyservice.ivyresolve.CachingModuleComponentRepository$ResolveAndCacheRepositoryAccess.resolveArtifact(CachingModuleComponentRepository.java:470)
	at org.gradle.api.internal.artifacts.ivyservice.ivyresolve.ErrorHandlingModuleComponentRepository$ErrorHandlingModuleComponentRepositoryAccess.lambda$resolveArtifact$12(ErrorHandlingModuleComponentRepository.java:180)
	at org.gradle.api.internal.artifacts.ivyservice.ivyresolve.ErrorHandlingModuleComponentRepository$ErrorHandlingModuleComponentRepositoryAccess.tryResolveAndMaybeDisable(ErrorHandlingModuleComponentRepository.java:251)
	at org.gradle.api.internal.artifacts.ivyservice.ivyresolve.ErrorHandlingModuleComponentRepository$ErrorHandlingModuleComponentRepositoryAccess.performOperationWithRetries(ErrorHandlingModuleComponentRepository.java:204)
	at org.gradle.api.internal.artifacts.ivyservice.ivyresolve.ErrorHandlingModuleComponentRepository$ErrorHandlingModuleComponentRepositoryAccess.resolveArtifact(ErrorHandlingModuleComponentRepository.java:178)
	at org.gradle.api.internal.artifacts.ivyservice.ivyresolve.RepositoryChainArtifactResolver.resolveArtifactLater(RepositoryChainArtifactResolver.java:75)
	at org.gradle.api.internal.artifacts.ivyservice.ivyresolve.RepositoryChainArtifactResolver.lambda$resolveArtifact$0(RepositoryChainArtifactResolver.java:63)
	at org.gradle.internal.model.CalculatedValueContainerFactory$SupplierBackedCalculator.calculateValue(CalculatedValueContainerFactory.java:69)
	at org.gradle.internal.model.CalculatedValueContainer$CalculationState.lambda$attachValue$0(CalculatedValueContainer.java:227)
	at org.gradle.internal.Try.ofFailable(Try.java:46)
	at org.gradle.internal.model.CalculatedValueContainer$CalculationState.attachValue(CalculatedValueContainer.java:222)
	at org.gradle.internal.model.CalculatedValueContainer.finalizeIfNotAlready(CalculatedValueContainer.java:195)
	at org.gradle.internal.model.CalculatedValueContainer.finalizeIfNotAlready(CalculatedValueContainer.java:186)
	at org.gradle.api.internal.artifacts.ivyservice.resolveengine.artifact.ArtifactBackedResolvedVariant$DownloadArtifactFile.run(ArtifactBackedResolvedVariant.java:208)
	at org.gradle.internal.operations.DefaultBuildOperationRunner$2.execute(DefaultBuildOperationRunner.java:66)
	at org.gradle.internal.operations.DefaultBuildOperationRunner$2.execute(DefaultBuildOperationRunner.java:59)
	at org.gradle.internal.operations.DefaultBuildOperationRunner.execute(DefaultBuildOperationRunner.java:166)
	at org.gradle.internal.operations.DefaultBuildOperationRunner.execute(DefaultBuildOperationRunner.java:59)
	at org.gradle.internal.operations.DefaultBuildOperationExecutor.lambda$executeInParallel$0(DefaultBuildOperationExecutor.java:102)
	at org.gradle.internal.operations.DefaultBuildOperationQueue$WorkerRunnable.runOperation(DefaultBuildOperationQueue.java:292)
	at org.gradle.internal.operations.DefaultBuildOperationQueue$WorkerRunnable.doRunBatch(DefaultBuildOperationQueue.java:273)
	at org.gradle.internal.operations.DefaultBuildOperationQueue$WorkerRunnable.lambda$runBatch$0(DefaultBuildOperationQueue.java:258)
	at org.gradle.internal.resources.AbstractResourceLockRegistry.whileDisallowingLockChanges(AbstractResourceLockRegistry.java:50)
	at org.gradle.internal.work.DefaultWorkerLeaseService.whileDisallowingProjectLockChanges(DefaultWorkerLeaseService.java:233)
	at org.gradle.internal.operations.DefaultBuildOperationQueue$WorkerRunnable.lambda$runBatch$1(DefaultBuildOperationQueue.java:258)
	at org.gradle.internal.work.DefaultWorkerLeaseService.lambda$withLocksAcquired$0(DefaultWorkerLeaseService.java:269)
	at org.gradle.internal.work.ResourceLockStatistics$1.measure(ResourceLockStatistics.java:42)
	at org.gradle.internal.work.DefaultWorkerLeaseService.withLocksAcquired(DefaultWorkerLeaseService.java:267)
	at org.gradle.internal.work.DefaultWorkerLeaseService.withLocks(DefaultWorkerLeaseService.java:259)
	at org.gradle.internal.work.DefaultWorkerLeaseService.runAsWorkerThread(DefaultWorkerLeaseService.java:127)
	at org.gradle.internal.operations.DefaultBuildOperationQueue$WorkerRunnable.runBatch(DefaultBuildOperationQueue.java:244)
	at org.gradle.internal.operations.DefaultBuildOperationQueue$WorkerRunnable.runOperations(DefaultBuildOperationQueue.java:212)
	at org.gradle.internal.operations.CurrentBuildOperationRef.with(CurrentBuildOperationRef.java:84)
	at org.gradle.internal.operations.DefaultBuildOperationQueue$WorkerRunnable.run(DefaultBuildOperationQueue.java:205)
	at org.gradle.internal.concurrent.ExecutorPolicy$CatchAndRecordFailures.onExecute(ExecutorPolicy.java:64)
	at org.gradle.internal.concurrent.AbstractManagedExecutor$1.run(AbstractManagedExecutor.java:47)
	at java.base/java.util.concurrent.ThreadPoolExecutor.runWorker(ThreadPoolExecutor.java:1136)
	at java.base/java.util.concurrent.ThreadPoolExecutor$Worker.run(ThreadPoolExecutor.java:635)
	at java.base/java.lang.Thread.run(Thread.java:840)
Caused by: org.gradle.api.resources.ResourceException: Could not get resource 'https://maven.myket.ir/io/grpc/grpc-protobuf-lite/1.45.1/grpc-protobuf-lite-1.45.1.jar'.
	at org.gradle.internal.resource.ResourceExceptions.failure(ResourceExceptions.java:74)
	at org.gradle.internal.resource.ResourceExceptions.getFailed(ResourceExceptions.java:57)
	at org.gradle.api.internal.artifacts.repositories.resolver.DefaultExternalResourceArtifactResolver.downloadByCoords(DefaultExternalResourceArtifactResolver.java:154)
	at org.gradle.api.internal.artifacts.repositories.resolver.DefaultExternalResourceArtifactResolver.downloadStaticResource(DefaultExternalResourceArtifactResolver.java:94)
	at org.gradle.api.internal.artifacts.repositories.resolver.DefaultExternalResourceArtifactResolver.resolveArtifact(DefaultExternalResourceArtifactResolver.java:62)
	at org.gradle.api.internal.artifacts.repositories.resolver.ExternalResourceResolver$RemoteRepositoryAccess.resolveArtifact(ExternalResourceResolver.java:492)
	... 39 more
Caused by: org.gradle.internal.resource.transport.http.HttpRequestException: Could not GET 'https://maven.myket.ir/io/grpc/grpc-protobuf-lite/1.45.1/grpc-protobuf-lite-1.45.1.jar'.
	at org.gradle.internal.resource.transport.http.HttpClientHelper.createHttpRequestException(HttpClientHelper.java:123)
	at org.gradle.internal.resource.transport.http.HttpClientHelper.performRequest(HttpClientHelper.java:117)
	at org.gradle.internal.resource.transport.http.HttpClientHelper.performRawGet(HttpClientHelper.java:99)
	at org.gradle.internal.resource.transport.http.HttpClientHelper.performGet(HttpClientHelper.java:104)
	at org.gradle.internal.resource.transport.http.HttpResourceAccessor.openResource(HttpResourceAccessor.java:45)
	at org.gradle.internal.resource.transport.http.HttpResourceAccessor.openResource(HttpResourceAccessor.java:30)
	at org.gradle.internal.resource.transfer.AbstractExternalResourceAccessor.withContent(AbstractExternalResourceAccessor.java:32)
	at org.gradle.internal.resource.transfer.DefaultExternalResourceConnector.withContent(DefaultExternalResourceConnector.java:59)
	at org.gradle.internal.resource.transfer.ProgressLoggingExternalResourceAccessor$DownloadOperation.call(ProgressLoggingExternalResourceAccessor.java:136)
	at org.gradle.internal.operations.DefaultBuildOperationRunner$CallableBuildOperationWorker.execute(DefaultBuildOperationRunner.java:209)
	at org.gradle.internal.operations.DefaultBuildOperationRunner$CallableBuildOperationWorker.execute(DefaultBuildOperationRunner.java:204)
	at org.gradle.internal.operations.DefaultBuildOperationRunner$2.execute(DefaultBuildOperationRunner.java:66)
	at org.gradle.internal.operations.DefaultBuildOperationRunner$2.execute(DefaultBuildOperationRunner.java:59)
	at org.gradle.internal.operations.DefaultBuildOperationRunner.execute(DefaultBuildOperationRunner.java:166)
	at org.gradle.internal.operations.DefaultBuildOperationRunner.execute(DefaultBuildOperationRunner.java:59)
	at org.gradle.internal.operations.DefaultBuildOperationRunner.call(DefaultBuildOperationRunner.java:53)
	at org.gradle.internal.resource.transfer.ProgressLoggingExternalResourceAccessor.withContent(ProgressLoggingExternalResourceAccessor.java:49)
	at org.gradle.internal.resource.transfer.AccessorBackedExternalResource.withContentIfPresent(AccessorBackedExternalResource.java:103)
	at org.gradle.internal.resource.transfer.DefaultCacheAwareExternalResourceAccessor.copyToCache(DefaultCacheAwareExternalResourceAccessor.java:188)
	at org.gradle.internal.resource.transfer.DefaultCacheAwareExternalResourceAccessor.lambda$getResource$1(DefaultCacheAwareExternalResourceAccessor.java:86)
	at org.gradle.cache.internal.ProducerGuard$AdaptiveProducerGuard.guardByKey(ProducerGuard.java:97)
	at org.gradle.internal.resource.transfer.DefaultCacheAwareExternalResourceAccessor.getResource(DefaultCacheAwareExternalResourceAccessor.java:80)
	at org.gradle.api.internal.artifacts.repositories.resolver.DefaultExternalResourceArtifactResolver.downloadByCoords(DefaultExternalResourceArtifactResolver.java:149)
	... 42 more
Caused by: java.net.UnknownHostException: maven.myket.ir
	at java.base/java.net.InetAddress$CachedAddresses.get(InetAddress.java:801)
	at java.base/java.net.InetAddress.getAllByName0(InetAddress.java:1533)
	at java.base/java.net.InetAddress.getAllByName(InetAddress.java:1385)
	at java.base/java.net.InetAddress.getAllByName(InetAddress.java:1306)
	at org.apache.http.impl.conn.SystemDefaultDnsResolver.resolve(SystemDefaultDnsResolver.java:45)
	at org.apache.http.impl.conn.DefaultHttpClientConnectionOperator.connect(DefaultHttpClientConnectionOperator.java:112)
	at org.apache.http.impl.conn.PoolingHttpClientConnectionManager.connect(PoolingHttpClientConnectionManager.java:376)
	at org.apache.http.impl.execchain.MainClientExec.establishRoute(MainClientExec.java:393)
	at org.apache.http.impl.execchain.MainClientExec.execute(MainClientExec.java:236)
	at org.apache.http.impl.execchain.ProtocolExec.execute(ProtocolExec.java:186)
	at org.apache.http.impl.execchain.RetryExec.execute(RetryExec.java:89)
	at org.apache.http.impl.execchain.RedirectExec.execute(RedirectExec.java:110)
	at org.apache.http.impl.client.InternalHttpClient.doExecute(InternalHttpClient.java:185)
	at org.apache.http.impl.client.CloseableHttpClient.execute(CloseableHttpClient.java:83)
	at org.gradle.internal.resource.transport.http.HttpClientHelper.performHttpRequest(HttpClientHelper.java:200)
	at org.gradle.internal.resource.transport.http.HttpClientHelper.performHttpRequest(HttpClientHelper.java:176)
	at org.gradle.internal.resource.transport.http.HttpClientHelper.executeGetOrHead(HttpClientHelper.java:165)
	at org.gradle.internal.resource.transport.http.HttpClientHelper.performRequest(HttpClientHelper.java:113)
	... 63 more
Cause 13: org.gradle.internal.resolve.ArtifactResolveException: Could not download grpc-api-1.45.1.jar (io.grpc:grpc-api:1.45.1)
	at org.gradle.api.internal.artifacts.repositories.resolver.ExternalResourceResolver$RemoteRepositoryAccess.resolveArtifact(ExternalResourceResolver.java:499)
	at org.gradle.api.internal.artifacts.ivyservice.ivyresolve.CachingModuleComponentRepository$ResolveAndCacheRepositoryAccess.resolveArtifact(CachingModuleComponentRepository.java:470)
	at org.gradle.api.internal.artifacts.ivyservice.ivyresolve.ErrorHandlingModuleComponentRepository$ErrorHandlingModuleComponentRepositoryAccess.lambda$resolveArtifact$12(ErrorHandlingModuleComponentRepository.java:180)
	at org.gradle.api.internal.artifacts.ivyservice.ivyresolve.ErrorHandlingModuleComponentRepository$ErrorHandlingModuleComponentRepositoryAccess.tryResolveAndMaybeDisable(ErrorHandlingModuleComponentRepository.java:251)
	at org.gradle.api.internal.artifacts.ivyservice.ivyresolve.ErrorHandlingModuleComponentRepository$ErrorHandlingModuleComponentRepositoryAccess.performOperationWithRetries(ErrorHandlingModuleComponentRepository.java:204)
	at org.gradle.api.internal.artifacts.ivyservice.ivyresolve.ErrorHandlingModuleComponentRepository$ErrorHandlingModuleComponentRepositoryAccess.resolveArtifact(ErrorHandlingModuleComponentRepository.java:178)
	at org.gradle.api.internal.artifacts.ivyservice.ivyresolve.RepositoryChainArtifactResolver.resolveArtifactLater(RepositoryChainArtifactResolver.java:75)
	at org.gradle.api.internal.artifacts.ivyservice.ivyresolve.RepositoryChainArtifactResolver.lambda$resolveArtifact$0(RepositoryChainArtifactResolver.java:63)
	at org.gradle.internal.model.CalculatedValueContainerFactory$SupplierBackedCalculator.calculateValue(CalculatedValueContainerFactory.java:69)
	at org.gradle.internal.model.CalculatedValueContainer$CalculationState.lambda$attachValue$0(CalculatedValueContainer.java:227)
	at org.gradle.internal.Try.ofFailable(Try.java:46)
	at org.gradle.internal.model.CalculatedValueContainer$CalculationState.attachValue(CalculatedValueContainer.java:222)
	at org.gradle.internal.model.CalculatedValueContainer.finalizeIfNotAlready(CalculatedValueContainer.java:195)
	at org.gradle.internal.model.CalculatedValueContainer.finalizeIfNotAlready(CalculatedValueContainer.java:186)
	at org.gradle.api.internal.artifacts.ivyservice.resolveengine.artifact.ArtifactBackedResolvedVariant$DownloadArtifactFile.run(ArtifactBackedResolvedVariant.java:208)
	at org.gradle.internal.operations.DefaultBuildOperationRunner$2.execute(DefaultBuildOperationRunner.java:66)
	at org.gradle.internal.operations.DefaultBuildOperationRunner$2.execute(DefaultBuildOperationRunner.java:59)
	at org.gradle.internal.operations.DefaultBuildOperationRunner.execute(DefaultBuildOperationRunner.java:166)
	at org.gradle.internal.operations.DefaultBuildOperationRunner.execute(DefaultBuildOperationRunner.java:59)
	at org.gradle.internal.operations.DefaultBuildOperationExecutor.lambda$executeInParallel$0(DefaultBuildOperationExecutor.java:102)
	at org.gradle.internal.operations.DefaultBuildOperationQueue$WorkerRunnable.runOperation(DefaultBuildOperationQueue.java:292)
	at org.gradle.internal.operations.DefaultBuildOperationQueue$WorkerRunnable.doRunBatch(DefaultBuildOperationQueue.java:273)
	at org.gradle.internal.operations.DefaultBuildOperationQueue$WorkerRunnable.lambda$runBatch$0(DefaultBuildOperationQueue.java:258)
	at org.gradle.internal.resources.AbstractResourceLockRegistry.whileDisallowingLockChanges(AbstractResourceLockRegistry.java:50)
	at org.gradle.internal.work.DefaultWorkerLeaseService.whileDisallowingProjectLockChanges(DefaultWorkerLeaseService.java:233)
	at org.gradle.internal.operations.DefaultBuildOperationQueue$WorkerRunnable.lambda$runBatch$1(DefaultBuildOperationQueue.java:258)
	at org.gradle.internal.work.DefaultWorkerLeaseService.lambda$withLocksAcquired$0(DefaultWorkerLeaseService.java:269)
	at org.gradle.internal.work.ResourceLockStatistics$1.measure(ResourceLockStatistics.java:42)
	at org.gradle.internal.work.DefaultWorkerLeaseService.withLocksAcquired(DefaultWorkerLeaseService.java:267)
	at org.gradle.internal.work.DefaultWorkerLeaseService.withLocks(DefaultWorkerLeaseService.java:259)
	at org.gradle.internal.work.DefaultWorkerLeaseService.runAsWorkerThread(DefaultWorkerLeaseService.java:127)
	at org.gradle.internal.operations.DefaultBuildOperationQueue$WorkerRunnable.runBatch(DefaultBuildOperationQueue.java:244)
	at org.gradle.internal.operations.DefaultBuildOperationQueue$WorkerRunnable.runOperations(DefaultBuildOperationQueue.java:212)
	at org.gradle.internal.operations.CurrentBuildOperationRef.with(CurrentBuildOperationRef.java:84)
	at org.gradle.internal.operations.DefaultBuildOperationQueue$WorkerRunnable.run(DefaultBuildOperationQueue.java:205)
	at org.gradle.internal.concurrent.ExecutorPolicy$CatchAndRecordFailures.onExecute(ExecutorPolicy.java:64)
	at org.gradle.internal.concurrent.AbstractManagedExecutor$1.run(AbstractManagedExecutor.java:47)
	at java.base/java.util.concurrent.ThreadPoolExecutor.runWorker(ThreadPoolExecutor.java:1136)
	at java.base/java.util.concurrent.ThreadPoolExecutor$Worker.run(ThreadPoolExecutor.java:635)
	at java.base/java.lang.Thread.run(Thread.java:840)
Caused by: org.gradle.api.resources.ResourceException: Could not get resource 'https://maven.myket.ir/io/grpc/grpc-api/1.45.1/grpc-api-1.45.1.jar'.
	at org.gradle.internal.resource.ResourceExceptions.failure(ResourceExceptions.java:74)
	at org.gradle.internal.resource.ResourceExceptions.getFailed(ResourceExceptions.java:57)
	at org.gradle.api.internal.artifacts.repositories.resolver.DefaultExternalResourceArtifactResolver.downloadByCoords(DefaultExternalResourceArtifactResolver.java:154)
	at org.gradle.api.internal.artifacts.repositories.resolver.DefaultExternalResourceArtifactResolver.downloadStaticResource(DefaultExternalResourceArtifactResolver.java:94)
	at org.gradle.api.internal.artifacts.repositories.resolver.DefaultExternalResourceArtifactResolver.resolveArtifact(DefaultExternalResourceArtifactResolver.java:62)
	at org.gradle.api.internal.artifacts.repositories.resolver.ExternalResourceResolver$RemoteRepositoryAccess.resolveArtifact(ExternalResourceResolver.java:492)
	... 39 more
Caused by: org.gradle.internal.resource.transport.http.HttpRequestException: Could not GET 'https://maven.myket.ir/io/grpc/grpc-api/1.45.1/grpc-api-1.45.1.jar'.
	at org.gradle.internal.resource.transport.http.HttpClientHelper.createHttpRequestException(HttpClientHelper.java:123)
	at org.gradle.internal.resource.transport.http.HttpClientHelper.performRequest(HttpClientHelper.java:117)
	at org.gradle.internal.resource.transport.http.HttpClientHelper.performRawGet(HttpClientHelper.java:99)
	at org.gradle.internal.resource.transport.http.HttpClientHelper.performGet(HttpClientHelper.java:104)
	at org.gradle.internal.resource.transport.http.HttpResourceAccessor.openResource(HttpResourceAccessor.java:45)
	at org.gradle.internal.resource.transport.http.HttpResourceAccessor.openResource(HttpResourceAccessor.java:30)
	at org.gradle.internal.resource.transfer.AbstractExternalResourceAccessor.withContent(AbstractExternalResourceAccessor.java:32)
	at org.gradle.internal.resource.transfer.DefaultExternalResourceConnector.withContent(DefaultExternalResourceConnector.java:59)
	at org.gradle.internal.resource.transfer.ProgressLoggingExternalResourceAccessor$DownloadOperation.call(ProgressLoggingExternalResourceAccessor.java:136)
	at org.gradle.internal.operations.DefaultBuildOperationRunner$CallableBuildOperationWorker.execute(DefaultBuildOperationRunner.java:209)
	at org.gradle.internal.operations.DefaultBuildOperationRunner$CallableBuildOperationWorker.execute(DefaultBuildOperationRunner.java:204)
	at org.gradle.internal.operations.DefaultBuildOperationRunner$2.execute(DefaultBuildOperationRunner.java:66)
	at org.gradle.internal.operations.DefaultBuildOperationRunner$2.execute(DefaultBuildOperationRunner.java:59)
	at org.gradle.internal.operations.DefaultBuildOperationRunner.execute(DefaultBuildOperationRunner.java:166)
	at org.gradle.internal.operations.DefaultBuildOperationRunner.execute(DefaultBuildOperationRunner.java:59)
	at org.gradle.internal.operations.DefaultBuildOperationRunner.call(DefaultBuildOperationRunner.java:53)
	at org.gradle.internal.resource.transfer.ProgressLoggingExternalResourceAccessor.withContent(ProgressLoggingExternalResourceAccessor.java:49)
	at org.gradle.internal.resource.transfer.AccessorBackedExternalResource.withContentIfPresent(AccessorBackedExternalResource.java:103)
	at org.gradle.internal.resource.transfer.DefaultCacheAwareExternalResourceAccessor.copyToCache(DefaultCacheAwareExternalResourceAccessor.java:188)
	at org.gradle.internal.resource.transfer.DefaultCacheAwareExternalResourceAccessor.lambda$getResource$1(DefaultCacheAwareExternalResourceAccessor.java:86)
	at org.gradle.cache.internal.ProducerGuard$AdaptiveProducerGuard.guardByKey(ProducerGuard.java:97)
	at org.gradle.internal.resource.transfer.DefaultCacheAwareExternalResourceAccessor.getResource(DefaultCacheAwareExternalResourceAccessor.java:80)
	at org.gradle.api.internal.artifacts.repositories.resolver.DefaultExternalResourceArtifactResolver.downloadByCoords(DefaultExternalResourceArtifactResolver.java:149)
	... 42 more
Caused by: java.net.UnknownHostException: maven.myket.ir
	at java.base/java.net.InetAddress$CachedAddresses.get(InetAddress.java:801)
	at java.base/java.net.InetAddress.getAllByName0(InetAddress.java:1533)
	at java.base/java.net.InetAddress.getAllByName(InetAddress.java:1385)
	at java.base/java.net.InetAddress.getAllByName(InetAddress.java:1306)
	at org.apache.http.impl.conn.SystemDefaultDnsResolver.resolve(SystemDefaultDnsResolver.java:45)
	at org.apache.http.impl.conn.DefaultHttpClientConnectionOperator.connect(DefaultHttpClientConnectionOperator.java:112)
	at org.apache.http.impl.conn.PoolingHttpClientConnectionManager.connect(PoolingHttpClientConnectionManager.java:376)
	at org.apache.http.impl.execchain.MainClientExec.establishRoute(MainClientExec.java:393)
	at org.apache.http.impl.execchain.MainClientExec.execute(MainClientExec.java:236)
	at org.apache.http.impl.execchain.ProtocolExec.execute(ProtocolExec.java:186)
	at org.apache.http.impl.execchain.RetryExec.execute(RetryExec.java:89)
	at org.apache.http.impl.execchain.RedirectExec.execute(RedirectExec.java:110)
	at org.apache.http.impl.client.InternalHttpClient.doExecute(InternalHttpClient.java:185)
	at org.apache.http.impl.client.CloseableHttpClient.execute(CloseableHttpClient.java:83)
	at org.gradle.internal.resource.transport.http.HttpClientHelper.performHttpRequest(HttpClientHelper.java:200)
	at org.gradle.internal.resource.transport.http.HttpClientHelper.performHttpRequest(HttpClientHelper.java:176)
	at org.gradle.internal.resource.transport.http.HttpClientHelper.executeGetOrHead(HttpClientHelper.java:165)
	at org.gradle.internal.resource.transport.http.HttpClientHelper.performRequest(HttpClientHelper.java:113)
	... 63 more
Cause 14: org.gradle.internal.resolve.ArtifactResolveException: Could not download guava-31.1-jre.jar (com.google.guava:guava:31.1-jre)
	at org.gradle.api.internal.artifacts.repositories.resolver.ExternalResourceResolver$RemoteRepositoryAccess.resolveArtifact(ExternalResourceResolver.java:499)
	at org.gradle.api.internal.artifacts.ivyservice.ivyresolve.CachingModuleComponentRepository$ResolveAndCacheRepositoryAccess.resolveArtifact(CachingModuleComponentRepository.java:470)
	at org.gradle.api.internal.artifacts.ivyservice.ivyresolve.ErrorHandlingModuleComponentRepository$ErrorHandlingModuleComponentRepositoryAccess.lambda$resolveArtifact$12(ErrorHandlingModuleComponentRepository.java:180)
	at org.gradle.api.internal.artifacts.ivyservice.ivyresolve.ErrorHandlingModuleComponentRepository$ErrorHandlingModuleComponentRepositoryAccess.tryResolveAndMaybeDisable(ErrorHandlingModuleComponentRepository.java:251)
	at org.gradle.api.internal.artifacts.ivyservice.ivyresolve.ErrorHandlingModuleComponentRepository$ErrorHandlingModuleComponentRepositoryAccess.performOperationWithRetries(ErrorHandlingModuleComponentRepository.java:204)
	at org.gradle.api.internal.artifacts.ivyservice.ivyresolve.ErrorHandlingModuleComponentRepository$ErrorHandlingModuleComponentRepositoryAccess.resolveArtifact(ErrorHandlingModuleComponentRepository.java:178)
	at org.gradle.api.internal.artifacts.ivyservice.ivyresolve.RepositoryChainArtifactResolver.resolveArtifactLater(RepositoryChainArtifactResolver.java:75)
	at org.gradle.api.internal.artifacts.ivyservice.ivyresolve.RepositoryChainArtifactResolver.lambda$resolveArtifact$0(RepositoryChainArtifactResolver.java:63)
	at org.gradle.internal.model.CalculatedValueContainerFactory$SupplierBackedCalculator.calculateValue(CalculatedValueContainerFactory.java:69)
	at org.gradle.internal.model.CalculatedValueContainer$CalculationState.lambda$attachValue$0(CalculatedValueContainer.java:227)
	at org.gradle.internal.Try.ofFailable(Try.java:46)
	at org.gradle.internal.model.CalculatedValueContainer$CalculationState.attachValue(CalculatedValueContainer.java:222)
	at org.gradle.internal.model.CalculatedValueContainer.finalizeIfNotAlready(CalculatedValueContainer.java:195)
	at org.gradle.internal.model.CalculatedValueContainer.finalizeIfNotAlready(CalculatedValueContainer.java:186)
	at org.gradle.api.internal.artifacts.ivyservice.resolveengine.artifact.ArtifactBackedResolvedVariant$DownloadArtifactFile.run(ArtifactBackedResolvedVariant.java:208)
	at org.gradle.internal.operations.DefaultBuildOperationRunner$2.execute(DefaultBuildOperationRunner.java:66)
	at org.gradle.internal.operations.DefaultBuildOperationRunner$2.execute(DefaultBuildOperationRunner.java:59)
	at org.gradle.internal.operations.DefaultBuildOperationRunner.execute(DefaultBuildOperationRunner.java:166)
	at org.gradle.internal.operations.DefaultBuildOperationRunner.execute(DefaultBuildOperationRunner.java:59)
	at org.gradle.internal.operations.DefaultBuildOperationExecutor.lambda$executeInParallel$0(DefaultBuildOperationExecutor.java:102)
	at org.gradle.internal.operations.DefaultBuildOperationQueue$WorkerRunnable.runOperation(DefaultBuildOperationQueue.java:292)
	at org.gradle.internal.operations.DefaultBuildOperationQueue$WorkerRunnable.doRunBatch(DefaultBuildOperationQueue.java:273)
	at org.gradle.internal.operations.DefaultBuildOperationQueue$WorkerRunnable.lambda$runBatch$0(DefaultBuildOperationQueue.java:258)
	at org.gradle.internal.resources.AbstractResourceLockRegistry.whileDisallowingLockChanges(AbstractResourceLockRegistry.java:50)
	at org.gradle.internal.work.DefaultWorkerLeaseService.whileDisallowingProjectLockChanges(DefaultWorkerLeaseService.java:233)
	at org.gradle.internal.operations.DefaultBuildOperationQueue$WorkerRunnable.lambda$runBatch$1(DefaultBuildOperationQueue.java:258)
	at org.gradle.internal.work.DefaultWorkerLeaseService.lambda$withLocksAcquired$0(DefaultWorkerLeaseService.java:269)
	at org.gradle.internal.work.ResourceLockStatistics$1.measure(ResourceLockStatistics.java:42)
	at org.gradle.internal.work.DefaultWorkerLeaseService.withLocksAcquired(DefaultWorkerLeaseService.java:267)
	at org.gradle.internal.work.DefaultWorkerLeaseService.withLocks(DefaultWorkerLeaseService.java:259)
	at org.gradle.internal.work.DefaultWorkerLeaseService.runAsWorkerThread(DefaultWorkerLeaseService.java:127)
	at org.gradle.internal.operations.DefaultBuildOperationQueue$WorkerRunnable.runBatch(DefaultBuildOperationQueue.java:244)
	at org.gradle.internal.operations.DefaultBuildOperationQueue$WorkerRunnable.runOperations(DefaultBuildOperationQueue.java:212)
	at org.gradle.internal.operations.CurrentBuildOperationRef.with(CurrentBuildOperationRef.java:84)
	at org.gradle.internal.operations.DefaultBuildOperationQueue$WorkerRunnable.run(DefaultBuildOperationQueue.java:205)
	at org.gradle.internal.concurrent.ExecutorPolicy$CatchAndRecordFailures.onExecute(ExecutorPolicy.java:64)
	at org.gradle.internal.concurrent.AbstractManagedExecutor$1.run(AbstractManagedExecutor.java:47)
	at java.base/java.util.concurrent.ThreadPoolExecutor.runWorker(ThreadPoolExecutor.java:1136)
	at java.base/java.util.concurrent.ThreadPoolExecutor$Worker.run(ThreadPoolExecutor.java:635)
	at java.base/java.lang.Thread.run(Thread.java:840)
Caused by: org.gradle.api.resources.ResourceException: Could not get resource 'https://maven.myket.ir/com/google/guava/guava/31.1-jre/guava-31.1-jre.jar'.
	at org.gradle.internal.resource.ResourceExceptions.failure(ResourceExceptions.java:74)
	at org.gradle.internal.resource.ResourceExceptions.getFailed(ResourceExceptions.java:57)
	at org.gradle.api.internal.artifacts.repositories.resolver.DefaultExternalResourceArtifactResolver.downloadByCoords(DefaultExternalResourceArtifactResolver.java:154)
	at org.gradle.api.internal.artifacts.repositories.resolver.DefaultExternalResourceArtifactResolver.downloadStaticResource(DefaultExternalResourceArtifactResolver.java:94)
	at org.gradle.api.internal.artifacts.repositories.resolver.DefaultExternalResourceArtifactResolver.resolveArtifact(DefaultExternalResourceArtifactResolver.java:62)
	at org.gradle.api.internal.artifacts.repositories.resolver.ExternalResourceResolver$RemoteRepositoryAccess.resolveArtifact(ExternalResourceResolver.java:492)
	... 39 more
Caused by: org.gradle.internal.resource.transport.http.HttpRequestException: Could not GET 'https://maven.myket.ir/com/google/guava/guava/31.1-jre/guava-31.1-jre.jar'.
	at org.gradle.internal.resource.transport.http.HttpClientHelper.createHttpRequestException(HttpClientHelper.java:123)
	at org.gradle.internal.resource.transport.http.HttpClientHelper.performRequest(HttpClientHelper.java:117)
	at org.gradle.internal.resource.transport.http.HttpClientHelper.performRawGet(HttpClientHelper.java:99)
	at org.gradle.internal.resource.transport.http.HttpClientHelper.performGet(HttpClientHelper.java:104)
	at org.gradle.internal.resource.transport.http.HttpResourceAccessor.openResource(HttpResourceAccessor.java:45)
	at org.gradle.internal.resource.transport.http.HttpResourceAccessor.openResource(HttpResourceAccessor.java:30)
	at org.gradle.internal.resource.transfer.AbstractExternalResourceAccessor.withContent(AbstractExternalResourceAccessor.java:32)
	at org.gradle.internal.resource.transfer.DefaultExternalResourceConnector.withContent(DefaultExternalResourceConnector.java:59)
	at org.gradle.internal.resource.transfer.ProgressLoggingExternalResourceAccessor$DownloadOperation.call(ProgressLoggingExternalResourceAccessor.java:136)
	at org.gradle.internal.operations.DefaultBuildOperationRunner$CallableBuildOperationWorker.execute(DefaultBuildOperationRunner.java:209)
	at org.gradle.internal.operations.DefaultBuildOperationRunner$CallableBuildOperationWorker.execute(DefaultBuildOperationRunner.java:204)
	at org.gradle.internal.operations.DefaultBuildOperationRunner$2.execute(DefaultBuildOperationRunner.java:66)
	at org.gradle.internal.operations.DefaultBuildOperationRunner$2.execute(DefaultBuildOperationRunner.java:59)
	at org.gradle.internal.operations.DefaultBuildOperationRunner.execute(DefaultBuildOperationRunner.java:166)
	at org.gradle.internal.operations.DefaultBuildOperationRunner.execute(DefaultBuildOperationRunner.java:59)
	at org.gradle.internal.operations.DefaultBuildOperationRunner.call(DefaultBuildOperationRunner.java:53)
	at org.gradle.internal.resource.transfer.ProgressLoggingExternalResourceAccessor.withContent(ProgressLoggingExternalResourceAccessor.java:49)
	at org.gradle.internal.resource.transfer.AccessorBackedExternalResource.withContentIfPresent(AccessorBackedExternalResource.java:103)
	at org.gradle.internal.resource.transfer.DefaultCacheAwareExternalResourceAccessor.copyToCache(DefaultCacheAwareExternalResourceAccessor.java:188)
	at org.gradle.internal.resource.transfer.DefaultCacheAwareExternalResourceAccessor.lambda$getResource$1(DefaultCacheAwareExternalResourceAccessor.java:86)
	at org.gradle.cache.internal.ProducerGuard$AdaptiveProducerGuard.guardByKey(ProducerGuard.java:97)
	at org.gradle.internal.resource.transfer.DefaultCacheAwareExternalResourceAccessor.getResource(DefaultCacheAwareExternalResourceAccessor.java:80)
	at org.gradle.api.internal.artifacts.repositories.resolver.DefaultExternalResourceArtifactResolver.downloadByCoords(DefaultExternalResourceArtifactResolver.java:149)
	... 42 more
Caused by: java.net.UnknownHostException: maven.myket.ir
	at java.base/java.net.InetAddress$CachedAddresses.get(InetAddress.java:801)
	at java.base/java.net.InetAddress.getAllByName0(InetAddress.java:1533)
	at java.base/java.net.InetAddress.getAllByName(InetAddress.java:1385)
	at java.base/java.net.InetAddress.getAllByName(InetAddress.java:1306)
	at org.apache.http.impl.conn.SystemDefaultDnsResolver.resolve(SystemDefaultDnsResolver.java:45)
	at org.apache.http.impl.conn.DefaultHttpClientConnectionOperator.connect(DefaultHttpClientConnectionOperator.java:112)
	at org.apache.http.impl.conn.PoolingHttpClientConnectionManager.connect(PoolingHttpClientConnectionManager.java:376)
	at org.apache.http.impl.execchain.MainClientExec.establishRoute(MainClientExec.java:393)
	at org.apache.http.impl.execchain.MainClientExec.execute(MainClientExec.java:236)
	at org.apache.http.impl.execchain.ProtocolExec.execute(ProtocolExec.java:186)
	at org.apache.http.impl.execchain.RetryExec.execute(RetryExec.java:89)
	at org.apache.http.impl.execchain.RedirectExec.execute(RedirectExec.java:110)
	at org.apache.http.impl.client.InternalHttpClient.doExecute(InternalHttpClient.java:185)
	at org.apache.http.impl.client.CloseableHttpClient.execute(CloseableHttpClient.java:83)
	at org.gradle.internal.resource.transport.http.HttpClientHelper.performHttpRequest(HttpClientHelper.java:200)
	at org.gradle.internal.resource.transport.http.HttpClientHelper.performHttpRequest(HttpClientHelper.java:176)
	at org.gradle.internal.resource.transport.http.HttpClientHelper.executeGetOrHead(HttpClientHelper.java:165)
	at org.gradle.internal.resource.transport.http.HttpClientHelper.performRequest(HttpClientHelper.java:113)
	... 63 more
Cause 15: org.gradle.internal.resolve.ArtifactResolveException: Could not download kotlin-reflect-1.9.0.jar (org.jetbrains.kotlin:kotlin-reflect:1.9.0)
	at org.gradle.api.internal.artifacts.repositories.resolver.ExternalResourceResolver$RemoteRepositoryAccess.resolveArtifact(ExternalResourceResolver.java:499)
	at org.gradle.api.internal.artifacts.ivyservice.ivyresolve.CachingModuleComponentRepository$ResolveAndCacheRepositoryAccess.resolveArtifact(CachingModuleComponentRepository.java:470)
	at org.gradle.api.internal.artifacts.ivyservice.ivyresolve.ErrorHandlingModuleComponentRepository$ErrorHandlingModuleComponentRepositoryAccess.lambda$resolveArtifact$12(ErrorHandlingModuleComponentRepository.java:180)
	at org.gradle.api.internal.artifacts.ivyservice.ivyresolve.ErrorHandlingModuleComponentRepository$ErrorHandlingModuleComponentRepositoryAccess.tryResolveAndMaybeDisable(ErrorHandlingModuleComponentRepository.java:251)
	at org.gradle.api.internal.artifacts.ivyservice.ivyresolve.ErrorHandlingModuleComponentRepository$ErrorHandlingModuleComponentRepositoryAccess.performOperationWithRetries(ErrorHandlingModuleComponentRepository.java:204)
	at org.gradle.api.internal.artifacts.ivyservice.ivyresolve.ErrorHandlingModuleComponentRepository$ErrorHandlingModuleComponentRepositoryAccess.resolveArtifact(ErrorHandlingModuleComponentRepository.java:178)
	at org.gradle.api.internal.artifacts.ivyservice.ivyresolve.RepositoryChainArtifactResolver.resolveArtifactLater(RepositoryChainArtifactResolver.java:75)
	at org.gradle.api.internal.artifacts.ivyservice.ivyresolve.RepositoryChainArtifactResolver.lambda$resolveArtifact$0(RepositoryChainArtifactResolver.java:63)
	at org.gradle.internal.model.CalculatedValueContainerFactory$SupplierBackedCalculator.calculateValue(CalculatedValueContainerFactory.java:69)
	at org.gradle.internal.model.CalculatedValueContainer$CalculationState.lambda$attachValue$0(CalculatedValueContainer.java:227)
	at org.gradle.internal.Try.ofFailable(Try.java:46)
	at org.gradle.internal.model.CalculatedValueContainer$CalculationState.attachValue(CalculatedValueContainer.java:222)
	at org.gradle.internal.model.CalculatedValueContainer.finalizeIfNotAlready(CalculatedValueContainer.java:195)
	at org.gradle.internal.model.CalculatedValueContainer.finalizeIfNotAlready(CalculatedValueContainer.java:186)
	at org.gradle.api.internal.artifacts.ivyservice.resolveengine.artifact.ArtifactBackedResolvedVariant$DownloadArtifactFile.run(ArtifactBackedResolvedVariant.java:208)
	at org.gradle.internal.operations.DefaultBuildOperationRunner$2.execute(DefaultBuildOperationRunner.java:66)
	at org.gradle.internal.operations.DefaultBuildOperationRunner$2.execute(DefaultBuildOperationRunner.java:59)
	at org.gradle.internal.operations.DefaultBuildOperationRunner.execute(DefaultBuildOperationRunner.java:166)
	at org.gradle.internal.operations.DefaultBuildOperationRunner.execute(DefaultBuildOperationRunner.java:59)
	at org.gradle.internal.operations.DefaultBuildOperationExecutor.lambda$executeInParallel$0(DefaultBuildOperationExecutor.java:102)
	at org.gradle.internal.operations.DefaultBuildOperationQueue$WorkerRunnable.runOperation(DefaultBuildOperationQueue.java:292)
	at org.gradle.internal.operations.DefaultBuildOperationQueue$WorkerRunnable.doRunBatch(DefaultBuildOperationQueue.java:273)
	at org.gradle.internal.operations.DefaultBuildOperationQueue$WorkerRunnable.lambda$runBatch$0(DefaultBuildOperationQueue.java:258)
	at org.gradle.internal.resources.AbstractResourceLockRegistry.whileDisallowingLockChanges(AbstractResourceLockRegistry.java:50)
	at org.gradle.internal.work.DefaultWorkerLeaseService.whileDisallowingProjectLockChanges(DefaultWorkerLeaseService.java:233)
	at org.gradle.internal.operations.DefaultBuildOperationQueue$WorkerRunnable.lambda$runBatch$1(DefaultBuildOperationQueue.java:258)
	at org.gradle.internal.work.DefaultWorkerLeaseService.runAsWorkerThread(DefaultWorkerLeaseService.java:125)
	at org.gradle.internal.operations.DefaultBuildOperationQueue$WorkerRunnable.runBatch(DefaultBuildOperationQueue.java:244)
	at org.gradle.internal.operations.DefaultBuildOperationQueue$WorkerRunnable.runOperations(DefaultBuildOperationQueue.java:212)
	at org.gradle.internal.operations.CurrentBuildOperationRef.with(CurrentBuildOperationRef.java:84)
	at org.gradle.internal.operations.DefaultBuildOperationQueue$WorkerRunnable.run(DefaultBuildOperationQueue.java:205)
	at org.gradle.internal.operations.DefaultBuildOperationQueue.waitForCompletion(DefaultBuildOperationQueue.java:114)
	at org.gradle.internal.operations.DefaultBuildOperationExecutor.executeInParallel(DefaultBuildOperationExecutor.java:115)
	at org.gradle.internal.operations.DefaultBuildOperationExecutor.runAll(DefaultBuildOperationExecutor.java:64)
	at org.gradle.api.internal.artifacts.ivyservice.resolveengine.artifact.ParallelResolveArtifactSet$VisitingSet.visit(ParallelResolveArtifactSet.java:66)
	at org.gradle.api.internal.artifacts.ivyservice.resolveengine.artifact.ResolvedArtifactSetResolver$1.run(ResolvedArtifactSetResolver.java:68)
	at org.gradle.internal.operations.DefaultBuildOperationRunner$1.execute(DefaultBuildOperationRunner.java:29)
	at org.gradle.internal.operations.DefaultBuildOperationRunner$1.execute(DefaultBuildOperationRunner.java:26)
	at org.gradle.internal.operations.DefaultBuildOperationRunner$2.execute(DefaultBuildOperationRunner.java:66)
	at org.gradle.internal.operations.DefaultBuildOperationRunner$2.execute(DefaultBuildOperationRunner.java:59)
	at org.gradle.internal.operations.DefaultBuildOperationRunner.execute(DefaultBuildOperationRunner.java:166)
	at org.gradle.internal.operations.DefaultBuildOperationRunner.execute(DefaultBuildOperationRunner.java:59)
	at org.gradle.internal.operations.DefaultBuildOperationRunner.run(DefaultBuildOperationRunner.java:47)
	at org.gradle.api.internal.artifacts.ivyservice.resolveengine.artifact.ResolvedArtifactSetResolver.visitArtifacts(ResolvedArtifactSetResolver.java:65)
	at org.gradle.api.internal.artifacts.ivyservice.resolveengine.artifact.ResolvedArtifactSetResolver.lambda$visitInUnmanagedWorkerThread$0(ResolvedArtifactSetResolver.java:61)
	at org.gradle.internal.work.DefaultWorkerLeaseService.runAsUnmanagedWorkerThread(DefaultWorkerLeaseService.java:139)
	at org.gradle.api.internal.artifacts.ivyservice.resolveengine.artifact.ResolvedArtifactSetResolver.visitInUnmanagedWorkerThread(ResolvedArtifactSetResolver.java:61)
	at org.gradle.api.internal.artifacts.ivyservice.resolveengine.artifact.DefaultSelectedArtifactSet.visitArtifacts(DefaultSelectedArtifactSet.java:59)
	at org.gradle.api.internal.artifacts.configurations.ResolutionResultProviderBackedSelectedArtifactSet.visitArtifacts(ResolutionResultProviderBackedSelectedArtifactSet.java:52)
	at org.gradle.api.internal.artifacts.configurations.DefaultArtifactCollection.lambda$new$0(DefaultArtifactCollection.java:61)
	at org.gradle.internal.model.CalculatedValueContainerFactory$SupplierBackedCalculator.calculateValue(CalculatedValueContainerFactory.java:69)
	at org.gradle.internal.model.CalculatedValueContainer$CalculationState.lambda$attachValue$0(CalculatedValueContainer.java:227)
	at org.gradle.internal.Try.ofFailable(Try.java:46)
	at org.gradle.internal.model.CalculatedValueContainer$CalculationState.attachValue(CalculatedValueContainer.java:222)
	at org.gradle.internal.model.CalculatedValueContainer.finalizeIfNotAlready(CalculatedValueContainer.java:195)
	at org.gradle.internal.model.CalculatedValueContainer.finalizeIfNotAlready(CalculatedValueContainer.java:186)
	at org.gradle.api.internal.artifacts.configurations.DefaultArtifactCollection.ensureResolved(DefaultArtifactCollection.java:123)
	at org.gradle.api.internal.artifacts.configurations.DefaultArtifactCollection.getArtifacts(DefaultArtifactCollection.java:95)
	at org.gradle.api.internal.initialization.transform.utils.InstrumentationClasspathMerger.mergeToClasspath(InstrumentationClasspathMerger.java:52)
	at org.gradle.api.internal.initialization.DefaultScriptClassPathResolver.resolveClassPath(DefaultScriptClassPathResolver.java:155)
	at org.gradle.api.internal.initialization.DefaultBuildLogicBuilder.lambda$resolveClassPath$0(DefaultBuildLogicBuilder.java:64)
	at org.gradle.api.internal.initialization.DefaultBuildLogicBuildQueue.build(DefaultBuildLogicBuildQueue.java:69)
	at org.gradle.api.internal.initialization.DefaultBuildLogicBuilder.resolveClassPath(DefaultBuildLogicBuilder.java:61)
	at org.gradle.api.internal.initialization.DefaultScriptHandler.lambda$getInstrumentedScriptClassPath$0(DefaultScriptHandler.java:108)
	at org.gradle.api.internal.artifacts.configurations.DefaultConfiguration.callAndResetResolutionState(DefaultConfiguration.java:758)
	at org.gradle.api.internal.initialization.DefaultScriptHandler.getInstrumentedScriptClassPath(DefaultScriptHandler.java:112)
	at org.gradle.plugin.use.internal.DefaultPluginRequestApplicator.applyPlugins(DefaultPluginRequestApplicator.java:87)
	at org.gradle.configuration.DefaultScriptPluginFactory$ScriptPluginImpl.apply(DefaultScriptPluginFactory.java:123)
	at org.gradle.configuration.BuildOperationScriptPlugin$1.run(BuildOperationScriptPlugin.java:68)
	at org.gradle.internal.operations.DefaultBuildOperationRunner$1.execute(DefaultBuildOperationRunner.java:29)
	at org.gradle.internal.operations.DefaultBuildOperationRunner$1.execute(DefaultBuildOperationRunner.java:26)
	at org.gradle.internal.operations.DefaultBuildOperationRunner$2.execute(DefaultBuildOperationRunner.java:66)
	at org.gradle.internal.operations.DefaultBuildOperationRunner$2.execute(DefaultBuildOperationRunner.java:59)
	at org.gradle.internal.operations.DefaultBuildOperationRunner.execute(DefaultBuildOperationRunner.java:166)
	at org.gradle.internal.operations.DefaultBuildOperationRunner.execute(DefaultBuildOperationRunner.java:59)
	at org.gradle.internal.operations.DefaultBuildOperationRunner.run(DefaultBuildOperationRunner.java:47)
	at org.gradle.configuration.BuildOperationScriptPlugin.lambda$apply$0(BuildOperationScriptPlugin.java:65)
	at org.gradle.internal.code.DefaultUserCodeApplicationContext.apply(DefaultUserCodeApplicationContext.java:44)
	at org.gradle.configuration.BuildOperationScriptPlugin.apply(BuildOperationScriptPlugin.java:65)
	at org.gradle.api.internal.project.DefaultProjectStateRegistry$ProjectStateImpl.lambda$applyToMutableState$0(DefaultProjectStateRegistry.java:443)
	at org.gradle.api.internal.project.DefaultProjectStateRegistry$ProjectStateImpl.lambda$fromMutableState$1(DefaultProjectStateRegistry.java:450)
	at org.gradle.api.internal.project.DefaultProjectStateRegistry$ProjectStateImpl.runWithModelLock(DefaultProjectStateRegistry.java:466)
	at org.gradle.api.internal.project.DefaultProjectStateRegistry$ProjectStateImpl.fromMutableState(DefaultProjectStateRegistry.java:450)
	at org.gradle.api.internal.project.DefaultProjectStateRegistry$ProjectStateImpl.applyToMutableState(DefaultProjectStateRegistry.java:442)
	at org.gradle.configuration.project.BuildScriptProcessor.execute(BuildScriptProcessor.java:46)
	at org.gradle.configuration.project.BuildScriptProcessor.execute(BuildScriptProcessor.java:27)
	at org.gradle.configuration.project.ConfigureActionsProjectEvaluator.evaluate(ConfigureActionsProjectEvaluator.java:35)
	at org.gradle.configuration.project.LifecycleProjectEvaluator$EvaluateProject.lambda$run$0(LifecycleProjectEvaluator.java:109)
	at org.gradle.api.internal.project.DefaultProjectStateRegistry$ProjectStateImpl.lambda$applyToMutableState$0(DefaultProjectStateRegistry.java:443)
	at org.gradle.api.internal.project.DefaultProjectStateRegistry$ProjectStateImpl.lambda$fromMutableState$1(DefaultProjectStateRegistry.java:450)
	at org.gradle.internal.work.DefaultWorkerLeaseService.lambda$withLocksAcquired$0(DefaultWorkerLeaseService.java:269)
	at org.gradle.internal.work.ResourceLockStatistics$1.measure(ResourceLockStatistics.java:42)
	at org.gradle.internal.work.DefaultWorkerLeaseService.withLocksAcquired(DefaultWorkerLeaseService.java:267)
	at org.gradle.internal.work.DefaultWorkerLeaseService.lambda$withReplacedLocks$3(DefaultWorkerLeaseService.java:365)
	at org.gradle.internal.work.DefaultWorkerLeaseService.withoutLocks(DefaultWorkerLeaseService.java:337)
	at org.gradle.internal.work.DefaultWorkerLeaseService.withReplacedLocks(DefaultWorkerLeaseService.java:364)
	at org.gradle.api.internal.project.DefaultProjectStateRegistry$ProjectStateImpl.runWithModelLock(DefaultProjectStateRegistry.java:471)
	at org.gradle.api.internal.project.DefaultProjectStateRegistry$ProjectStateImpl.fromMutableState(DefaultProjectStateRegistry.java:450)
	at org.gradle.api.internal.project.DefaultProjectStateRegistry$ProjectStateImpl.applyToMutableState(DefaultProjectStateRegistry.java:442)
	at org.gradle.configuration.project.LifecycleProjectEvaluator$EvaluateProject.run(LifecycleProjectEvaluator.java:100)
	at org.gradle.internal.operations.DefaultBuildOperationRunner$1.execute(DefaultBuildOperationRunner.java:29)
	at org.gradle.internal.operations.DefaultBuildOperationRunner$1.execute(DefaultBuildOperationRunner.java:26)
	at org.gradle.internal.operations.DefaultBuildOperationRunner$2.execute(DefaultBuildOperationRunner.java:66)
	at org.gradle.internal.operations.DefaultBuildOperationRunner$2.execute(DefaultBuildOperationRunner.java:59)
	at org.gradle.internal.operations.DefaultBuildOperationRunner.execute(DefaultBuildOperationRunner.java:166)
	at org.gradle.internal.operations.DefaultBuildOperationRunner.execute(DefaultBuildOperationRunner.java:59)
	at org.gradle.internal.operations.DefaultBuildOperationRunner.run(DefaultBuildOperationRunner.java:47)
	at org.gradle.configuration.project.LifecycleProjectEvaluator.evaluate(LifecycleProjectEvaluator.java:72)
	at org.gradle.api.internal.project.DefaultProject.evaluateUnchecked(DefaultProject.java:796)
	at org.gradle.api.internal.project.ProjectLifecycleController.lambda$ensureSelfConfigured$2(ProjectLifecycleController.java:93)
	at org.gradle.internal.model.StateTransitionController.lambda$doTransition$14(StateTransitionController.java:265)
	at org.gradle.internal.model.StateTransitionController.doTransition(StateTransitionController.java:276)
	at org.gradle.internal.model.StateTransitionController.doTransition(StateTransitionController.java:264)
	at org.gradle.internal.model.StateTransitionController.lambda$maybeTransitionIfNotCurrentlyTransitioning$10(StateTransitionController.java:209)
	at org.gradle.internal.work.DefaultSynchronizer.withLock(DefaultSynchronizer.java:35)
	at org.gradle.internal.model.StateTransitionController.maybeTransitionIfNotCurrentlyTransitioning(StateTransitionController.java:205)
	at org.gradle.api.internal.project.ProjectLifecycleController.ensureSelfConfigured(ProjectLifecycleController.java:93)
	at org.gradle.api.internal.project.DefaultProjectStateRegistry$ProjectStateImpl.ensureConfigured(DefaultProjectStateRegistry.java:408)
	at org.gradle.execution.TaskPathProjectEvaluator.configure(TaskPathProjectEvaluator.java:71)
	at org.gradle.execution.TaskPathProjectEvaluator.configureHierarchy(TaskPathProjectEvaluator.java:87)
	at org.gradle.configuration.DefaultProjectsPreparer.prepareProjects(DefaultProjectsPreparer.java:50)
	at org.gradle.configuration.BuildTreePreparingProjectsPreparer.prepareProjects(BuildTreePreparingProjectsPreparer.java:65)
	at org.gradle.configuration.BuildOperationFiringProjectsPreparer$ConfigureBuild.run(BuildOperationFiringProjectsPreparer.java:52)
	at org.gradle.internal.operations.DefaultBuildOperationRunner$1.execute(DefaultBuildOperationRunner.java:29)
	at org.gradle.internal.operations.DefaultBuildOperationRunner$1.execute(DefaultBuildOperationRunner.java:26)
	at org.gradle.internal.operations.DefaultBuildOperationRunner$2.execute(DefaultBuildOperationRunner.java:66)
	at org.gradle.internal.operations.DefaultBuildOperationRunner$2.execute(DefaultBuildOperationRunner.java:59)
	at org.gradle.internal.operations.DefaultBuildOperationRunner.execute(DefaultBuildOperationRunner.java:166)
	at org.gradle.internal.operations.DefaultBuildOperationRunner.execute(DefaultBuildOperationRunner.java:59)
	at org.gradle.internal.operations.DefaultBuildOperationRunner.run(DefaultBuildOperationRunner.java:47)
	at org.gradle.configuration.BuildOperationFiringProjectsPreparer.prepareProjects(BuildOperationFiringProjectsPreparer.java:40)
	at org.gradle.initialization.VintageBuildModelController.lambda$prepareProjects$2(VintageBuildModelController.java:83)
	at org.gradle.internal.model.StateTransitionController.lambda$doTransition$14(StateTransitionController.java:265)
	at org.gradle.internal.model.StateTransitionController.doTransition(StateTransitionController.java:276)
	at org.gradle.internal.model.StateTransitionController.doTransition(StateTransitionController.java:264)
	at org.gradle.internal.model.StateTransitionController.lambda$transitionIfNotPreviously$11(StateTransitionController.java:223)
	at org.gradle.internal.work.DefaultSynchronizer.withLock(DefaultSynchronizer.java:35)
	at org.gradle.internal.model.StateTransitionController.transitionIfNotPreviously(StateTransitionController.java:219)
	at org.gradle.initialization.VintageBuildModelController.prepareProjects(VintageBuildModelController.java:83)
	at org.gradle.initialization.VintageBuildModelController.prepareToScheduleTasks(VintageBuildModelController.java:70)
	at org.gradle.internal.build.DefaultBuildLifecycleController.lambda$prepareToScheduleTasks$6(DefaultBuildLifecycleController.java:175)
	at org.gradle.internal.model.StateTransitionController.lambda$doTransition$14(StateTransitionController.java:265)
	at org.gradle.internal.model.StateTransitionController.doTransition(StateTransitionController.java:276)
	at org.gradle.internal.model.StateTransitionController.doTransition(StateTransitionController.java:264)
	at org.gradle.internal.model.StateTransitionController.lambda$maybeTransition$9(StateTransitionController.java:200)
	at org.gradle.internal.work.DefaultSynchronizer.withLock(DefaultSynchronizer.java:35)
	at org.gradle.internal.model.StateTransitionController.maybeTransition(StateTransitionController.java:196)
	at org.gradle.internal.build.DefaultBuildLifecycleController.prepareToScheduleTasks(DefaultBuildLifecycleController.java:173)
	at org.gradle.internal.buildtree.DefaultBuildTreeWorkPreparer.scheduleRequestedTasks(DefaultBuildTreeWorkPreparer.java:35)
	at org.gradle.internal.cc.impl.barrier.BarrierAwareBuildTreeWorkPreparer.scheduleRequestedTasks$lambda$0(BarrierAwareBuildTreeWorkPreparer.kt:34)
	at org.gradle.internal.cc.impl.barrier.VintageConfigurationTimeActionRunner.runConfigurationTimeAction(VintageConfigurationTimeActionRunner.kt:48)
	at org.gradle.internal.cc.impl.barrier.BarrierAwareBuildTreeWorkPreparer.scheduleRequestedTasks(BarrierAwareBuildTreeWorkPreparer.kt:33)
	at org.gradle.internal.cc.impl.VintageBuildTreeWorkController$scheduleAndRunRequestedTasks$1.apply(VintageBuildTreeWorkController.kt:36)
	at org.gradle.internal.cc.impl.VintageBuildTreeWorkController$scheduleAndRunRequestedTasks$1.apply(VintageBuildTreeWorkController.kt:35)
	at org.gradle.composite.internal.DefaultIncludedBuildTaskGraph.withNewWorkGraph(DefaultIncludedBuildTaskGraph.java:114)
	at org.gradle.internal.cc.impl.VintageBuildTreeWorkController.scheduleAndRunRequestedTasks(VintageBuildTreeWorkController.kt:35)
	at org.gradle.internal.buildtree.DefaultBuildTreeLifecycleController.lambda$scheduleAndRunTasks$1(DefaultBuildTreeLifecycleController.java:77)
	at org.gradle.internal.buildtree.DefaultBuildTreeLifecycleController.lambda$runBuild$4(DefaultBuildTreeLifecycleController.java:120)
	at org.gradle.internal.model.StateTransitionController.lambda$transition$6(StateTransitionController.java:179)
	at org.gradle.internal.model.StateTransitionController.doTransition(StateTransitionController.java:276)
	at org.gradle.internal.model.StateTransitionController.lambda$transition$7(StateTransitionController.java:179)
	at org.gradle.internal.work.DefaultSynchronizer.withLock(DefaultSynchronizer.java:45)
	at org.gradle.internal.model.StateTransitionController.transition(StateTransitionController.java:179)
	at org.gradle.internal.buildtree.DefaultBuildTreeLifecycleController.runBuild(DefaultBuildTreeLifecycleController.java:117)
	at org.gradle.internal.buildtree.DefaultBuildTreeLifecycleController.scheduleAndRunTasks(DefaultBuildTreeLifecycleController.java:77)
	at org.gradle.internal.buildtree.DefaultBuildTreeLifecycleController.scheduleAndRunTasks(DefaultBuildTreeLifecycleController.java:72)
	at org.gradle.tooling.internal.provider.ExecuteBuildActionRunner.run(ExecuteBuildActionRunner.java:31)
	at org.gradle.launcher.exec.ChainingBuildActionRunner.run(ChainingBuildActionRunner.java:35)
	at org.gradle.internal.buildtree.ProblemReportingBuildActionRunner.run(ProblemReportingBuildActionRunner.java:54)
	at org.gradle.launcher.exec.BuildOutcomeReportingBuildActionRunner.run(BuildOutcomeReportingBuildActionRunner.java:83)
	at org.gradle.tooling.internal.provider.FileSystemWatchingBuildActionRunner.run(FileSystemWatchingBuildActionRunner.java:135)
	at org.gradle.launcher.exec.BuildCompletionNotifyingBuildActionRunner.run(BuildCompletionNotifyingBuildActionRunner.java:54)
	at org.gradle.launcher.exec.RootBuildLifecycleBuildActionExecutor.lambda$execute$0(RootBuildLifecycleBuildActionExecutor.java:101)
	at org.gradle.composite.internal.DefaultRootBuildState.run(DefaultRootBuildState.java:126)
	at org.gradle.launcher.exec.RootBuildLifecycleBuildActionExecutor.execute(RootBuildLifecycleBuildActionExecutor.java:101)
	at org.gradle.launcher.exec.BuildTreeLifecycleBuildActionExecutor.runRootBuildAction(BuildTreeLifecycleBuildActionExecutor.java:98)
	at org.gradle.launcher.exec.BuildTreeLifecycleBuildActionExecutor.execute(BuildTreeLifecycleBuildActionExecutor.java:69)
	at org.gradle.launcher.exec.RunAsBuildOperationBuildActionExecutor$2.call(RunAsBuildOperationBuildActionExecutor.java:65)
	at org.gradle.launcher.exec.RunAsBuildOperationBuildActionExecutor$2.call(RunAsBuildOperationBuildActionExecutor.java:61)
	at org.gradle.internal.operations.DefaultBuildOperationRunner$CallableBuildOperationWorker.execute(DefaultBuildOperationRunner.java:209)
	at org.gradle.internal.operations.DefaultBuildOperationRunner$CallableBuildOperationWorker.execute(DefaultBuildOperationRunner.java:204)
	at org.gradle.internal.operations.DefaultBuildOperationRunner$2.execute(DefaultBuildOperationRunner.java:66)
	at org.gradle.internal.operations.DefaultBuildOperationRunner$2.execute(DefaultBuildOperationRunner.java:59)
	at org.gradle.internal.operations.DefaultBuildOperationRunner.execute(DefaultBuildOperationRunner.java:166)
	at org.gradle.internal.operations.DefaultBuildOperationRunner.execute(DefaultBuildOperationRunner.java:59)
	at org.gradle.internal.operations.DefaultBuildOperationRunner.call(DefaultBuildOperationRunner.java:53)
	at org.gradle.launcher.exec.RunAsBuildOperationBuildActionExecutor.execute(RunAsBuildOperationBuildActionExecutor.java:61)
	at org.gradle.launcher.exec.RunAsWorkerThreadBuildActionExecutor.lambda$execute$0(RunAsWorkerThreadBuildActionExecutor.java:36)
	at org.gradle.internal.work.DefaultWorkerLeaseService.lambda$withLocksAcquired$0(DefaultWorkerLeaseService.java:269)
	at org.gradle.internal.work.ResourceLockStatistics$1.measure(ResourceLockStatistics.java:42)
	at org.gradle.internal.work.DefaultWorkerLeaseService.withLocksAcquired(DefaultWorkerLeaseService.java:267)
	at org.gradle.internal.work.DefaultWorkerLeaseService.withLocks(DefaultWorkerLeaseService.java:259)
	at org.gradle.internal.work.DefaultWorkerLeaseService.runAsWorkerThread(DefaultWorkerLeaseService.java:127)
	at org.gradle.launcher.exec.RunAsWorkerThreadBuildActionExecutor.execute(RunAsWorkerThreadBuildActionExecutor.java:36)
	at org.gradle.tooling.internal.provider.continuous.ContinuousBuildActionExecutor.execute(ContinuousBuildActionExecutor.java:110)
	at org.gradle.tooling.internal.provider.SubscribableBuildActionExecutor.execute(SubscribableBuildActionExecutor.java:64)
	at org.gradle.internal.session.DefaultBuildSessionContext.execute(DefaultBuildSessionContext.java:46)
	at org.gradle.internal.buildprocess.execution.BuildSessionLifecycleBuildActionExecutor$ActionImpl.apply(BuildSessionLifecycleBuildActionExecutor.java:106)
	at org.gradle.internal.buildprocess.execution.BuildSessionLifecycleBuildActionExecutor$ActionImpl.apply(BuildSessionLifecycleBuildActionExecutor.java:94)
	at org.gradle.internal.session.BuildSessionState.run(BuildSessionState.java:73)
	at org.gradle.internal.buildprocess.execution.BuildSessionLifecycleBuildActionExecutor.execute(BuildSessionLifecycleBuildActionExecutor.java:67)
	at org.gradle.internal.buildprocess.execution.BuildSessionLifecycleBuildActionExecutor.execute(BuildSessionLifecycleBuildActionExecutor.java:45)
	at org.gradle.internal.buildprocess.execution.StartParamsValidatingActionExecutor.execute(StartParamsValidatingActionExecutor.java:57)
	at org.gradle.internal.buildprocess.execution.StartParamsValidatingActionExecutor.execute(StartParamsValidatingActionExecutor.java:32)
	at org.gradle.internal.buildprocess.execution.SessionFailureReportingActionExecutor.execute(SessionFailureReportingActionExecutor.java:51)
	at org.gradle.internal.buildprocess.execution.SessionFailureReportingActionExecutor.execute(SessionFailureReportingActionExecutor.java:39)
	at org.gradle.internal.buildprocess.execution.SetupLoggingActionExecutor.execute(SetupLoggingActionExecutor.java:47)
	at org.gradle.internal.buildprocess.execution.SetupLoggingActionExecutor.execute(SetupLoggingActionExecutor.java:31)
	at org.gradle.launcher.daemon.server.exec.ExecuteBuild.doBuild(ExecuteBuild.java:70)
	at org.gradle.launcher.daemon.server.exec.BuildCommandOnly.execute(BuildCommandOnly.java:37)
	at org.gradle.launcher.daemon.server.api.DaemonCommandExecution.proceed(DaemonCommandExecution.java:104)
	at org.gradle.launcher.daemon.server.exec.WatchForDisconnection.execute(WatchForDisconnection.java:39)
	at org.gradle.launcher.daemon.server.api.DaemonCommandExecution.proceed(DaemonCommandExecution.java:104)
	at org.gradle.launcher.daemon.server.exec.ResetDeprecationLogger.execute(ResetDeprecationLogger.java:29)
	at org.gradle.launcher.daemon.server.api.DaemonCommandExecution.proceed(DaemonCommandExecution.java:104)
	at org.gradle.launcher.daemon.server.exec.RequestStopIfSingleUsedDaemon.execute(RequestStopIfSingleUsedDaemon.java:35)
	at org.gradle.launcher.daemon.server.api.DaemonCommandExecution.proceed(DaemonCommandExecution.java:104)
	at org.gradle.launcher.daemon.server.exec.ForwardClientInput.lambda$execute$0(ForwardClientInput.java:40)
	at org.gradle.internal.daemon.clientinput.ClientInputForwarder.forwardInput(ClientInputForwarder.java:80)
	at org.gradle.launcher.daemon.server.exec.ForwardClientInput.execute(ForwardClientInput.java:37)
	at org.gradle.launcher.daemon.server.api.DaemonCommandExecution.proceed(DaemonCommandExecution.java:104)
	at org.gradle.launcher.daemon.server.exec.LogAndCheckHealth.execute(LogAndCheckHealth.java:53)
	at org.gradle.launcher.daemon.server.api.DaemonCommandExecution.proceed(DaemonCommandExecution.java:104)
	at org.gradle.launcher.daemon.server.exec.LogToClient.doBuild(LogToClient.java:63)
	at org.gradle.launcher.daemon.server.exec.BuildCommandOnly.execute(BuildCommandOnly.java:37)
	at org.gradle.launcher.daemon.server.api.DaemonCommandExecution.proceed(DaemonCommandExecution.java:104)
	at org.gradle.launcher.daemon.server.exec.EstablishBuildEnvironment.doBuild(EstablishBuildEnvironment.java:84)
	at org.gradle.launcher.daemon.server.exec.BuildCommandOnly.execute(BuildCommandOnly.java:37)
	at org.gradle.launcher.daemon.server.api.DaemonCommandExecution.proceed(DaemonCommandExecution.java:104)
	at org.gradle.launcher.daemon.server.exec.StartBuildOrRespondWithBusy$1.run(StartBuildOrRespondWithBusy.java:52)
	at org.gradle.launcher.daemon.server.DaemonStateCoordinator.lambda$runCommand$0(DaemonStateCoordinator.java:321)
	at org.gradle.internal.concurrent.ExecutorPolicy$CatchAndRecordFailures.onExecute(ExecutorPolicy.java:64)
	at org.gradle.internal.concurrent.AbstractManagedExecutor$1.run(AbstractManagedExecutor.java:47)
	at java.base/java.util.concurrent.ThreadPoolExecutor.runWorker(ThreadPoolExecutor.java:1136)
	at java.base/java.util.concurrent.ThreadPoolExecutor$Worker.run(ThreadPoolExecutor.java:635)
	at java.base/java.lang.Thread.run(Thread.java:840)
Caused by: org.gradle.api.resources.ResourceException: Could not get resource 'https://maven.myket.ir/org/jetbrains/kotlin/kotlin-reflect/1.9.0/kotlin-reflect-1.9.0.jar'.
	at org.gradle.internal.resource.ResourceExceptions.failure(ResourceExceptions.java:74)
	at org.gradle.internal.resource.ResourceExceptions.getFailed(ResourceExceptions.java:57)
	at org.gradle.api.internal.artifacts.repositories.resolver.DefaultExternalResourceArtifactResolver.downloadByCoords(DefaultExternalResourceArtifactResolver.java:154)
	at org.gradle.api.internal.artifacts.repositories.resolver.DefaultExternalResourceArtifactResolver.downloadStaticResource(DefaultExternalResourceArtifactResolver.java:94)
	at org.gradle.api.internal.artifacts.repositories.resolver.DefaultExternalResourceArtifactResolver.resolveArtifact(DefaultExternalResourceArtifactResolver.java:62)
	at org.gradle.api.internal.artifacts.repositories.resolver.ExternalResourceResolver$RemoteRepositoryAccess.resolveArtifact(ExternalResourceResolver.java:492)
	... 235 more
Caused by: org.gradle.internal.resource.transport.http.HttpRequestException: Could not GET 'https://maven.myket.ir/org/jetbrains/kotlin/kotlin-reflect/1.9.0/kotlin-reflect-1.9.0.jar'.
	at org.gradle.internal.resource.transport.http.HttpClientHelper.createHttpRequestException(HttpClientHelper.java:123)
	at org.gradle.internal.resource.transport.http.HttpClientHelper.performRequest(HttpClientHelper.java:117)
	at org.gradle.internal.resource.transport.http.HttpClientHelper.performRawGet(HttpClientHelper.java:99)
	at org.gradle.internal.resource.transport.http.HttpClientHelper.performGet(HttpClientHelper.java:104)
	at org.gradle.internal.resource.transport.http.HttpResourceAccessor.openResource(HttpResourceAccessor.java:45)
	at org.gradle.internal.resource.transport.http.HttpResourceAccessor.openResource(HttpResourceAccessor.java:30)
	at org.gradle.internal.resource.transfer.AbstractExternalResourceAccessor.withContent(AbstractExternalResourceAccessor.java:32)
	at org.gradle.internal.resource.transfer.DefaultExternalResourceConnector.withContent(DefaultExternalResourceConnector.java:59)
	at org.gradle.internal.resource.transfer.ProgressLoggingExternalResourceAccessor$DownloadOperation.call(ProgressLoggingExternalResourceAccessor.java:136)
	at org.gradle.internal.operations.DefaultBuildOperationRunner$CallableBuildOperationWorker.execute(DefaultBuildOperationRunner.java:209)
	at org.gradle.internal.operations.DefaultBuildOperationRunner$CallableBuildOperationWorker.execute(DefaultBuildOperationRunner.java:204)
	at org.gradle.internal.operations.DefaultBuildOperationRunner$2.execute(DefaultBuildOperationRunner.java:66)
	at org.gradle.internal.operations.DefaultBuildOperationRunner$2.execute(DefaultBuildOperationRunner.java:59)
	at org.gradle.internal.operations.DefaultBuildOperationRunner.execute(DefaultBuildOperationRunner.java:166)
	at org.gradle.internal.operations.DefaultBuildOperationRunner.execute(DefaultBuildOperationRunner.java:59)
	at org.gradle.internal.operations.DefaultBuildOperationRunner.call(DefaultBuildOperationRunner.java:53)
	at org.gradle.internal.resource.transfer.ProgressLoggingExternalResourceAccessor.withContent(ProgressLoggingExternalResourceAccessor.java:49)
	at org.gradle.internal.resource.transfer.AccessorBackedExternalResource.withContentIfPresent(AccessorBackedExternalResource.java:103)
	at org.gradle.internal.resource.transfer.DefaultCacheAwareExternalResourceAccessor.copyToCache(DefaultCacheAwareExternalResourceAccessor.java:188)
	at org.gradle.internal.resource.transfer.DefaultCacheAwareExternalResourceAccessor.lambda$getResource$1(DefaultCacheAwareExternalResourceAccessor.java:86)
	at org.gradle.cache.internal.ProducerGuard$AdaptiveProducerGuard.guardByKey(ProducerGuard.java:97)
	at org.gradle.internal.resource.transfer.DefaultCacheAwareExternalResourceAccessor.getResource(DefaultCacheAwareExternalResourceAccessor.java:80)
	at org.gradle.api.internal.artifacts.repositories.resolver.DefaultExternalResourceArtifactResolver.downloadByCoords(DefaultExternalResourceArtifactResolver.java:149)
	... 238 more
Caused by: java.net.UnknownHostException: maven.myket.ir
	at java.base/java.net.InetAddress$CachedAddresses.get(InetAddress.java:801)
	at java.base/java.net.InetAddress.getAllByName0(InetAddress.java:1533)
	at java.base/java.net.InetAddress.getAllByName(InetAddress.java:1385)
	at java.base/java.net.InetAddress.getAllByName(InetAddress.java:1306)
	at org.apache.http.impl.conn.SystemDefaultDnsResolver.resolve(SystemDefaultDnsResolver.java:45)
	at org.apache.http.impl.conn.DefaultHttpClientConnectionOperator.connect(DefaultHttpClientConnectionOperator.java:112)
	at org.apache.http.impl.conn.PoolingHttpClientConnectionManager.connect(PoolingHttpClientConnectionManager.java:376)
	at org.apache.http.impl.execchain.MainClientExec.establishRoute(MainClientExec.java:393)
	at org.apache.http.impl.execchain.MainClientExec.execute(MainClientExec.java:236)
	at org.apache.http.impl.execchain.ProtocolExec.execute(ProtocolExec.java:186)
	at org.apache.http.impl.execchain.RetryExec.execute(RetryExec.java:89)
	at org.apache.http.impl.execchain.RedirectExec.execute(RedirectExec.java:110)
	at org.apache.http.impl.client.InternalHttpClient.doExecute(InternalHttpClient.java:185)
	at org.apache.http.impl.client.CloseableHttpClient.execute(CloseableHttpClient.java:83)
	at org.gradle.internal.resource.transport.http.HttpClientHelper.performHttpRequest(HttpClientHelper.java:200)
	at org.gradle.internal.resource.transport.http.HttpClientHelper.performHttpRequest(HttpClientHelper.java:176)
	at org.gradle.internal.resource.transport.http.HttpClientHelper.executeGetOrHead(HttpClientHelper.java:165)
	at org.gradle.internal.resource.transport.http.HttpClientHelper.performRequest(HttpClientHelper.java:113)
	... 259 more
Cause 16: org.gradle.internal.resolve.ArtifactResolveException: Could not download kotlin-stdlib-1.9.10.jar (org.jetbrains.kotlin:kotlin-stdlib:1.9.10)
	at org.gradle.api.internal.artifacts.repositories.resolver.ExternalResourceResolver$RemoteRepositoryAccess.resolveArtifact(ExternalResourceResolver.java:499)
	at org.gradle.api.internal.artifacts.ivyservice.ivyresolve.CachingModuleComponentRepository$ResolveAndCacheRepositoryAccess.resolveArtifact(CachingModuleComponentRepository.java:470)
	at org.gradle.api.internal.artifacts.ivyservice.ivyresolve.ErrorHandlingModuleComponentRepository$ErrorHandlingModuleComponentRepositoryAccess.lambda$resolveArtifact$12(ErrorHandlingModuleComponentRepository.java:180)
	at org.gradle.api.internal.artifacts.ivyservice.ivyresolve.ErrorHandlingModuleComponentRepository$ErrorHandlingModuleComponentRepositoryAccess.tryResolveAndMaybeDisable(ErrorHandlingModuleComponentRepository.java:251)
	at org.gradle.api.internal.artifacts.ivyservice.ivyresolve.ErrorHandlingModuleComponentRepository$ErrorHandlingModuleComponentRepositoryAccess.performOperationWithRetries(ErrorHandlingModuleComponentRepository.java:204)
	at org.gradle.api.internal.artifacts.ivyservice.ivyresolve.ErrorHandlingModuleComponentRepository$ErrorHandlingModuleComponentRepositoryAccess.resolveArtifact(ErrorHandlingModuleComponentRepository.java:178)
	at org.gradle.api.internal.artifacts.ivyservice.ivyresolve.RepositoryChainArtifactResolver.resolveArtifactLater(RepositoryChainArtifactResolver.java:75)
	at org.gradle.api.internal.artifacts.ivyservice.ivyresolve.RepositoryChainArtifactResolver.lambda$resolveArtifact$0(RepositoryChainArtifactResolver.java:63)
	at org.gradle.internal.model.CalculatedValueContainerFactory$SupplierBackedCalculator.calculateValue(CalculatedValueContainerFactory.java:69)
	at org.gradle.internal.model.CalculatedValueContainer$CalculationState.lambda$attachValue$0(CalculatedValueContainer.java:227)
	at org.gradle.internal.Try.ofFailable(Try.java:46)
	at org.gradle.internal.model.CalculatedValueContainer$CalculationState.attachValue(CalculatedValueContainer.java:222)
	at org.gradle.internal.model.CalculatedValueContainer.finalizeIfNotAlready(CalculatedValueContainer.java:195)
	at org.gradle.internal.model.CalculatedValueContainer.finalizeIfNotAlready(CalculatedValueContainer.java:186)
	at org.gradle.api.internal.artifacts.ivyservice.resolveengine.artifact.ArtifactBackedResolvedVariant$DownloadArtifactFile.run(ArtifactBackedResolvedVariant.java:208)
	at org.gradle.internal.operations.DefaultBuildOperationRunner$2.execute(DefaultBuildOperationRunner.java:66)
	at org.gradle.internal.operations.DefaultBuildOperationRunner$2.execute(DefaultBuildOperationRunner.java:59)
	at org.gradle.internal.operations.DefaultBuildOperationRunner.execute(DefaultBuildOperationRunner.java:166)
	at org.gradle.internal.operations.DefaultBuildOperationRunner.execute(DefaultBuildOperationRunner.java:59)
	at org.gradle.internal.operations.DefaultBuildOperationExecutor.lambda$executeInParallel$0(DefaultBuildOperationExecutor.java:102)
	at org.gradle.internal.operations.DefaultBuildOperationQueue$WorkerRunnable.runOperation(DefaultBuildOperationQueue.java:292)
	at org.gradle.internal.operations.DefaultBuildOperationQueue$WorkerRunnable.doRunBatch(DefaultBuildOperationQueue.java:273)
	at org.gradle.internal.operations.DefaultBuildOperationQueue$WorkerRunnable.lambda$runBatch$0(DefaultBuildOperationQueue.java:258)
	at org.gradle.internal.resources.AbstractResourceLockRegistry.whileDisallowingLockChanges(AbstractResourceLockRegistry.java:50)
	at org.gradle.internal.work.DefaultWorkerLeaseService.whileDisallowingProjectLockChanges(DefaultWorkerLeaseService.java:233)
	at org.gradle.internal.operations.DefaultBuildOperationQueue$WorkerRunnable.lambda$runBatch$1(DefaultBuildOperationQueue.java:258)
	at org.gradle.internal.work.DefaultWorkerLeaseService.lambda$withLocksAcquired$0(DefaultWorkerLeaseService.java:269)
	at org.gradle.internal.work.ResourceLockStatistics$1.measure(ResourceLockStatistics.java:42)
	at org.gradle.internal.work.DefaultWorkerLeaseService.withLocksAcquired(DefaultWorkerLeaseService.java:267)
	at org.gradle.internal.work.DefaultWorkerLeaseService.withLocks(DefaultWorkerLeaseService.java:259)
	at org.gradle.internal.work.DefaultWorkerLeaseService.runAsWorkerThread(DefaultWorkerLeaseService.java:127)
	at org.gradle.internal.operations.DefaultBuildOperationQueue$WorkerRunnable.runBatch(DefaultBuildOperationQueue.java:244)
	at org.gradle.internal.operations.DefaultBuildOperationQueue$WorkerRunnable.runOperations(DefaultBuildOperationQueue.java:212)
	at org.gradle.internal.operations.CurrentBuildOperationRef.with(CurrentBuildOperationRef.java:84)
	at org.gradle.internal.operations.DefaultBuildOperationQueue$WorkerRunnable.run(DefaultBuildOperationQueue.java:205)
	at org.gradle.internal.concurrent.ExecutorPolicy$CatchAndRecordFailures.onExecute(ExecutorPolicy.java:64)
	at org.gradle.internal.concurrent.AbstractManagedExecutor$1.run(AbstractManagedExecutor.java:47)
	at java.base/java.util.concurrent.ThreadPoolExecutor.runWorker(ThreadPoolExecutor.java:1136)
	at java.base/java.util.concurrent.ThreadPoolExecutor$Worker.run(ThreadPoolExecutor.java:635)
	at java.base/java.lang.Thread.run(Thread.java:840)
Caused by: org.gradle.api.resources.ResourceException: Could not get resource 'https://maven.myket.ir/org/jetbrains/kotlin/kotlin-stdlib/1.9.10/kotlin-stdlib-1.9.10.jar'.
	at org.gradle.internal.resource.ResourceExceptions.failure(ResourceExceptions.java:74)
	at org.gradle.internal.resource.ResourceExceptions.getFailed(ResourceExceptions.java:57)
	at org.gradle.api.internal.artifacts.repositories.resolver.DefaultExternalResourceArtifactResolver.downloadByCoords(DefaultExternalResourceArtifactResolver.java:154)
	at org.gradle.api.internal.artifacts.repositories.resolver.DefaultExternalResourceArtifactResolver.downloadStaticResource(DefaultExternalResourceArtifactResolver.java:94)
	at org.gradle.api.internal.artifacts.repositories.resolver.DefaultExternalResourceArtifactResolver.resolveArtifact(DefaultExternalResourceArtifactResolver.java:62)
	at org.gradle.api.internal.artifacts.repositories.resolver.ExternalResourceResolver$RemoteRepositoryAccess.resolveArtifact(ExternalResourceResolver.java:492)
	... 39 more
Caused by: org.gradle.internal.resource.transport.http.HttpRequestException: Could not GET 'https://maven.myket.ir/org/jetbrains/kotlin/kotlin-stdlib/1.9.10/kotlin-stdlib-1.9.10.jar'.
	at org.gradle.internal.resource.transport.http.HttpClientHelper.createHttpRequestException(HttpClientHelper.java:123)
	at org.gradle.internal.resource.transport.http.HttpClientHelper.performRequest(HttpClientHelper.java:117)
	at org.gradle.internal.resource.transport.http.HttpClientHelper.performRawGet(HttpClientHelper.java:99)
	at org.gradle.internal.resource.transport.http.HttpClientHelper.performGet(HttpClientHelper.java:104)
	at org.gradle.internal.resource.transport.http.HttpResourceAccessor.openResource(HttpResourceAccessor.java:45)
	at org.gradle.internal.resource.transport.http.HttpResourceAccessor.openResource(HttpResourceAccessor.java:30)
	at org.gradle.internal.resource.transfer.AbstractExternalResourceAccessor.withContent(AbstractExternalResourceAccessor.java:32)
	at org.gradle.internal.resource.transfer.DefaultExternalResourceConnector.withContent(DefaultExternalResourceConnector.java:59)
	at org.gradle.internal.resource.transfer.ProgressLoggingExternalResourceAccessor$DownloadOperation.call(ProgressLoggingExternalResourceAccessor.java:136)
	at org.gradle.internal.operations.DefaultBuildOperationRunner$CallableBuildOperationWorker.execute(DefaultBuildOperationRunner.java:209)
	at org.gradle.internal.operations.DefaultBuildOperationRunner$CallableBuildOperationWorker.execute(DefaultBuildOperationRunner.java:204)
	at org.gradle.internal.operations.DefaultBuildOperationRunner$2.execute(DefaultBuildOperationRunner.java:66)
	at org.gradle.internal.operations.DefaultBuildOperationRunner$2.execute(DefaultBuildOperationRunner.java:59)
	at org.gradle.internal.operations.DefaultBuildOperationRunner.execute(DefaultBuildOperationRunner.java:166)
	at org.gradle.internal.operations.DefaultBuildOperationRunner.execute(DefaultBuildOperationRunner.java:59)
	at org.gradle.internal.operations.DefaultBuildOperationRunner.call(DefaultBuildOperationRunner.java:53)
	at org.gradle.internal.resource.transfer.ProgressLoggingExternalResourceAccessor.withContent(ProgressLoggingExternalResourceAccessor.java:49)
	at org.gradle.internal.resource.transfer.AccessorBackedExternalResource.withContentIfPresent(AccessorBackedExternalResource.java:103)
	at org.gradle.internal.resource.transfer.DefaultCacheAwareExternalResourceAccessor.copyToCache(DefaultCacheAwareExternalResourceAccessor.java:188)
	at org.gradle.internal.resource.transfer.DefaultCacheAwareExternalResourceAccessor.lambda$getResource$1(DefaultCacheAwareExternalResourceAccessor.java:86)
	at org.gradle.cache.internal.ProducerGuard$AdaptiveProducerGuard.guardByKey(ProducerGuard.java:97)
	at org.gradle.internal.resource.transfer.DefaultCacheAwareExternalResourceAccessor.getResource(DefaultCacheAwareExternalResourceAccessor.java:80)
	at org.gradle.api.internal.artifacts.repositories.resolver.DefaultExternalResourceArtifactResolver.downloadByCoords(DefaultExternalResourceArtifactResolver.java:149)
	... 42 more
Caused by: java.net.UnknownHostException: maven.myket.ir
	at java.base/java.net.InetAddress$CachedAddresses.get(InetAddress.java:801)
	at java.base/java.net.InetAddress.getAllByName0(InetAddress.java:1533)
	at java.base/java.net.InetAddress.getAllByName(InetAddress.java:1385)
	at java.base/java.net.InetAddress.getAllByName(InetAddress.java:1306)
	at org.apache.http.impl.conn.SystemDefaultDnsResolver.resolve(SystemDefaultDnsResolver.java:45)
	at org.apache.http.impl.conn.DefaultHttpClientConnectionOperator.connect(DefaultHttpClientConnectionOperator.java:112)
	at org.apache.http.impl.conn.PoolingHttpClientConnectionManager.connect(PoolingHttpClientConnectionManager.java:376)
	at org.apache.http.impl.execchain.MainClientExec.establishRoute(MainClientExec.java:393)
	at org.apache.http.impl.execchain.MainClientExec.execute(MainClientExec.java:236)
	at org.apache.http.impl.execchain.ProtocolExec.execute(ProtocolExec.java:186)
	at org.apache.http.impl.execchain.RetryExec.execute(RetryExec.java:89)
	at org.apache.http.impl.execchain.RedirectExec.execute(RedirectExec.java:110)
	at org.apache.http.impl.client.InternalHttpClient.doExecute(InternalHttpClient.java:185)
	at org.apache.http.impl.client.CloseableHttpClient.execute(CloseableHttpClient.java:83)
	at org.gradle.internal.resource.transport.http.HttpClientHelper.performHttpRequest(HttpClientHelper.java:200)
	at org.gradle.internal.resource.transport.http.HttpClientHelper.performHttpRequest(HttpClientHelper.java:176)
	at org.gradle.internal.resource.transport.http.HttpClientHelper.executeGetOrHead(HttpClientHelper.java:165)
	at org.gradle.internal.resource.transport.http.HttpClientHelper.performRequest(HttpClientHelper.java:113)
	... 63 more
Cause 17: org.gradle.internal.resolve.ArtifactResolveException: Could not download signflinger-8.2.1.jar (com.android:signflinger:8.2.1)
	at org.gradle.api.internal.artifacts.repositories.resolver.ExternalResourceResolver$RemoteRepositoryAccess.resolveArtifact(ExternalResourceResolver.java:499)
	at org.gradle.api.internal.artifacts.ivyservice.ivyresolve.CachingModuleComponentRepository$ResolveAndCacheRepositoryAccess.resolveArtifact(CachingModuleComponentRepository.java:470)
	at org.gradle.api.internal.artifacts.ivyservice.ivyresolve.ErrorHandlingModuleComponentRepository$ErrorHandlingModuleComponentRepositoryAccess.lambda$resolveArtifact$12(ErrorHandlingModuleComponentRepository.java:180)
	at org.gradle.api.internal.artifacts.ivyservice.ivyresolve.ErrorHandlingModuleComponentRepository$ErrorHandlingModuleComponentRepositoryAccess.tryResolveAndMaybeDisable(ErrorHandlingModuleComponentRepository.java:251)
	at org.gradle.api.internal.artifacts.ivyservice.ivyresolve.ErrorHandlingModuleComponentRepository$ErrorHandlingModuleComponentRepositoryAccess.performOperationWithRetries(ErrorHandlingModuleComponentRepository.java:204)
	at org.gradle.api.internal.artifacts.ivyservice.ivyresolve.ErrorHandlingModuleComponentRepository$ErrorHandlingModuleComponentRepositoryAccess.resolveArtifact(ErrorHandlingModuleComponentRepository.java:178)
	at org.gradle.api.internal.artifacts.ivyservice.ivyresolve.RepositoryChainArtifactResolver.resolveArtifactLater(RepositoryChainArtifactResolver.java:75)
	at org.gradle.api.internal.artifacts.ivyservice.ivyresolve.RepositoryChainArtifactResolver.lambda$resolveArtifact$0(RepositoryChainArtifactResolver.java:63)
	at org.gradle.internal.model.CalculatedValueContainerFactory$SupplierBackedCalculator.calculateValue(CalculatedValueContainerFactory.java:69)
	at org.gradle.internal.model.CalculatedValueContainer$CalculationState.lambda$attachValue$0(CalculatedValueContainer.java:227)
	at org.gradle.internal.Try.ofFailable(Try.java:46)
	at org.gradle.internal.model.CalculatedValueContainer$CalculationState.attachValue(CalculatedValueContainer.java:222)
	at org.gradle.internal.model.CalculatedValueContainer.finalizeIfNotAlready(CalculatedValueContainer.java:195)
	at org.gradle.internal.model.CalculatedValueContainer.finalizeIfNotAlready(CalculatedValueContainer.java:186)
	at org.gradle.api.internal.artifacts.ivyservice.resolveengine.artifact.ArtifactBackedResolvedVariant$DownloadArtifactFile.run(ArtifactBackedResolvedVariant.java:208)
	at org.gradle.internal.operations.DefaultBuildOperationRunner$2.execute(DefaultBuildOperationRunner.java:66)
	at org.gradle.internal.operations.DefaultBuildOperationRunner$2.execute(DefaultBuildOperationRunner.java:59)
	at org.gradle.internal.operations.DefaultBuildOperationRunner.execute(DefaultBuildOperationRunner.java:166)
	at org.gradle.internal.operations.DefaultBuildOperationRunner.execute(DefaultBuildOperationRunner.java:59)
	at org.gradle.internal.operations.DefaultBuildOperationExecutor.lambda$executeInParallel$0(DefaultBuildOperationExecutor.java:102)
	at org.gradle.internal.operations.DefaultBuildOperationQueue$WorkerRunnable.runOperation(DefaultBuildOperationQueue.java:292)
	at org.gradle.internal.operations.DefaultBuildOperationQueue$WorkerRunnable.doRunBatch(DefaultBuildOperationQueue.java:273)
	at org.gradle.internal.operations.DefaultBuildOperationQueue$WorkerRunnable.lambda$runBatch$0(DefaultBuildOperationQueue.java:258)
	at org.gradle.internal.resources.AbstractResourceLockRegistry.whileDisallowingLockChanges(AbstractResourceLockRegistry.java:50)
	at org.gradle.internal.work.DefaultWorkerLeaseService.whileDisallowingProjectLockChanges(DefaultWorkerLeaseService.java:233)
	at org.gradle.internal.operations.DefaultBuildOperationQueue$WorkerRunnable.lambda$runBatch$1(DefaultBuildOperationQueue.java:258)
	at org.gradle.internal.work.DefaultWorkerLeaseService.lambda$withLocksAcquired$0(DefaultWorkerLeaseService.java:269)
	at org.gradle.internal.work.ResourceLockStatistics$1.measure(ResourceLockStatistics.java:42)
	at org.gradle.internal.work.DefaultWorkerLeaseService.withLocksAcquired(DefaultWorkerLeaseService.java:267)
	at org.gradle.internal.work.DefaultWorkerLeaseService.withLocks(DefaultWorkerLeaseService.java:259)
	at org.gradle.internal.work.DefaultWorkerLeaseService.runAsWorkerThread(DefaultWorkerLeaseService.java:127)
	at org.gradle.internal.operations.DefaultBuildOperationQueue$WorkerRunnable.runBatch(DefaultBuildOperationQueue.java:244)
	at org.gradle.internal.operations.DefaultBuildOperationQueue$WorkerRunnable.runOperations(DefaultBuildOperationQueue.java:212)
	at org.gradle.internal.operations.CurrentBuildOperationRef.with(CurrentBuildOperationRef.java:84)
	at org.gradle.internal.operations.DefaultBuildOperationQueue$WorkerRunnable.run(DefaultBuildOperationQueue.java:205)
	at org.gradle.internal.concurrent.ExecutorPolicy$CatchAndRecordFailures.onExecute(ExecutorPolicy.java:64)
	at org.gradle.internal.concurrent.AbstractManagedExecutor$1.run(AbstractManagedExecutor.java:47)
	at java.base/java.util.concurrent.ThreadPoolExecutor.runWorker(ThreadPoolExecutor.java:1136)
	at java.base/java.util.concurrent.ThreadPoolExecutor$Worker.run(ThreadPoolExecutor.java:635)
	at java.base/java.lang.Thread.run(Thread.java:840)
Caused by: org.gradle.api.resources.ResourceException: Could not get resource 'https://maven.myket.ir/com/android/signflinger/8.2.1/signflinger-8.2.1.jar'.
	at org.gradle.internal.resource.ResourceExceptions.failure(ResourceExceptions.java:74)
	at org.gradle.internal.resource.ResourceExceptions.getFailed(ResourceExceptions.java:57)
	at org.gradle.api.internal.artifacts.repositories.resolver.DefaultExternalResourceArtifactResolver.downloadByCoords(DefaultExternalResourceArtifactResolver.java:154)
	at org.gradle.api.internal.artifacts.repositories.resolver.DefaultExternalResourceArtifactResolver.downloadStaticResource(DefaultExternalResourceArtifactResolver.java:94)
	at org.gradle.api.internal.artifacts.repositories.resolver.DefaultExternalResourceArtifactResolver.resolveArtifact(DefaultExternalResourceArtifactResolver.java:62)
	at org.gradle.api.internal.artifacts.repositories.resolver.ExternalResourceResolver$RemoteRepositoryAccess.resolveArtifact(ExternalResourceResolver.java:492)
	... 39 more
Caused by: org.gradle.internal.resource.transport.http.HttpRequestException: Could not GET 'https://maven.myket.ir/com/android/signflinger/8.2.1/signflinger-8.2.1.jar'.
	at org.gradle.internal.resource.transport.http.HttpClientHelper.createHttpRequestException(HttpClientHelper.java:123)
	at org.gradle.internal.resource.transport.http.HttpClientHelper.performRequest(HttpClientHelper.java:117)
	at org.gradle.internal.resource.transport.http.HttpClientHelper.performRawGet(HttpClientHelper.java:99)
	at org.gradle.internal.resource.transport.http.HttpClientHelper.performGet(HttpClientHelper.java:104)
	at org.gradle.internal.resource.transport.http.HttpResourceAccessor.openResource(HttpResourceAccessor.java:45)
	at org.gradle.internal.resource.transport.http.HttpResourceAccessor.openResource(HttpResourceAccessor.java:30)
	at org.gradle.internal.resource.transfer.AbstractExternalResourceAccessor.withContent(AbstractExternalResourceAccessor.java:32)
	at org.gradle.internal.resource.transfer.DefaultExternalResourceConnector.withContent(DefaultExternalResourceConnector.java:59)
	at org.gradle.internal.resource.transfer.ProgressLoggingExternalResourceAccessor$DownloadOperation.call(ProgressLoggingExternalResourceAccessor.java:136)
	at org.gradle.internal.operations.DefaultBuildOperationRunner$CallableBuildOperationWorker.execute(DefaultBuildOperationRunner.java:209)
	at org.gradle.internal.operations.DefaultBuildOperationRunner$CallableBuildOperationWorker.execute(DefaultBuildOperationRunner.java:204)
	at org.gradle.internal.operations.DefaultBuildOperationRunner$2.execute(DefaultBuildOperationRunner.java:66)
	at org.gradle.internal.operations.DefaultBuildOperationRunner$2.execute(DefaultBuildOperationRunner.java:59)
	at org.gradle.internal.operations.DefaultBuildOperationRunner.execute(DefaultBuildOperationRunner.java:166)
	at org.gradle.internal.operations.DefaultBuildOperationRunner.execute(DefaultBuildOperationRunner.java:59)
	at org.gradle.internal.operations.DefaultBuildOperationRunner.call(DefaultBuildOperationRunner.java:53)
	at org.gradle.internal.resource.transfer.ProgressLoggingExternalResourceAccessor.withContent(ProgressLoggingExternalResourceAccessor.java:49)
	at org.gradle.internal.resource.transfer.AccessorBackedExternalResource.withContentIfPresent(AccessorBackedExternalResource.java:103)
	at org.gradle.internal.resource.transfer.DefaultCacheAwareExternalResourceAccessor.copyToCache(DefaultCacheAwareExternalResourceAccessor.java:188)
	at org.gradle.internal.resource.transfer.DefaultCacheAwareExternalResourceAccessor.lambda$getResource$1(DefaultCacheAwareExternalResourceAccessor.java:86)
	at org.gradle.cache.internal.ProducerGuard$AdaptiveProducerGuard.guardByKey(ProducerGuard.java:97)
	at org.gradle.internal.resource.transfer.DefaultCacheAwareExternalResourceAccessor.getResource(DefaultCacheAwareExternalResourceAccessor.java:80)
	at org.gradle.api.internal.artifacts.repositories.resolver.DefaultExternalResourceArtifactResolver.downloadByCoords(DefaultExternalResourceArtifactResolver.java:149)
	... 42 more
Caused by: java.net.UnknownHostException: maven.myket.ir
	at java.base/java.net.InetAddress$CachedAddresses.get(InetAddress.java:801)
	at java.base/java.net.InetAddress.getAllByName0(InetAddress.java:1533)
	at java.base/java.net.InetAddress.getAllByName(InetAddress.java:1385)
	at java.base/java.net.InetAddress.getAllByName(InetAddress.java:1306)
	at org.apache.http.impl.conn.SystemDefaultDnsResolver.resolve(SystemDefaultDnsResolver.java:45)
	at org.apache.http.impl.conn.DefaultHttpClientConnectionOperator.connect(DefaultHttpClientConnectionOperator.java:112)
	at org.apache.http.impl.conn.PoolingHttpClientConnectionManager.connect(PoolingHttpClientConnectionManager.java:376)
	at org.apache.http.impl.execchain.MainClientExec.establishRoute(MainClientExec.java:393)
	at org.apache.http.impl.execchain.MainClientExec.execute(MainClientExec.java:236)
	at org.apache.http.impl.execchain.ProtocolExec.execute(ProtocolExec.java:186)
	at org.apache.http.impl.execchain.RetryExec.execute(RetryExec.java:89)
	at org.apache.http.impl.execchain.RedirectExec.execute(RedirectExec.java:110)
	at org.apache.http.impl.client.InternalHttpClient.doExecute(InternalHttpClient.java:185)
	at org.apache.http.impl.client.CloseableHttpClient.execute(CloseableHttpClient.java:83)
	at org.gradle.internal.resource.transport.http.HttpClientHelper.performHttpRequest(HttpClientHelper.java:200)
	at org.gradle.internal.resource.transport.http.HttpClientHelper.performHttpRequest(HttpClientHelper.java:176)
	at org.gradle.internal.resource.transport.http.HttpClientHelper.executeGetOrHead(HttpClientHelper.java:165)
	at org.gradle.internal.resource.transport.http.HttpClientHelper.performRequest(HttpClientHelper.java:113)
	... 63 more
Cause 18: org.gradle.internal.resolve.ArtifactResolveException: Could not download zipflinger-8.2.1.jar (com.android:zipflinger:8.2.1)
	at org.gradle.api.internal.artifacts.repositories.resolver.ExternalResourceResolver$RemoteRepositoryAccess.resolveArtifact(ExternalResourceResolver.java:499)
	at org.gradle.api.internal.artifacts.ivyservice.ivyresolve.CachingModuleComponentRepository$ResolveAndCacheRepositoryAccess.resolveArtifact(CachingModuleComponentRepository.java:470)
	at org.gradle.api.internal.artifacts.ivyservice.ivyresolve.ErrorHandlingModuleComponentRepository$ErrorHandlingModuleComponentRepositoryAccess.lambda$resolveArtifact$12(ErrorHandlingModuleComponentRepository.java:180)
	at org.gradle.api.internal.artifacts.ivyservice.ivyresolve.ErrorHandlingModuleComponentRepository$ErrorHandlingModuleComponentRepositoryAccess.tryResolveAndMaybeDisable(ErrorHandlingModuleComponentRepository.java:251)
	at org.gradle.api.internal.artifacts.ivyservice.ivyresolve.ErrorHandlingModuleComponentRepository$ErrorHandlingModuleComponentRepositoryAccess.performOperationWithRetries(ErrorHandlingModuleComponentRepository.java:204)
	at org.gradle.api.internal.artifacts.ivyservice.ivyresolve.ErrorHandlingModuleComponentRepository$ErrorHandlingModuleComponentRepositoryAccess.resolveArtifact(ErrorHandlingModuleComponentRepository.java:178)
	at org.gradle.api.internal.artifacts.ivyservice.ivyresolve.RepositoryChainArtifactResolver.resolveArtifactLater(RepositoryChainArtifactResolver.java:75)
	at org.gradle.api.internal.artifacts.ivyservice.ivyresolve.RepositoryChainArtifactResolver.lambda$resolveArtifact$0(RepositoryChainArtifactResolver.java:63)
	at org.gradle.internal.model.CalculatedValueContainerFactory$SupplierBackedCalculator.calculateValue(CalculatedValueContainerFactory.java:69)
	at org.gradle.internal.model.CalculatedValueContainer$CalculationState.lambda$attachValue$0(CalculatedValueContainer.java:227)
	at org.gradle.internal.Try.ofFailable(Try.java:46)
	at org.gradle.internal.model.CalculatedValueContainer$CalculationState.attachValue(CalculatedValueContainer.java:222)
	at org.gradle.internal.model.CalculatedValueContainer.finalizeIfNotAlready(CalculatedValueContainer.java:195)
	at org.gradle.internal.model.CalculatedValueContainer.finalizeIfNotAlready(CalculatedValueContainer.java:186)
	at org.gradle.api.internal.artifacts.ivyservice.resolveengine.artifact.ArtifactBackedResolvedVariant$DownloadArtifactFile.run(ArtifactBackedResolvedVariant.java:208)
	at org.gradle.internal.operations.DefaultBuildOperationRunner$2.execute(DefaultBuildOperationRunner.java:66)
	at org.gradle.internal.operations.DefaultBuildOperationRunner$2.execute(DefaultBuildOperationRunner.java:59)
	at org.gradle.internal.operations.DefaultBuildOperationRunner.execute(DefaultBuildOperationRunner.java:166)
	at org.gradle.internal.operations.DefaultBuildOperationRunner.execute(DefaultBuildOperationRunner.java:59)
	at org.gradle.internal.operations.DefaultBuildOperationExecutor.lambda$executeInParallel$0(DefaultBuildOperationExecutor.java:102)
	at org.gradle.internal.operations.DefaultBuildOperationQueue$WorkerRunnable.runOperation(DefaultBuildOperationQueue.java:292)
	at org.gradle.internal.operations.DefaultBuildOperationQueue$WorkerRunnable.doRunBatch(DefaultBuildOperationQueue.java:273)
	at org.gradle.internal.operations.DefaultBuildOperationQueue$WorkerRunnable.lambda$runBatch$0(DefaultBuildOperationQueue.java:258)
	at org.gradle.internal.resources.AbstractResourceLockRegistry.whileDisallowingLockChanges(AbstractResourceLockRegistry.java:50)
	at org.gradle.internal.work.DefaultWorkerLeaseService.whileDisallowingProjectLockChanges(DefaultWorkerLeaseService.java:233)
	at org.gradle.internal.operations.DefaultBuildOperationQueue$WorkerRunnable.lambda$runBatch$1(DefaultBuildOperationQueue.java:258)
	at org.gradle.internal.work.DefaultWorkerLeaseService.runAsWorkerThread(DefaultWorkerLeaseService.java:125)
	at org.gradle.internal.operations.DefaultBuildOperationQueue$WorkerRunnable.runBatch(DefaultBuildOperationQueue.java:244)
	at org.gradle.internal.operations.DefaultBuildOperationQueue$WorkerRunnable.runOperations(DefaultBuildOperationQueue.java:212)
	at org.gradle.internal.operations.CurrentBuildOperationRef.with(CurrentBuildOperationRef.java:84)
	at org.gradle.internal.operations.DefaultBuildOperationQueue$WorkerRunnable.run(DefaultBuildOperationQueue.java:205)
	at org.gradle.internal.operations.DefaultBuildOperationQueue.waitForCompletion(DefaultBuildOperationQueue.java:114)
	at org.gradle.internal.operations.DefaultBuildOperationExecutor.executeInParallel(DefaultBuildOperationExecutor.java:115)
	at org.gradle.internal.operations.DefaultBuildOperationExecutor.runAll(DefaultBuildOperationExecutor.java:64)
	at org.gradle.api.internal.artifacts.ivyservice.resolveengine.artifact.ParallelResolveArtifactSet$VisitingSet.visit(ParallelResolveArtifactSet.java:66)
	at org.gradle.api.internal.artifacts.ivyservice.resolveengine.artifact.ResolvedArtifactSetResolver$1.run(ResolvedArtifactSetResolver.java:68)
	at org.gradle.internal.operations.DefaultBuildOperationRunner$1.execute(DefaultBuildOperationRunner.java:29)
	at org.gradle.internal.operations.DefaultBuildOperationRunner$1.execute(DefaultBuildOperationRunner.java:26)
	at org.gradle.internal.operations.DefaultBuildOperationRunner$2.execute(DefaultBuildOperationRunner.java:66)
	at org.gradle.internal.operations.DefaultBuildOperationRunner$2.execute(DefaultBuildOperationRunner.java:59)
	at org.gradle.internal.operations.DefaultBuildOperationRunner.execute(DefaultBuildOperationRunner.java:166)
	at org.gradle.internal.operations.DefaultBuildOperationRunner.execute(DefaultBuildOperationRunner.java:59)
	at org.gradle.internal.operations.DefaultBuildOperationRunner.run(DefaultBuildOperationRunner.java:47)
	at org.gradle.api.internal.artifacts.ivyservice.resolveengine.artifact.ResolvedArtifactSetResolver.visitArtifacts(ResolvedArtifactSetResolver.java:65)
	at org.gradle.api.internal.artifacts.ivyservice.resolveengine.artifact.ResolvedArtifactSetResolver.lambda$visitInUnmanagedWorkerThread$0(ResolvedArtifactSetResolver.java:61)
	at org.gradle.internal.work.DefaultWorkerLeaseService.runAsUnmanagedWorkerThread(DefaultWorkerLeaseService.java:139)
	at org.gradle.api.internal.artifacts.ivyservice.resolveengine.artifact.ResolvedArtifactSetResolver.visitInUnmanagedWorkerThread(ResolvedArtifactSetResolver.java:61)
	at org.gradle.api.internal.artifacts.ivyservice.resolveengine.artifact.DefaultSelectedArtifactSet.visitArtifacts(DefaultSelectedArtifactSet.java:59)
	at org.gradle.api.internal.artifacts.configurations.ResolutionResultProviderBackedSelectedArtifactSet.visitArtifacts(ResolutionResultProviderBackedSelectedArtifactSet.java:52)
	at org.gradle.api.internal.artifacts.configurations.DefaultArtifactCollection.lambda$new$0(DefaultArtifactCollection.java:61)
	at org.gradle.internal.model.CalculatedValueContainerFactory$SupplierBackedCalculator.calculateValue(CalculatedValueContainerFactory.java:69)
	at org.gradle.internal.model.CalculatedValueContainer$CalculationState.lambda$attachValue$0(CalculatedValueContainer.java:227)
	at org.gradle.internal.Try.ofFailable(Try.java:46)
	at org.gradle.internal.model.CalculatedValueContainer$CalculationState.attachValue(CalculatedValueContainer.java:222)
	at org.gradle.internal.model.CalculatedValueContainer.finalizeIfNotAlready(CalculatedValueContainer.java:195)
	at org.gradle.internal.model.CalculatedValueContainer.finalizeIfNotAlready(CalculatedValueContainer.java:186)
	at org.gradle.api.internal.artifacts.configurations.DefaultArtifactCollection.ensureResolved(DefaultArtifactCollection.java:123)
	at org.gradle.api.internal.artifacts.configurations.DefaultArtifactCollection.getArtifacts(DefaultArtifactCollection.java:95)
	at org.gradle.api.internal.initialization.transform.utils.InstrumentationClasspathMerger.mergeToClasspath(InstrumentationClasspathMerger.java:52)
	at org.gradle.api.internal.initialization.DefaultScriptClassPathResolver.resolveClassPath(DefaultScriptClassPathResolver.java:155)
	at org.gradle.api.internal.initialization.DefaultBuildLogicBuilder.lambda$resolveClassPath$0(DefaultBuildLogicBuilder.java:64)
	at org.gradle.api.internal.initialization.DefaultBuildLogicBuildQueue.build(DefaultBuildLogicBuildQueue.java:69)
	at org.gradle.api.internal.initialization.DefaultBuildLogicBuilder.resolveClassPath(DefaultBuildLogicBuilder.java:61)
	at org.gradle.api.internal.initialization.DefaultScriptHandler.lambda$getInstrumentedScriptClassPath$0(DefaultScriptHandler.java:108)
	at org.gradle.api.internal.artifacts.configurations.DefaultConfiguration.callAndResetResolutionState(DefaultConfiguration.java:758)
	at org.gradle.api.internal.initialization.DefaultScriptHandler.getInstrumentedScriptClassPath(DefaultScriptHandler.java:112)
	at org.gradle.plugin.use.internal.DefaultPluginRequestApplicator.applyPlugins(DefaultPluginRequestApplicator.java:87)
	at org.gradle.configuration.DefaultScriptPluginFactory$ScriptPluginImpl.apply(DefaultScriptPluginFactory.java:123)
	at org.gradle.configuration.BuildOperationScriptPlugin$1.run(BuildOperationScriptPlugin.java:68)
	at org.gradle.internal.operations.DefaultBuildOperationRunner$1.execute(DefaultBuildOperationRunner.java:29)
	at org.gradle.internal.operations.DefaultBuildOperationRunner$1.execute(DefaultBuildOperationRunner.java:26)
	at org.gradle.internal.operations.DefaultBuildOperationRunner$2.execute(DefaultBuildOperationRunner.java:66)
	at org.gradle.internal.operations.DefaultBuildOperationRunner$2.execute(DefaultBuildOperationRunner.java:59)
	at org.gradle.internal.operations.DefaultBuildOperationRunner.execute(DefaultBuildOperationRunner.java:166)
	at org.gradle.internal.operations.DefaultBuildOperationRunner.execute(DefaultBuildOperationRunner.java:59)
	at org.gradle.internal.operations.DefaultBuildOperationRunner.run(DefaultBuildOperationRunner.java:47)
	at org.gradle.configuration.BuildOperationScriptPlugin.lambda$apply$0(BuildOperationScriptPlugin.java:65)
	at org.gradle.internal.code.DefaultUserCodeApplicationContext.apply(DefaultUserCodeApplicationContext.java:44)
	at org.gradle.configuration.BuildOperationScriptPlugin.apply(BuildOperationScriptPlugin.java:65)
	at org.gradle.api.internal.project.DefaultProjectStateRegistry$ProjectStateImpl.lambda$applyToMutableState$0(DefaultProjectStateRegistry.java:443)
	at org.gradle.api.internal.project.DefaultProjectStateRegistry$ProjectStateImpl.lambda$fromMutableState$1(DefaultProjectStateRegistry.java:450)
	at org.gradle.api.internal.project.DefaultProjectStateRegistry$ProjectStateImpl.runWithModelLock(DefaultProjectStateRegistry.java:466)
	at org.gradle.api.internal.project.DefaultProjectStateRegistry$ProjectStateImpl.fromMutableState(DefaultProjectStateRegistry.java:450)
	at org.gradle.api.internal.project.DefaultProjectStateRegistry$ProjectStateImpl.applyToMutableState(DefaultProjectStateRegistry.java:442)
	at org.gradle.configuration.project.BuildScriptProcessor.execute(BuildScriptProcessor.java:46)
	at org.gradle.configuration.project.BuildScriptProcessor.execute(BuildScriptProcessor.java:27)
	at org.gradle.configuration.project.ConfigureActionsProjectEvaluator.evaluate(ConfigureActionsProjectEvaluator.java:35)
	at org.gradle.configuration.project.LifecycleProjectEvaluator$EvaluateProject.lambda$run$0(LifecycleProjectEvaluator.java:109)
	at org.gradle.api.internal.project.DefaultProjectStateRegistry$ProjectStateImpl.lambda$applyToMutableState$0(DefaultProjectStateRegistry.java:443)
	at org.gradle.api.internal.project.DefaultProjectStateRegistry$ProjectStateImpl.lambda$fromMutableState$1(DefaultProjectStateRegistry.java:450)
	at org.gradle.internal.work.DefaultWorkerLeaseService.lambda$withLocksAcquired$0(DefaultWorkerLeaseService.java:269)
	at org.gradle.internal.work.ResourceLockStatistics$1.measure(ResourceLockStatistics.java:42)
	at org.gradle.internal.work.DefaultWorkerLeaseService.withLocksAcquired(DefaultWorkerLeaseService.java:267)
	at org.gradle.internal.work.DefaultWorkerLeaseService.lambda$withReplacedLocks$3(DefaultWorkerLeaseService.java:365)
	at org.gradle.internal.work.DefaultWorkerLeaseService.withoutLocks(DefaultWorkerLeaseService.java:337)
	at org.gradle.internal.work.DefaultWorkerLeaseService.withReplacedLocks(DefaultWorkerLeaseService.java:364)
	at org.gradle.api.internal.project.DefaultProjectStateRegistry$ProjectStateImpl.runWithModelLock(DefaultProjectStateRegistry.java:471)
	at org.gradle.api.internal.project.DefaultProjectStateRegistry$ProjectStateImpl.fromMutableState(DefaultProjectStateRegistry.java:450)
	at org.gradle.api.internal.project.DefaultProjectStateRegistry$ProjectStateImpl.applyToMutableState(DefaultProjectStateRegistry.java:442)
	at org.gradle.configuration.project.LifecycleProjectEvaluator$EvaluateProject.run(LifecycleProjectEvaluator.java:100)
	at org.gradle.internal.operations.DefaultBuildOperationRunner$1.execute(DefaultBuildOperationRunner.java:29)
	at org.gradle.internal.operations.DefaultBuildOperationRunner$1.execute(DefaultBuildOperationRunner.java:26)
	at org.gradle.internal.operations.DefaultBuildOperationRunner$2.execute(DefaultBuildOperationRunner.java:66)
	at org.gradle.internal.operations.DefaultBuildOperationRunner$2.execute(DefaultBuildOperationRunner.java:59)
	at org.gradle.internal.operations.DefaultBuildOperationRunner.execute(DefaultBuildOperationRunner.java:166)
	at org.gradle.internal.operations.DefaultBuildOperationRunner.execute(DefaultBuildOperationRunner.java:59)
	at org.gradle.internal.operations.DefaultBuildOperationRunner.run(DefaultBuildOperationRunner.java:47)
	at org.gradle.configuration.project.LifecycleProjectEvaluator.evaluate(LifecycleProjectEvaluator.java:72)
	at org.gradle.api.internal.project.DefaultProject.evaluateUnchecked(DefaultProject.java:796)
	at org.gradle.api.internal.project.ProjectLifecycleController.lambda$ensureSelfConfigured$2(ProjectLifecycleController.java:93)
	at org.gradle.internal.model.StateTransitionController.lambda$doTransition$14(StateTransitionController.java:265)
	at org.gradle.internal.model.StateTransitionController.doTransition(StateTransitionController.java:276)
	at org.gradle.internal.model.StateTransitionController.doTransition(StateTransitionController.java:264)
	at org.gradle.internal.model.StateTransitionController.lambda$maybeTransitionIfNotCurrentlyTransitioning$10(StateTransitionController.java:209)
	at org.gradle.internal.work.DefaultSynchronizer.withLock(DefaultSynchronizer.java:35)
	at org.gradle.internal.model.StateTransitionController.maybeTransitionIfNotCurrentlyTransitioning(StateTransitionController.java:205)
	at org.gradle.api.internal.project.ProjectLifecycleController.ensureSelfConfigured(ProjectLifecycleController.java:93)
	at org.gradle.api.internal.project.DefaultProjectStateRegistry$ProjectStateImpl.ensureConfigured(DefaultProjectStateRegistry.java:408)
	at org.gradle.execution.TaskPathProjectEvaluator.configure(TaskPathProjectEvaluator.java:71)
	at org.gradle.execution.TaskPathProjectEvaluator.configureHierarchy(TaskPathProjectEvaluator.java:87)
	at org.gradle.configuration.DefaultProjectsPreparer.prepareProjects(DefaultProjectsPreparer.java:50)
	at org.gradle.configuration.BuildTreePreparingProjectsPreparer.prepareProjects(BuildTreePreparingProjectsPreparer.java:65)
	at org.gradle.configuration.BuildOperationFiringProjectsPreparer$ConfigureBuild.run(BuildOperationFiringProjectsPreparer.java:52)
	at org.gradle.internal.operations.DefaultBuildOperationRunner$1.execute(DefaultBuildOperationRunner.java:29)
	at org.gradle.internal.operations.DefaultBuildOperationRunner$1.execute(DefaultBuildOperationRunner.java:26)
	at org.gradle.internal.operations.DefaultBuildOperationRunner$2.execute(DefaultBuildOperationRunner.java:66)
	at org.gradle.internal.operations.DefaultBuildOperationRunner$2.execute(DefaultBuildOperationRunner.java:59)
	at org.gradle.internal.operations.DefaultBuildOperationRunner.execute(DefaultBuildOperationRunner.java:166)
	at org.gradle.internal.operations.DefaultBuildOperationRunner.execute(DefaultBuildOperationRunner.java:59)
	at org.gradle.internal.operations.DefaultBuildOperationRunner.run(DefaultBuildOperationRunner.java:47)
	at org.gradle.configuration.BuildOperationFiringProjectsPreparer.prepareProjects(BuildOperationFiringProjectsPreparer.java:40)
	at org.gradle.initialization.VintageBuildModelController.lambda$prepareProjects$2(VintageBuildModelController.java:83)
	at org.gradle.internal.model.StateTransitionController.lambda$doTransition$14(StateTransitionController.java:265)
	at org.gradle.internal.model.StateTransitionController.doTransition(StateTransitionController.java:276)
	at org.gradle.internal.model.StateTransitionController.doTransition(StateTransitionController.java:264)
	at org.gradle.internal.model.StateTransitionController.lambda$transitionIfNotPreviously$11(StateTransitionController.java:223)
	at org.gradle.internal.work.DefaultSynchronizer.withLock(DefaultSynchronizer.java:35)
	at org.gradle.internal.model.StateTransitionController.transitionIfNotPreviously(StateTransitionController.java:219)
	at org.gradle.initialization.VintageBuildModelController.prepareProjects(VintageBuildModelController.java:83)
	at org.gradle.initialization.VintageBuildModelController.prepareToScheduleTasks(VintageBuildModelController.java:70)
	at org.gradle.internal.build.DefaultBuildLifecycleController.lambda$prepareToScheduleTasks$6(DefaultBuildLifecycleController.java:175)
	at org.gradle.internal.model.StateTransitionController.lambda$doTransition$14(StateTransitionController.java:265)
	at org.gradle.internal.model.StateTransitionController.doTransition(StateTransitionController.java:276)
	at org.gradle.internal.model.StateTransitionController.doTransition(StateTransitionController.java:264)
	at org.gradle.internal.model.StateTransitionController.lambda$maybeTransition$9(StateTransitionController.java:200)
	at org.gradle.internal.work.DefaultSynchronizer.withLock(DefaultSynchronizer.java:35)
	at org.gradle.internal.model.StateTransitionController.maybeTransition(StateTransitionController.java:196)
	at org.gradle.internal.build.DefaultBuildLifecycleController.prepareToScheduleTasks(DefaultBuildLifecycleController.java:173)
	at org.gradle.internal.buildtree.DefaultBuildTreeWorkPreparer.scheduleRequestedTasks(DefaultBuildTreeWorkPreparer.java:35)
	at org.gradle.internal.cc.impl.barrier.BarrierAwareBuildTreeWorkPreparer.scheduleRequestedTasks$lambda$0(BarrierAwareBuildTreeWorkPreparer.kt:34)
	at org.gradle.internal.cc.impl.barrier.VintageConfigurationTimeActionRunner.runConfigurationTimeAction(VintageConfigurationTimeActionRunner.kt:48)
	at org.gradle.internal.cc.impl.barrier.BarrierAwareBuildTreeWorkPreparer.scheduleRequestedTasks(BarrierAwareBuildTreeWorkPreparer.kt:33)
	at org.gradle.internal.cc.impl.VintageBuildTreeWorkController$scheduleAndRunRequestedTasks$1.apply(VintageBuildTreeWorkController.kt:36)
	at org.gradle.internal.cc.impl.VintageBuildTreeWorkController$scheduleAndRunRequestedTasks$1.apply(VintageBuildTreeWorkController.kt:35)
	at org.gradle.composite.internal.DefaultIncludedBuildTaskGraph.withNewWorkGraph(DefaultIncludedBuildTaskGraph.java:114)
	at org.gradle.internal.cc.impl.VintageBuildTreeWorkController.scheduleAndRunRequestedTasks(VintageBuildTreeWorkController.kt:35)
	at org.gradle.internal.buildtree.DefaultBuildTreeLifecycleController.lambda$scheduleAndRunTasks$1(DefaultBuildTreeLifecycleController.java:77)
	at org.gradle.internal.buildtree.DefaultBuildTreeLifecycleController.lambda$runBuild$4(DefaultBuildTreeLifecycleController.java:120)
	at org.gradle.internal.model.StateTransitionController.lambda$transition$6(StateTransitionController.java:179)
	at org.gradle.internal.model.StateTransitionController.doTransition(StateTransitionController.java:276)
	at org.gradle.internal.model.StateTransitionController.lambda$transition$7(StateTransitionController.java:179)
	at org.gradle.internal.work.DefaultSynchronizer.withLock(DefaultSynchronizer.java:45)
	at org.gradle.internal.model.StateTransitionController.transition(StateTransitionController.java:179)
	at org.gradle.internal.buildtree.DefaultBuildTreeLifecycleController.runBuild(DefaultBuildTreeLifecycleController.java:117)
	at org.gradle.internal.buildtree.DefaultBuildTreeLifecycleController.scheduleAndRunTasks(DefaultBuildTreeLifecycleController.java:77)
	at org.gradle.internal.buildtree.DefaultBuildTreeLifecycleController.scheduleAndRunTasks(DefaultBuildTreeLifecycleController.java:72)
	at org.gradle.tooling.internal.provider.ExecuteBuildActionRunner.run(ExecuteBuildActionRunner.java:31)
	at org.gradle.launcher.exec.ChainingBuildActionRunner.run(ChainingBuildActionRunner.java:35)
	at org.gradle.internal.buildtree.ProblemReportingBuildActionRunner.run(ProblemReportingBuildActionRunner.java:54)
	at org.gradle.launcher.exec.BuildOutcomeReportingBuildActionRunner.run(BuildOutcomeReportingBuildActionRunner.java:83)
	at org.gradle.tooling.internal.provider.FileSystemWatchingBuildActionRunner.run(FileSystemWatchingBuildActionRunner.java:135)
	at org.gradle.launcher.exec.BuildCompletionNotifyingBuildActionRunner.run(BuildCompletionNotifyingBuildActionRunner.java:54)
	at org.gradle.launcher.exec.RootBuildLifecycleBuildActionExecutor.lambda$execute$0(RootBuildLifecycleBuildActionExecutor.java:101)
	at org.gradle.composite.internal.DefaultRootBuildState.run(DefaultRootBuildState.java:126)
	at org.gradle.launcher.exec.RootBuildLifecycleBuildActionExecutor.execute(RootBuildLifecycleBuildActionExecutor.java:101)
	at org.gradle.launcher.exec.BuildTreeLifecycleBuildActionExecutor.runRootBuildAction(BuildTreeLifecycleBuildActionExecutor.java:98)
	at org.gradle.launcher.exec.BuildTreeLifecycleBuildActionExecutor.execute(BuildTreeLifecycleBuildActionExecutor.java:69)
	at org.gradle.launcher.exec.RunAsBuildOperationBuildActionExecutor$2.call(RunAsBuildOperationBuildActionExecutor.java:65)
	at org.gradle.launcher.exec.RunAsBuildOperationBuildActionExecutor$2.call(RunAsBuildOperationBuildActionExecutor.java:61)
	at org.gradle.internal.operations.DefaultBuildOperationRunner$CallableBuildOperationWorker.execute(DefaultBuildOperationRunner.java:209)
	at org.gradle.internal.operations.DefaultBuildOperationRunner$CallableBuildOperationWorker.execute(DefaultBuildOperationRunner.java:204)
	at org.gradle.internal.operations.DefaultBuildOperationRunner$2.execute(DefaultBuildOperationRunner.java:66)
	at org.gradle.internal.operations.DefaultBuildOperationRunner$2.execute(DefaultBuildOperationRunner.java:59)
	at org.gradle.internal.operations.DefaultBuildOperationRunner.execute(DefaultBuildOperationRunner.java:166)
	at org.gradle.internal.operations.DefaultBuildOperationRunner.execute(DefaultBuildOperationRunner.java:59)
	at org.gradle.internal.operations.DefaultBuildOperationRunner.call(DefaultBuildOperationRunner.java:53)
	at org.gradle.launcher.exec.RunAsBuildOperationBuildActionExecutor.execute(RunAsBuildOperationBuildActionExecutor.java:61)
	at org.gradle.launcher.exec.RunAsWorkerThreadBuildActionExecutor.lambda$execute$0(RunAsWorkerThreadBuildActionExecutor.java:36)
	at org.gradle.internal.work.DefaultWorkerLeaseService.lambda$withLocksAcquired$0(DefaultWorkerLeaseService.java:269)
	at org.gradle.internal.work.ResourceLockStatistics$1.measure(ResourceLockStatistics.java:42)
	at org.gradle.internal.work.DefaultWorkerLeaseService.withLocksAcquired(DefaultWorkerLeaseService.java:267)
	at org.gradle.internal.work.DefaultWorkerLeaseService.withLocks(DefaultWorkerLeaseService.java:259)
	at org.gradle.internal.work.DefaultWorkerLeaseService.runAsWorkerThread(DefaultWorkerLeaseService.java:127)
	at org.gradle.launcher.exec.RunAsWorkerThreadBuildActionExecutor.execute(RunAsWorkerThreadBuildActionExecutor.java:36)
	at org.gradle.tooling.internal.provider.continuous.ContinuousBuildActionExecutor.execute(ContinuousBuildActionExecutor.java:110)
	at org.gradle.tooling.internal.provider.SubscribableBuildActionExecutor.execute(SubscribableBuildActionExecutor.java:64)
	at org.gradle.internal.session.DefaultBuildSessionContext.execute(DefaultBuildSessionContext.java:46)
	at org.gradle.internal.buildprocess.execution.BuildSessionLifecycleBuildActionExecutor$ActionImpl.apply(BuildSessionLifecycleBuildActionExecutor.java:106)
	at org.gradle.internal.buildprocess.execution.BuildSessionLifecycleBuildActionExecutor$ActionImpl.apply(BuildSessionLifecycleBuildActionExecutor.java:94)
	at org.gradle.internal.session.BuildSessionState.run(BuildSessionState.java:73)
	at org.gradle.internal.buildprocess.execution.BuildSessionLifecycleBuildActionExecutor.execute(BuildSessionLifecycleBuildActionExecutor.java:67)
	at org.gradle.internal.buildprocess.execution.BuildSessionLifecycleBuildActionExecutor.execute(BuildSessionLifecycleBuildActionExecutor.java:45)
	at org.gradle.internal.buildprocess.execution.StartParamsValidatingActionExecutor.execute(StartParamsValidatingActionExecutor.java:57)
	at org.gradle.internal.buildprocess.execution.StartParamsValidatingActionExecutor.execute(StartParamsValidatingActionExecutor.java:32)
	at org.gradle.internal.buildprocess.execution.SessionFailureReportingActionExecutor.execute(SessionFailureReportingActionExecutor.java:51)
	at org.gradle.internal.buildprocess.execution.SessionFailureReportingActionExecutor.execute(SessionFailureReportingActionExecutor.java:39)
	at org.gradle.internal.buildprocess.execution.SetupLoggingActionExecutor.execute(SetupLoggingActionExecutor.java:47)
	at org.gradle.internal.buildprocess.execution.SetupLoggingActionExecutor.execute(SetupLoggingActionExecutor.java:31)
	at org.gradle.launcher.daemon.server.exec.ExecuteBuild.doBuild(ExecuteBuild.java:70)
	at org.gradle.launcher.daemon.server.exec.BuildCommandOnly.execute(BuildCommandOnly.java:37)
	at org.gradle.launcher.daemon.server.api.DaemonCommandExecution.proceed(DaemonCommandExecution.java:104)
	at org.gradle.launcher.daemon.server.exec.WatchForDisconnection.execute(WatchForDisconnection.java:39)
	at org.gradle.launcher.daemon.server.api.DaemonCommandExecution.proceed(DaemonCommandExecution.java:104)
	at org.gradle.launcher.daemon.server.exec.ResetDeprecationLogger.execute(ResetDeprecationLogger.java:29)
	at org.gradle.launcher.daemon.server.api.DaemonCommandExecution.proceed(DaemonCommandExecution.java:104)
	at org.gradle.launcher.daemon.server.exec.RequestStopIfSingleUsedDaemon.execute(RequestStopIfSingleUsedDaemon.java:35)
	at org.gradle.launcher.daemon.server.api.DaemonCommandExecution.proceed(DaemonCommandExecution.java:104)
	at org.gradle.launcher.daemon.server.exec.ForwardClientInput.lambda$execute$0(ForwardClientInput.java:40)
	at org.gradle.internal.daemon.clientinput.ClientInputForwarder.forwardInput(ClientInputForwarder.java:80)
	at org.gradle.launcher.daemon.server.exec.ForwardClientInput.execute(ForwardClientInput.java:37)
	at org.gradle.launcher.daemon.server.api.DaemonCommandExecution.proceed(DaemonCommandExecution.java:104)
	at org.gradle.launcher.daemon.server.exec.LogAndCheckHealth.execute(LogAndCheckHealth.java:53)
	at org.gradle.launcher.daemon.server.api.DaemonCommandExecution.proceed(DaemonCommandExecution.java:104)
	at org.gradle.launcher.daemon.server.exec.LogToClient.doBuild(LogToClient.java:63)
	at org.gradle.launcher.daemon.server.exec.BuildCommandOnly.execute(BuildCommandOnly.java:37)
	at org.gradle.launcher.daemon.server.api.DaemonCommandExecution.proceed(DaemonCommandExecution.java:104)
	at org.gradle.launcher.daemon.server.exec.EstablishBuildEnvironment.doBuild(EstablishBuildEnvironment.java:84)
	at org.gradle.launcher.daemon.server.exec.BuildCommandOnly.execute(BuildCommandOnly.java:37)
	at org.gradle.launcher.daemon.server.api.DaemonCommandExecution.proceed(DaemonCommandExecution.java:104)
	at org.gradle.launcher.daemon.server.exec.StartBuildOrRespondWithBusy$1.run(StartBuildOrRespondWithBusy.java:52)
	at org.gradle.launcher.daemon.server.DaemonStateCoordinator.lambda$runCommand$0(DaemonStateCoordinator.java:321)
	at org.gradle.internal.concurrent.ExecutorPolicy$CatchAndRecordFailures.onExecute(ExecutorPolicy.java:64)
	at org.gradle.internal.concurrent.AbstractManagedExecutor$1.run(AbstractManagedExecutor.java:47)
	at java.base/java.util.concurrent.ThreadPoolExecutor.runWorker(ThreadPoolExecutor.java:1136)
	at java.base/java.util.concurrent.ThreadPoolExecutor$Worker.run(ThreadPoolExecutor.java:635)
	at java.base/java.lang.Thread.run(Thread.java:840)
Caused by: org.gradle.api.resources.ResourceException: Could not get resource 'https://maven.myket.ir/com/android/zipflinger/8.2.1/zipflinger-8.2.1.jar'.
	at org.gradle.internal.resource.ResourceExceptions.failure(ResourceExceptions.java:74)
	at org.gradle.internal.resource.ResourceExceptions.getFailed(ResourceExceptions.java:57)
	at org.gradle.api.internal.artifacts.repositories.resolver.DefaultExternalResourceArtifactResolver.downloadByCoords(DefaultExternalResourceArtifactResolver.java:154)
	at org.gradle.api.internal.artifacts.repositories.resolver.DefaultExternalResourceArtifactResolver.downloadStaticResource(DefaultExternalResourceArtifactResolver.java:94)
	at org.gradle.api.internal.artifacts.repositories.resolver.DefaultExternalResourceArtifactResolver.resolveArtifact(DefaultExternalResourceArtifactResolver.java:62)
	at org.gradle.api.internal.artifacts.repositories.resolver.ExternalResourceResolver$RemoteRepositoryAccess.resolveArtifact(ExternalResourceResolver.java:492)
	... 235 more
Caused by: org.gradle.internal.resource.transport.http.HttpRequestException: Could not GET 'https://maven.myket.ir/com/android/zipflinger/8.2.1/zipflinger-8.2.1.jar'.
	at org.gradle.internal.resource.transport.http.HttpClientHelper.createHttpRequestException(HttpClientHelper.java:123)
	at org.gradle.internal.resource.transport.http.HttpClientHelper.performRequest(HttpClientHelper.java:117)
	at org.gradle.internal.resource.transport.http.HttpClientHelper.performRawGet(HttpClientHelper.java:99)
	at org.gradle.internal.resource.transport.http.HttpClientHelper.performGet(HttpClientHelper.java:104)
	at org.gradle.internal.resource.transport.http.HttpResourceAccessor.openResource(HttpResourceAccessor.java:45)
	at org.gradle.internal.resource.transport.http.HttpResourceAccessor.openResource(HttpResourceAccessor.java:30)
	at org.gradle.internal.resource.transfer.AbstractExternalResourceAccessor.withContent(AbstractExternalResourceAccessor.java:32)
	at org.gradle.internal.resource.transfer.DefaultExternalResourceConnector.withContent(DefaultExternalResourceConnector.java:59)
	at org.gradle.internal.resource.transfer.ProgressLoggingExternalResourceAccessor$DownloadOperation.call(ProgressLoggingExternalResourceAccessor.java:136)
	at org.gradle.internal.operations.DefaultBuildOperationRunner$CallableBuildOperationWorker.execute(DefaultBuildOperationRunner.java:209)
	at org.gradle.internal.operations.DefaultBuildOperationRunner$CallableBuildOperationWorker.execute(DefaultBuildOperationRunner.java:204)
	at org.gradle.internal.operations.DefaultBuildOperationRunner$2.execute(DefaultBuildOperationRunner.java:66)
	at org.gradle.internal.operations.DefaultBuildOperationRunner$2.execute(DefaultBuildOperationRunner.java:59)
	at org.gradle.internal.operations.DefaultBuildOperationRunner.execute(DefaultBuildOperationRunner.java:166)
	at org.gradle.internal.operations.DefaultBuildOperationRunner.execute(DefaultBuildOperationRunner.java:59)
	at org.gradle.internal.operations.DefaultBuildOperationRunner.call(DefaultBuildOperationRunner.java:53)
	at org.gradle.internal.resource.transfer.ProgressLoggingExternalResourceAccessor.withContent(ProgressLoggingExternalResourceAccessor.java:49)
	at org.gradle.internal.resource.transfer.AccessorBackedExternalResource.withContentIfPresent(AccessorBackedExternalResource.java:103)
	at org.gradle.internal.resource.transfer.DefaultCacheAwareExternalResourceAccessor.copyToCache(DefaultCacheAwareExternalResourceAccessor.java:188)
	at org.gradle.internal.resource.transfer.DefaultCacheAwareExternalResourceAccessor.lambda$getResource$1(DefaultCacheAwareExternalResourceAccessor.java:86)
	at org.gradle.cache.internal.ProducerGuard$AdaptiveProducerGuard.guardByKey(ProducerGuard.java:97)
	at org.gradle.internal.resource.transfer.DefaultCacheAwareExternalResourceAccessor.getResource(DefaultCacheAwareExternalResourceAccessor.java:80)
	at org.gradle.api.internal.artifacts.repositories.resolver.DefaultExternalResourceArtifactResolver.downloadByCoords(DefaultExternalResourceArtifactResolver.java:149)
	... 238 more
Caused by: java.net.UnknownHostException: maven.myket.ir
	at java.base/java.net.InetAddress$CachedAddresses.get(InetAddress.java:801)
	at java.base/java.net.InetAddress.getAllByName0(InetAddress.java:1533)
	at java.base/java.net.InetAddress.getAllByName(InetAddress.java:1385)
	at java.base/java.net.InetAddress.getAllByName(InetAddress.java:1306)
	at org.apache.http.impl.conn.SystemDefaultDnsResolver.resolve(SystemDefaultDnsResolver.java:45)
	at org.apache.http.impl.conn.DefaultHttpClientConnectionOperator.connect(DefaultHttpClientConnectionOperator.java:112)
	at org.apache.http.impl.conn.PoolingHttpClientConnectionManager.connect(PoolingHttpClientConnectionManager.java:376)
	at org.apache.http.impl.execchain.MainClientExec.establishRoute(MainClientExec.java:393)
	at org.apache.http.impl.execchain.MainClientExec.execute(MainClientExec.java:236)
	at org.apache.http.impl.execchain.ProtocolExec.execute(ProtocolExec.java:186)
	at org.apache.http.impl.execchain.RetryExec.execute(RetryExec.java:89)
	at org.apache.http.impl.execchain.RedirectExec.execute(RedirectExec.java:110)
	at org.apache.http.impl.client.InternalHttpClient.doExecute(InternalHttpClient.java:185)
	at org.apache.http.impl.client.CloseableHttpClient.execute(CloseableHttpClient.java:83)
	at org.gradle.internal.resource.transport.http.HttpClientHelper.performHttpRequest(HttpClientHelper.java:200)
	at org.gradle.internal.resource.transport.http.HttpClientHelper.performHttpRequest(HttpClientHelper.java:176)
	at org.gradle.internal.resource.transport.http.HttpClientHelper.executeGetOrHead(HttpClientHelper.java:165)
	at org.gradle.internal.resource.transport.http.HttpClientHelper.performRequest(HttpClientHelper.java:113)
	... 259 more
Cause 19: org.gradle.internal.resolve.ArtifactResolveException: Could not download annotations-31.2.1.jar (com.android.tools:annotations:31.2.1)
	at org.gradle.api.internal.artifacts.repositories.resolver.ExternalResourceResolver$RemoteRepositoryAccess.resolveArtifact(ExternalResourceResolver.java:499)
	at org.gradle.api.internal.artifacts.ivyservice.ivyresolve.CachingModuleComponentRepository$ResolveAndCacheRepositoryAccess.resolveArtifact(CachingModuleComponentRepository.java:470)
	at org.gradle.api.internal.artifacts.ivyservice.ivyresolve.ErrorHandlingModuleComponentRepository$ErrorHandlingModuleComponentRepositoryAccess.lambda$resolveArtifact$12(ErrorHandlingModuleComponentRepository.java:180)
	at org.gradle.api.internal.artifacts.ivyservice.ivyresolve.ErrorHandlingModuleComponentRepository$ErrorHandlingModuleComponentRepositoryAccess.tryResolveAndMaybeDisable(ErrorHandlingModuleComponentRepository.java:251)
	at org.gradle.api.internal.artifacts.ivyservice.ivyresolve.ErrorHandlingModuleComponentRepository$ErrorHandlingModuleComponentRepositoryAccess.performOperationWithRetries(ErrorHandlingModuleComponentRepository.java:204)
	at org.gradle.api.internal.artifacts.ivyservice.ivyresolve.ErrorHandlingModuleComponentRepository$ErrorHandlingModuleComponentRepositoryAccess.resolveArtifact(ErrorHandlingModuleComponentRepository.java:178)
	at org.gradle.api.internal.artifacts.ivyservice.ivyresolve.RepositoryChainArtifactResolver.resolveArtifactLater(RepositoryChainArtifactResolver.java:75)
	at org.gradle.api.internal.artifacts.ivyservice.ivyresolve.RepositoryChainArtifactResolver.lambda$resolveArtifact$0(RepositoryChainArtifactResolver.java:63)
	at org.gradle.internal.model.CalculatedValueContainerFactory$SupplierBackedCalculator.calculateValue(CalculatedValueContainerFactory.java:69)
	at org.gradle.internal.model.CalculatedValueContainer$CalculationState.lambda$attachValue$0(CalculatedValueContainer.java:227)
	at org.gradle.internal.Try.ofFailable(Try.java:46)
	at org.gradle.internal.model.CalculatedValueContainer$CalculationState.attachValue(CalculatedValueContainer.java:222)
	at org.gradle.internal.model.CalculatedValueContainer.finalizeIfNotAlready(CalculatedValueContainer.java:195)
	at org.gradle.internal.model.CalculatedValueContainer.finalizeIfNotAlready(CalculatedValueContainer.java:186)
	at org.gradle.api.internal.artifacts.ivyservice.resolveengine.artifact.ArtifactBackedResolvedVariant$DownloadArtifactFile.run(ArtifactBackedResolvedVariant.java:208)
	at org.gradle.internal.operations.DefaultBuildOperationRunner$2.execute(DefaultBuildOperationRunner.java:66)
	at org.gradle.internal.operations.DefaultBuildOperationRunner$2.execute(DefaultBuildOperationRunner.java:59)
	at org.gradle.internal.operations.DefaultBuildOperationRunner.execute(DefaultBuildOperationRunner.java:166)
	at org.gradle.internal.operations.DefaultBuildOperationRunner.execute(DefaultBuildOperationRunner.java:59)
	at org.gradle.internal.operations.DefaultBuildOperationExecutor.lambda$executeInParallel$0(DefaultBuildOperationExecutor.java:102)
	at org.gradle.internal.operations.DefaultBuildOperationQueue$WorkerRunnable.runOperation(DefaultBuildOperationQueue.java:292)
	at org.gradle.internal.operations.DefaultBuildOperationQueue$WorkerRunnable.doRunBatch(DefaultBuildOperationQueue.java:273)
	at org.gradle.internal.operations.DefaultBuildOperationQueue$WorkerRunnable.lambda$runBatch$0(DefaultBuildOperationQueue.java:258)
	at org.gradle.internal.resources.AbstractResourceLockRegistry.whileDisallowingLockChanges(AbstractResourceLockRegistry.java:50)
	at org.gradle.internal.work.DefaultWorkerLeaseService.whileDisallowingProjectLockChanges(DefaultWorkerLeaseService.java:233)
	at org.gradle.internal.operations.DefaultBuildOperationQueue$WorkerRunnable.lambda$runBatch$1(DefaultBuildOperationQueue.java:258)
	at org.gradle.internal.work.DefaultWorkerLeaseService.lambda$withLocksAcquired$0(DefaultWorkerLeaseService.java:269)
	at org.gradle.internal.work.ResourceLockStatistics$1.measure(ResourceLockStatistics.java:42)
	at org.gradle.internal.work.DefaultWorkerLeaseService.withLocksAcquired(DefaultWorkerLeaseService.java:267)
	at org.gradle.internal.work.DefaultWorkerLeaseService.withLocks(DefaultWorkerLeaseService.java:259)
	at org.gradle.internal.work.DefaultWorkerLeaseService.runAsWorkerThread(DefaultWorkerLeaseService.java:127)
	at org.gradle.internal.operations.DefaultBuildOperationQueue$WorkerRunnable.runBatch(DefaultBuildOperationQueue.java:244)
	at org.gradle.internal.operations.DefaultBuildOperationQueue$WorkerRunnable.runOperations(DefaultBuildOperationQueue.java:212)
	at org.gradle.internal.operations.CurrentBuildOperationRef.with(CurrentBuildOperationRef.java:84)
	at org.gradle.internal.operations.DefaultBuildOperationQueue$WorkerRunnable.run(DefaultBuildOperationQueue.java:205)
	at org.gradle.internal.concurrent.ExecutorPolicy$CatchAndRecordFailures.onExecute(ExecutorPolicy.java:64)
	at org.gradle.internal.concurrent.AbstractManagedExecutor$1.run(AbstractManagedExecutor.java:47)
	at java.base/java.util.concurrent.ThreadPoolExecutor.runWorker(ThreadPoolExecutor.java:1136)
	at java.base/java.util.concurrent.ThreadPoolExecutor$Worker.run(ThreadPoolExecutor.java:635)
	at java.base/java.lang.Thread.run(Thread.java:840)
Caused by: org.gradle.api.resources.ResourceException: Could not get resource 'https://maven.myket.ir/com/android/tools/annotations/31.2.1/annotations-31.2.1.jar'.
	at org.gradle.internal.resource.ResourceExceptions.failure(ResourceExceptions.java:74)
	at org.gradle.internal.resource.ResourceExceptions.getFailed(ResourceExceptions.java:57)
	at org.gradle.api.internal.artifacts.repositories.resolver.DefaultExternalResourceArtifactResolver.downloadByCoords(DefaultExternalResourceArtifactResolver.java:154)
	at org.gradle.api.internal.artifacts.repositories.resolver.DefaultExternalResourceArtifactResolver.downloadStaticResource(DefaultExternalResourceArtifactResolver.java:94)
	at org.gradle.api.internal.artifacts.repositories.resolver.DefaultExternalResourceArtifactResolver.resolveArtifact(DefaultExternalResourceArtifactResolver.java:62)
	at org.gradle.api.internal.artifacts.repositories.resolver.ExternalResourceResolver$RemoteRepositoryAccess.resolveArtifact(ExternalResourceResolver.java:492)
	... 39 more
Caused by: org.gradle.internal.resource.transport.http.HttpRequestException: Could not GET 'https://maven.myket.ir/com/android/tools/annotations/31.2.1/annotations-31.2.1.jar'.
	at org.gradle.internal.resource.transport.http.HttpClientHelper.createHttpRequestException(HttpClientHelper.java:123)
	at org.gradle.internal.resource.transport.http.HttpClientHelper.performRequest(HttpClientHelper.java:117)
	at org.gradle.internal.resource.transport.http.HttpClientHelper.performRawGet(HttpClientHelper.java:99)
	at org.gradle.internal.resource.transport.http.HttpClientHelper.performGet(HttpClientHelper.java:104)
	at org.gradle.internal.resource.transport.http.HttpResourceAccessor.openResource(HttpResourceAccessor.java:45)
	at org.gradle.internal.resource.transport.http.HttpResourceAccessor.openResource(HttpResourceAccessor.java:30)
	at org.gradle.internal.resource.transfer.AbstractExternalResourceAccessor.withContent(AbstractExternalResourceAccessor.java:32)
	at org.gradle.internal.resource.transfer.DefaultExternalResourceConnector.withContent(DefaultExternalResourceConnector.java:59)
	at org.gradle.internal.resource.transfer.ProgressLoggingExternalResourceAccessor$DownloadOperation.call(ProgressLoggingExternalResourceAccessor.java:136)
	at org.gradle.internal.operations.DefaultBuildOperationRunner$CallableBuildOperationWorker.execute(DefaultBuildOperationRunner.java:209)
	at org.gradle.internal.operations.DefaultBuildOperationRunner$CallableBuildOperationWorker.execute(DefaultBuildOperationRunner.java:204)
	at org.gradle.internal.operations.DefaultBuildOperationRunner$2.execute(DefaultBuildOperationRunner.java:66)
	at org.gradle.internal.operations.DefaultBuildOperationRunner$2.execute(DefaultBuildOperationRunner.java:59)
	at org.gradle.internal.operations.DefaultBuildOperationRunner.execute(DefaultBuildOperationRunner.java:166)
	at org.gradle.internal.operations.DefaultBuildOperationRunner.execute(DefaultBuildOperationRunner.java:59)
	at org.gradle.internal.operations.DefaultBuildOperationRunner.call(DefaultBuildOperationRunner.java:53)
	at org.gradle.internal.resource.transfer.ProgressLoggingExternalResourceAccessor.withContent(ProgressLoggingExternalResourceAccessor.java:49)
	at org.gradle.internal.resource.transfer.AccessorBackedExternalResource.withContentIfPresent(AccessorBackedExternalResource.java:103)
	at org.gradle.internal.resource.transfer.DefaultCacheAwareExternalResourceAccessor.copyToCache(DefaultCacheAwareExternalResourceAccessor.java:188)
	at org.gradle.internal.resource.transfer.DefaultCacheAwareExternalResourceAccessor.lambda$getResource$1(DefaultCacheAwareExternalResourceAccessor.java:86)
	at org.gradle.cache.internal.ProducerGuard$AdaptiveProducerGuard.guardByKey(ProducerGuard.java:97)
	at org.gradle.internal.resource.transfer.DefaultCacheAwareExternalResourceAccessor.getResource(DefaultCacheAwareExternalResourceAccessor.java:80)
	at org.gradle.api.internal.artifacts.repositories.resolver.DefaultExternalResourceArtifactResolver.downloadByCoords(DefaultExternalResourceArtifactResolver.java:149)
	... 42 more
Caused by: java.net.UnknownHostException: maven.myket.ir
	at java.base/java.net.InetAddress$CachedAddresses.get(InetAddress.java:801)
	at java.base/java.net.InetAddress.getAllByName0(InetAddress.java:1533)
	at java.base/java.net.InetAddress.getAllByName(InetAddress.java:1385)
	at java.base/java.net.InetAddress.getAllByName(InetAddress.java:1306)
	at org.apache.http.impl.conn.SystemDefaultDnsResolver.resolve(SystemDefaultDnsResolver.java:45)
	at org.apache.http.impl.conn.DefaultHttpClientConnectionOperator.connect(DefaultHttpClientConnectionOperator.java:112)
	at org.apache.http.impl.conn.PoolingHttpClientConnectionManager.connect(PoolingHttpClientConnectionManager.java:376)
	at org.apache.http.impl.execchain.MainClientExec.establishRoute(MainClientExec.java:393)
	at org.apache.http.impl.execchain.MainClientExec.execute(MainClientExec.java:236)
	at org.apache.http.impl.execchain.ProtocolExec.execute(ProtocolExec.java:186)
	at org.apache.http.impl.execchain.RetryExec.execute(RetryExec.java:89)
	at org.apache.http.impl.execchain.RedirectExec.execute(RedirectExec.java:110)
	at org.apache.http.impl.client.InternalHttpClient.doExecute(InternalHttpClient.java:185)
	at org.apache.http.impl.client.CloseableHttpClient.execute(CloseableHttpClient.java:83)
	at org.gradle.internal.resource.transport.http.HttpClientHelper.performHttpRequest(HttpClientHelper.java:200)
	at org.gradle.internal.resource.transport.http.HttpClientHelper.performHttpRequest(HttpClientHelper.java:176)
	at org.gradle.internal.resource.transport.http.HttpClientHelper.executeGetOrHead(HttpClientHelper.java:165)
	at org.gradle.internal.resource.transport.http.HttpClientHelper.performRequest(HttpClientHelper.java:113)
	... 63 more
Cause 20: org.gradle.internal.resolve.ArtifactResolveException: Could not download netty-codec-http2-4.1.72.Final.jar (io.netty:netty-codec-http2:4.1.72.Final)
	at org.gradle.api.internal.artifacts.repositories.resolver.ExternalResourceResolver$RemoteRepositoryAccess.resolveArtifact(ExternalResourceResolver.java:499)
	at org.gradle.api.internal.artifacts.ivyservice.ivyresolve.CachingModuleComponentRepository$ResolveAndCacheRepositoryAccess.resolveArtifact(CachingModuleComponentRepository.java:470)
	at org.gradle.api.internal.artifacts.ivyservice.ivyresolve.ErrorHandlingModuleComponentRepository$ErrorHandlingModuleComponentRepositoryAccess.lambda$resolveArtifact$12(ErrorHandlingModuleComponentRepository.java:180)
	at org.gradle.api.internal.artifacts.ivyservice.ivyresolve.ErrorHandlingModuleComponentRepository$ErrorHandlingModuleComponentRepositoryAccess.tryResolveAndMaybeDisable(ErrorHandlingModuleComponentRepository.java:251)
	at org.gradle.api.internal.artifacts.ivyservice.ivyresolve.ErrorHandlingModuleComponentRepository$ErrorHandlingModuleComponentRepositoryAccess.performOperationWithRetries(ErrorHandlingModuleComponentRepository.java:204)
	at org.gradle.api.internal.artifacts.ivyservice.ivyresolve.ErrorHandlingModuleComponentRepository$ErrorHandlingModuleComponentRepositoryAccess.resolveArtifact(ErrorHandlingModuleComponentRepository.java:178)
	at org.gradle.api.internal.artifacts.ivyservice.ivyresolve.RepositoryChainArtifactResolver.resolveArtifactLater(RepositoryChainArtifactResolver.java:75)
	at org.gradle.api.internal.artifacts.ivyservice.ivyresolve.RepositoryChainArtifactResolver.lambda$resolveArtifact$0(RepositoryChainArtifactResolver.java:63)
	at org.gradle.internal.model.CalculatedValueContainerFactory$SupplierBackedCalculator.calculateValue(CalculatedValueContainerFactory.java:69)
	at org.gradle.internal.model.CalculatedValueContainer$CalculationState.lambda$attachValue$0(CalculatedValueContainer.java:227)
	at org.gradle.internal.Try.ofFailable(Try.java:46)
	at org.gradle.internal.model.CalculatedValueContainer$CalculationState.attachValue(CalculatedValueContainer.java:222)
	at org.gradle.internal.model.CalculatedValueContainer.finalizeIfNotAlready(CalculatedValueContainer.java:195)
	at org.gradle.internal.model.CalculatedValueContainer.finalizeIfNotAlready(CalculatedValueContainer.java:186)
	at org.gradle.api.internal.artifacts.ivyservice.resolveengine.artifact.ArtifactBackedResolvedVariant$DownloadArtifactFile.run(ArtifactBackedResolvedVariant.java:208)
	at org.gradle.internal.operations.DefaultBuildOperationRunner$2.execute(DefaultBuildOperationRunner.java:66)
	at org.gradle.internal.operations.DefaultBuildOperationRunner$2.execute(DefaultBuildOperationRunner.java:59)
	at org.gradle.internal.operations.DefaultBuildOperationRunner.execute(DefaultBuildOperationRunner.java:166)
	at org.gradle.internal.operations.DefaultBuildOperationRunner.execute(DefaultBuildOperationRunner.java:59)
	at org.gradle.internal.operations.DefaultBuildOperationExecutor.lambda$executeInParallel$0(DefaultBuildOperationExecutor.java:102)
	at org.gradle.internal.operations.DefaultBuildOperationQueue$WorkerRunnable.runOperation(DefaultBuildOperationQueue.java:292)
	at org.gradle.internal.operations.DefaultBuildOperationQueue$WorkerRunnable.doRunBatch(DefaultBuildOperationQueue.java:273)
	at org.gradle.internal.operations.DefaultBuildOperationQueue$WorkerRunnable.lambda$runBatch$0(DefaultBuildOperationQueue.java:258)
	at org.gradle.internal.resources.AbstractResourceLockRegistry.whileDisallowingLockChanges(AbstractResourceLockRegistry.java:50)
	at org.gradle.internal.work.DefaultWorkerLeaseService.whileDisallowingProjectLockChanges(DefaultWorkerLeaseService.java:233)
	at org.gradle.internal.operations.DefaultBuildOperationQueue$WorkerRunnable.lambda$runBatch$1(DefaultBuildOperationQueue.java:258)
	at org.gradle.internal.work.DefaultWorkerLeaseService.lambda$withLocksAcquired$0(DefaultWorkerLeaseService.java:269)
	at org.gradle.internal.work.ResourceLockStatistics$1.measure(ResourceLockStatistics.java:42)
	at org.gradle.internal.work.DefaultWorkerLeaseService.withLocksAcquired(DefaultWorkerLeaseService.java:267)
	at org.gradle.internal.work.DefaultWorkerLeaseService.withLocks(DefaultWorkerLeaseService.java:259)
	at org.gradle.internal.work.DefaultWorkerLeaseService.runAsWorkerThread(DefaultWorkerLeaseService.java:127)
	at org.gradle.internal.operations.DefaultBuildOperationQueue$WorkerRunnable.runBatch(DefaultBuildOperationQueue.java:244)
	at org.gradle.internal.operations.DefaultBuildOperationQueue$WorkerRunnable.runOperations(DefaultBuildOperationQueue.java:212)
	at org.gradle.internal.operations.CurrentBuildOperationRef.with(CurrentBuildOperationRef.java:84)
	at org.gradle.internal.operations.DefaultBuildOperationQueue$WorkerRunnable.run(DefaultBuildOperationQueue.java:205)
	at org.gradle.internal.concurrent.ExecutorPolicy$CatchAndRecordFailures.onExecute(ExecutorPolicy.java:64)
	at org.gradle.internal.concurrent.AbstractManagedExecutor$1.run(AbstractManagedExecutor.java:47)
	at java.base/java.util.concurrent.ThreadPoolExecutor.runWorker(ThreadPoolExecutor.java:1136)
	at java.base/java.util.concurrent.ThreadPoolExecutor$Worker.run(ThreadPoolExecutor.java:635)
	at java.base/java.lang.Thread.run(Thread.java:840)
Caused by: org.gradle.api.resources.ResourceException: Could not get resource 'https://maven.myket.ir/io/netty/netty-codec-http2/4.1.72.Final/netty-codec-http2-4.1.72.Final.jar'.
	at org.gradle.internal.resource.ResourceExceptions.failure(ResourceExceptions.java:74)
	at org.gradle.internal.resource.ResourceExceptions.getFailed(ResourceExceptions.java:57)
	at org.gradle.api.internal.artifacts.repositories.resolver.DefaultExternalResourceArtifactResolver.downloadByCoords(DefaultExternalResourceArtifactResolver.java:154)
	at org.gradle.api.internal.artifacts.repositories.resolver.DefaultExternalResourceArtifactResolver.downloadStaticResource(DefaultExternalResourceArtifactResolver.java:94)
	at org.gradle.api.internal.artifacts.repositories.resolver.DefaultExternalResourceArtifactResolver.resolveArtifact(DefaultExternalResourceArtifactResolver.java:62)
	at org.gradle.api.internal.artifacts.repositories.resolver.ExternalResourceResolver$RemoteRepositoryAccess.resolveArtifact(ExternalResourceResolver.java:492)
	... 39 more
Caused by: org.gradle.internal.resource.transport.http.HttpRequestException: Could not GET 'https://maven.myket.ir/io/netty/netty-codec-http2/4.1.72.Final/netty-codec-http2-4.1.72.Final.jar'.
	at org.gradle.internal.resource.transport.http.HttpClientHelper.createHttpRequestException(HttpClientHelper.java:123)
	at org.gradle.internal.resource.transport.http.HttpClientHelper.performRequest(HttpClientHelper.java:117)
	at org.gradle.internal.resource.transport.http.HttpClientHelper.performRawGet(HttpClientHelper.java:99)
	at org.gradle.internal.resource.transport.http.HttpClientHelper.performGet(HttpClientHelper.java:104)
	at org.gradle.internal.resource.transport.http.HttpResourceAccessor.openResource(HttpResourceAccessor.java:45)
	at org.gradle.internal.resource.transport.http.HttpResourceAccessor.openResource(HttpResourceAccessor.java:30)
	at org.gradle.internal.resource.transfer.AbstractExternalResourceAccessor.withContent(AbstractExternalResourceAccessor.java:32)
	at org.gradle.internal.resource.transfer.DefaultExternalResourceConnector.withContent(DefaultExternalResourceConnector.java:59)
	at org.gradle.internal.resource.transfer.ProgressLoggingExternalResourceAccessor$DownloadOperation.call(ProgressLoggingExternalResourceAccessor.java:136)
	at org.gradle.internal.operations.DefaultBuildOperationRunner$CallableBuildOperationWorker.execute(DefaultBuildOperationRunner.java:209)
	at org.gradle.internal.operations.DefaultBuildOperationRunner$CallableBuildOperationWorker.execute(DefaultBuildOperationRunner.java:204)
	at org.gradle.internal.operations.DefaultBuildOperationRunner$2.execute(DefaultBuildOperationRunner.java:66)
	at org.gradle.internal.operations.DefaultBuildOperationRunner$2.execute(DefaultBuildOperationRunner.java:59)
	at org.gradle.internal.operations.DefaultBuildOperationRunner.execute(DefaultBuildOperationRunner.java:166)
	at org.gradle.internal.operations.DefaultBuildOperationRunner.execute(DefaultBuildOperationRunner.java:59)
	at org.gradle.internal.operations.DefaultBuildOperationRunner.call(DefaultBuildOperationRunner.java:53)
	at org.gradle.internal.resource.transfer.ProgressLoggingExternalResourceAccessor.withContent(ProgressLoggingExternalResourceAccessor.java:49)
	at org.gradle.internal.resource.transfer.AccessorBackedExternalResource.withContentIfPresent(AccessorBackedExternalResource.java:103)
	at org.gradle.internal.resource.transfer.DefaultCacheAwareExternalResourceAccessor.copyToCache(DefaultCacheAwareExternalResourceAccessor.java:188)
	at org.gradle.internal.resource.transfer.DefaultCacheAwareExternalResourceAccessor.lambda$getResource$1(DefaultCacheAwareExternalResourceAccessor.java:86)
	at org.gradle.cache.internal.ProducerGuard$AdaptiveProducerGuard.guardByKey(ProducerGuard.java:97)
	at org.gradle.internal.resource.transfer.DefaultCacheAwareExternalResourceAccessor.getResource(DefaultCacheAwareExternalResourceAccessor.java:80)
	at org.gradle.api.internal.artifacts.repositories.resolver.DefaultExternalResourceArtifactResolver.downloadByCoords(DefaultExternalResourceArtifactResolver.java:149)
	... 42 more
Caused by: java.net.UnknownHostException: maven.myket.ir
	at java.base/java.net.InetAddress$CachedAddresses.get(InetAddress.java:801)
	at java.base/java.net.InetAddress.getAllByName0(InetAddress.java:1533)
	at java.base/java.net.InetAddress.getAllByName(InetAddress.java:1385)
	at java.base/java.net.InetAddress.getAllByName(InetAddress.java:1306)
	at org.apache.http.impl.conn.SystemDefaultDnsResolver.resolve(SystemDefaultDnsResolver.java:45)
	at org.apache.http.impl.conn.DefaultHttpClientConnectionOperator.connect(DefaultHttpClientConnectionOperator.java:112)
	at org.apache.http.impl.conn.PoolingHttpClientConnectionManager.connect(PoolingHttpClientConnectionManager.java:376)
	at org.apache.http.impl.execchain.MainClientExec.establishRoute(MainClientExec.java:393)
	at org.apache.http.impl.execchain.MainClientExec.execute(MainClientExec.java:236)
	at org.apache.http.impl.execchain.ProtocolExec.execute(ProtocolExec.java:186)
	at org.apache.http.impl.execchain.RetryExec.execute(RetryExec.java:89)
	at org.apache.http.impl.execchain.RedirectExec.execute(RedirectExec.java:110)
	at org.apache.http.impl.client.InternalHttpClient.doExecute(InternalHttpClient.java:185)
	at org.apache.http.impl.client.CloseableHttpClient.execute(CloseableHttpClient.java:83)
	at org.gradle.internal.resource.transport.http.HttpClientHelper.performHttpRequest(HttpClientHelper.java:200)
	at org.gradle.internal.resource.transport.http.HttpClientHelper.performHttpRequest(HttpClientHelper.java:176)
	at org.gradle.internal.resource.transport.http.HttpClientHelper.executeGetOrHead(HttpClientHelper.java:165)
	at org.gradle.internal.resource.transport.http.HttpClientHelper.performRequest(HttpClientHelper.java:113)
	... 63 more
Cause 21: org.gradle.internal.resolve.ArtifactResolveException: Could not download netty-handler-proxy-4.1.72.Final.jar (io.netty:netty-handler-proxy:4.1.72.Final)
	at org.gradle.api.internal.artifacts.repositories.resolver.ExternalResourceResolver$RemoteRepositoryAccess.resolveArtifact(ExternalResourceResolver.java:499)
	at org.gradle.api.internal.artifacts.ivyservice.ivyresolve.CachingModuleComponentRepository$ResolveAndCacheRepositoryAccess.resolveArtifact(CachingModuleComponentRepository.java:470)
	at org.gradle.api.internal.artifacts.ivyservice.ivyresolve.ErrorHandlingModuleComponentRepository$ErrorHandlingModuleComponentRepositoryAccess.lambda$resolveArtifact$12(ErrorHandlingModuleComponentRepository.java:180)
	at org.gradle.api.internal.artifacts.ivyservice.ivyresolve.ErrorHandlingModuleComponentRepository$ErrorHandlingModuleComponentRepositoryAccess.tryResolveAndMaybeDisable(ErrorHandlingModuleComponentRepository.java:251)
	at org.gradle.api.internal.artifacts.ivyservice.ivyresolve.ErrorHandlingModuleComponentRepository$ErrorHandlingModuleComponentRepositoryAccess.performOperationWithRetries(ErrorHandlingModuleComponentRepository.java:204)
	at org.gradle.api.internal.artifacts.ivyservice.ivyresolve.ErrorHandlingModuleComponentRepository$ErrorHandlingModuleComponentRepositoryAccess.resolveArtifact(ErrorHandlingModuleComponentRepository.java:178)
	at org.gradle.api.internal.artifacts.ivyservice.ivyresolve.RepositoryChainArtifactResolver.resolveArtifactLater(RepositoryChainArtifactResolver.java:75)
	at org.gradle.api.internal.artifacts.ivyservice.ivyresolve.RepositoryChainArtifactResolver.lambda$resolveArtifact$0(RepositoryChainArtifactResolver.java:63)
	at org.gradle.internal.model.CalculatedValueContainerFactory$SupplierBackedCalculator.calculateValue(CalculatedValueContainerFactory.java:69)
	at org.gradle.internal.model.CalculatedValueContainer$CalculationState.lambda$attachValue$0(CalculatedValueContainer.java:227)
	at org.gradle.internal.Try.ofFailable(Try.java:46)
	at org.gradle.internal.model.CalculatedValueContainer$CalculationState.attachValue(CalculatedValueContainer.java:222)
	at org.gradle.internal.model.CalculatedValueContainer.finalizeIfNotAlready(CalculatedValueContainer.java:195)
	at org.gradle.internal.model.CalculatedValueContainer.finalizeIfNotAlready(CalculatedValueContainer.java:186)
	at org.gradle.api.internal.artifacts.ivyservice.resolveengine.artifact.ArtifactBackedResolvedVariant$DownloadArtifactFile.run(ArtifactBackedResolvedVariant.java:208)
	at org.gradle.internal.operations.DefaultBuildOperationRunner$2.execute(DefaultBuildOperationRunner.java:66)
	at org.gradle.internal.operations.DefaultBuildOperationRunner$2.execute(DefaultBuildOperationRunner.java:59)
	at org.gradle.internal.operations.DefaultBuildOperationRunner.execute(DefaultBuildOperationRunner.java:166)
	at org.gradle.internal.operations.DefaultBuildOperationRunner.execute(DefaultBuildOperationRunner.java:59)
	at org.gradle.internal.operations.DefaultBuildOperationExecutor.lambda$executeInParallel$0(DefaultBuildOperationExecutor.java:102)
	at org.gradle.internal.operations.DefaultBuildOperationQueue$WorkerRunnable.runOperation(DefaultBuildOperationQueue.java:292)
	at org.gradle.internal.operations.DefaultBuildOperationQueue$WorkerRunnable.doRunBatch(DefaultBuildOperationQueue.java:273)
	at org.gradle.internal.operations.DefaultBuildOperationQueue$WorkerRunnable.lambda$runBatch$0(DefaultBuildOperationQueue.java:258)
	at org.gradle.internal.resources.AbstractResourceLockRegistry.whileDisallowingLockChanges(AbstractResourceLockRegistry.java:50)
	at org.gradle.internal.work.DefaultWorkerLeaseService.whileDisallowingProjectLockChanges(DefaultWorkerLeaseService.java:233)
	at org.gradle.internal.operations.DefaultBuildOperationQueue$WorkerRunnable.lambda$runBatch$1(DefaultBuildOperationQueue.java:258)
	at org.gradle.internal.work.DefaultWorkerLeaseService.lambda$withLocksAcquired$0(DefaultWorkerLeaseService.java:269)
	at org.gradle.internal.work.ResourceLockStatistics$1.measure(ResourceLockStatistics.java:42)
	at org.gradle.internal.work.DefaultWorkerLeaseService.withLocksAcquired(DefaultWorkerLeaseService.java:267)
	at org.gradle.internal.work.DefaultWorkerLeaseService.withLocks(DefaultWorkerLeaseService.java:259)
	at org.gradle.internal.work.DefaultWorkerLeaseService.runAsWorkerThread(DefaultWorkerLeaseService.java:127)
	at org.gradle.internal.operations.DefaultBuildOperationQueue$WorkerRunnable.runBatch(DefaultBuildOperationQueue.java:244)
	at org.gradle.internal.operations.DefaultBuildOperationQueue$WorkerRunnable.runOperations(DefaultBuildOperationQueue.java:212)
	at org.gradle.internal.operations.CurrentBuildOperationRef.with(CurrentBuildOperationRef.java:84)
	at org.gradle.internal.operations.DefaultBuildOperationQueue$WorkerRunnable.run(DefaultBuildOperationQueue.java:205)
	at org.gradle.internal.concurrent.ExecutorPolicy$CatchAndRecordFailures.onExecute(ExecutorPolicy.java:64)
	at org.gradle.internal.concurrent.AbstractManagedExecutor$1.run(AbstractManagedExecutor.java:47)
	at java.base/java.util.concurrent.ThreadPoolExecutor.runWorker(ThreadPoolExecutor.java:1136)
	at java.base/java.util.concurrent.ThreadPoolExecutor$Worker.run(ThreadPoolExecutor.java:635)
	at java.base/java.lang.Thread.run(Thread.java:840)
Caused by: org.gradle.api.resources.ResourceException: Could not get resource 'https://maven.myket.ir/io/netty/netty-handler-proxy/4.1.72.Final/netty-handler-proxy-4.1.72.Final.jar'.
	at org.gradle.internal.resource.ResourceExceptions.failure(ResourceExceptions.java:74)
	at org.gradle.internal.resource.ResourceExceptions.getFailed(ResourceExceptions.java:57)
	at org.gradle.api.internal.artifacts.repositories.resolver.DefaultExternalResourceArtifactResolver.downloadByCoords(DefaultExternalResourceArtifactResolver.java:154)
	at org.gradle.api.internal.artifacts.repositories.resolver.DefaultExternalResourceArtifactResolver.downloadStaticResource(DefaultExternalResourceArtifactResolver.java:94)
	at org.gradle.api.internal.artifacts.repositories.resolver.DefaultExternalResourceArtifactResolver.resolveArtifact(DefaultExternalResourceArtifactResolver.java:62)
	at org.gradle.api.internal.artifacts.repositories.resolver.ExternalResourceResolver$RemoteRepositoryAccess.resolveArtifact(ExternalResourceResolver.java:492)
	... 39 more
Caused by: org.gradle.internal.resource.transport.http.HttpRequestException: Could not GET 'https://maven.myket.ir/io/netty/netty-handler-proxy/4.1.72.Final/netty-handler-proxy-4.1.72.Final.jar'.
	at org.gradle.internal.resource.transport.http.HttpClientHelper.createHttpRequestException(HttpClientHelper.java:123)
	at org.gradle.internal.resource.transport.http.HttpClientHelper.performRequest(HttpClientHelper.java:117)
	at org.gradle.internal.resource.transport.http.HttpClientHelper.performRawGet(HttpClientHelper.java:99)
	at org.gradle.internal.resource.transport.http.HttpClientHelper.performGet(HttpClientHelper.java:104)
	at org.gradle.internal.resource.transport.http.HttpResourceAccessor.openResource(HttpResourceAccessor.java:45)
	at org.gradle.internal.resource.transport.http.HttpResourceAccessor.openResource(HttpResourceAccessor.java:30)
	at org.gradle.internal.resource.transfer.AbstractExternalResourceAccessor.withContent(AbstractExternalResourceAccessor.java:32)
	at org.gradle.internal.resource.transfer.DefaultExternalResourceConnector.withContent(DefaultExternalResourceConnector.java:59)
	at org.gradle.internal.resource.transfer.ProgressLoggingExternalResourceAccessor$DownloadOperation.call(ProgressLoggingExternalResourceAccessor.java:136)
	at org.gradle.internal.operations.DefaultBuildOperationRunner$CallableBuildOperationWorker.execute(DefaultBuildOperationRunner.java:209)
	at org.gradle.internal.operations.DefaultBuildOperationRunner$CallableBuildOperationWorker.execute(DefaultBuildOperationRunner.java:204)
	at org.gradle.internal.operations.DefaultBuildOperationRunner$2.execute(DefaultBuildOperationRunner.java:66)
	at org.gradle.internal.operations.DefaultBuildOperationRunner$2.execute(DefaultBuildOperationRunner.java:59)
	at org.gradle.internal.operations.DefaultBuildOperationRunner.execute(DefaultBuildOperationRunner.java:166)
	at org.gradle.internal.operations.DefaultBuildOperationRunner.execute(DefaultBuildOperationRunner.java:59)
	at org.gradle.internal.operations.DefaultBuildOperationRunner.call(DefaultBuildOperationRunner.java:53)
	at org.gradle.internal.resource.transfer.ProgressLoggingExternalResourceAccessor.withContent(ProgressLoggingExternalResourceAccessor.java:49)
	at org.gradle.internal.resource.transfer.AccessorBackedExternalResource.withContentIfPresent(AccessorBackedExternalResource.java:103)
	at org.gradle.internal.resource.transfer.DefaultCacheAwareExternalResourceAccessor.copyToCache(DefaultCacheAwareExternalResourceAccessor.java:188)
	at org.gradle.internal.resource.transfer.DefaultCacheAwareExternalResourceAccessor.lambda$getResource$1(DefaultCacheAwareExternalResourceAccessor.java:86)
	at org.gradle.cache.internal.ProducerGuard$AdaptiveProducerGuard.guardByKey(ProducerGuard.java:97)
	at org.gradle.internal.resource.transfer.DefaultCacheAwareExternalResourceAccessor.getResource(DefaultCacheAwareExternalResourceAccessor.java:80)
	at org.gradle.api.internal.artifacts.repositories.resolver.DefaultExternalResourceArtifactResolver.downloadByCoords(DefaultExternalResourceArtifactResolver.java:149)
	... 42 more
Caused by: java.net.UnknownHostException: maven.myket.ir
	at java.base/java.net.InetAddress$CachedAddresses.get(InetAddress.java:801)
	at java.base/java.net.InetAddress.getAllByName0(InetAddress.java:1533)
	at java.base/java.net.InetAddress.getAllByName(InetAddress.java:1385)
	at java.base/java.net.InetAddress.getAllByName(InetAddress.java:1306)
	at org.apache.http.impl.conn.SystemDefaultDnsResolver.resolve(SystemDefaultDnsResolver.java:45)
	at org.apache.http.impl.conn.DefaultHttpClientConnectionOperator.connect(DefaultHttpClientConnectionOperator.java:112)
	at org.apache.http.impl.conn.PoolingHttpClientConnectionManager.connect(PoolingHttpClientConnectionManager.java:376)
	at org.apache.http.impl.execchain.MainClientExec.establishRoute(MainClientExec.java:393)
	at org.apache.http.impl.execchain.MainClientExec.execute(MainClientExec.java:236)
	at org.apache.http.impl.execchain.ProtocolExec.execute(ProtocolExec.java:186)
	at org.apache.http.impl.execchain.RetryExec.execute(RetryExec.java:89)
	at org.apache.http.impl.execchain.RedirectExec.execute(RedirectExec.java:110)
	at org.apache.http.impl.client.InternalHttpClient.doExecute(InternalHttpClient.java:185)
	at org.apache.http.impl.client.CloseableHttpClient.execute(CloseableHttpClient.java:83)
	at org.gradle.internal.resource.transport.http.HttpClientHelper.performHttpRequest(HttpClientHelper.java:200)
	at org.gradle.internal.resource.transport.http.HttpClientHelper.performHttpRequest(HttpClientHelper.java:176)
	at org.gradle.internal.resource.transport.http.HttpClientHelper.executeGetOrHead(HttpClientHelper.java:165)
	at org.gradle.internal.resource.transport.http.HttpClientHelper.performRequest(HttpClientHelper.java:113)
	... 63 more
Cause 22: org.gradle.internal.resolve.ArtifactResolveException: Could not download commons-codec-1.16.0.jar (commons-codec:commons-codec:1.16.0)
	at org.gradle.api.internal.artifacts.repositories.resolver.ExternalResourceResolver$RemoteRepositoryAccess.resolveArtifact(ExternalResourceResolver.java:499)
	at org.gradle.api.internal.artifacts.ivyservice.ivyresolve.CachingModuleComponentRepository$ResolveAndCacheRepositoryAccess.resolveArtifact(CachingModuleComponentRepository.java:470)
	at org.gradle.api.internal.artifacts.ivyservice.ivyresolve.ErrorHandlingModuleComponentRepository$ErrorHandlingModuleComponentRepositoryAccess.lambda$resolveArtifact$12(ErrorHandlingModuleComponentRepository.java:180)
	at org.gradle.api.internal.artifacts.ivyservice.ivyresolve.ErrorHandlingModuleComponentRepository$ErrorHandlingModuleComponentRepositoryAccess.tryResolveAndMaybeDisable(ErrorHandlingModuleComponentRepository.java:251)
	at org.gradle.api.internal.artifacts.ivyservice.ivyresolve.ErrorHandlingModuleComponentRepository$ErrorHandlingModuleComponentRepositoryAccess.performOperationWithRetries(ErrorHandlingModuleComponentRepository.java:204)
	at org.gradle.api.internal.artifacts.ivyservice.ivyresolve.ErrorHandlingModuleComponentRepository$ErrorHandlingModuleComponentRepositoryAccess.resolveArtifact(ErrorHandlingModuleComponentRepository.java:178)
	at org.gradle.api.internal.artifacts.ivyservice.ivyresolve.RepositoryChainArtifactResolver.resolveArtifactLater(RepositoryChainArtifactResolver.java:75)
	at org.gradle.api.internal.artifacts.ivyservice.ivyresolve.RepositoryChainArtifactResolver.lambda$resolveArtifact$0(RepositoryChainArtifactResolver.java:63)
	at org.gradle.internal.model.CalculatedValueContainerFactory$SupplierBackedCalculator.calculateValue(CalculatedValueContainerFactory.java:69)
	at org.gradle.internal.model.CalculatedValueContainer$CalculationState.lambda$attachValue$0(CalculatedValueContainer.java:227)
	at org.gradle.internal.Try.ofFailable(Try.java:46)
	at org.gradle.internal.model.CalculatedValueContainer$CalculationState.attachValue(CalculatedValueContainer.java:222)
	at org.gradle.internal.model.CalculatedValueContainer.finalizeIfNotAlready(CalculatedValueContainer.java:195)
	at org.gradle.internal.model.CalculatedValueContainer.finalizeIfNotAlready(CalculatedValueContainer.java:186)
	at org.gradle.api.internal.artifacts.ivyservice.resolveengine.artifact.ArtifactBackedResolvedVariant$DownloadArtifactFile.run(ArtifactBackedResolvedVariant.java:208)
	at org.gradle.internal.operations.DefaultBuildOperationRunner$2.execute(DefaultBuildOperationRunner.java:66)
	at org.gradle.internal.operations.DefaultBuildOperationRunner$2.execute(DefaultBuildOperationRunner.java:59)
	at org.gradle.internal.operations.DefaultBuildOperationRunner.execute(DefaultBuildOperationRunner.java:166)
	at org.gradle.internal.operations.DefaultBuildOperationRunner.execute(DefaultBuildOperationRunner.java:59)
	at org.gradle.internal.operations.DefaultBuildOperationExecutor.lambda$executeInParallel$0(DefaultBuildOperationExecutor.java:102)
	at org.gradle.internal.operations.DefaultBuildOperationQueue$WorkerRunnable.runOperation(DefaultBuildOperationQueue.java:292)
	at org.gradle.internal.operations.DefaultBuildOperationQueue$WorkerRunnable.doRunBatch(DefaultBuildOperationQueue.java:273)
	at org.gradle.internal.operations.DefaultBuildOperationQueue$WorkerRunnable.lambda$runBatch$0(DefaultBuildOperationQueue.java:258)
	at org.gradle.internal.resources.AbstractResourceLockRegistry.whileDisallowingLockChanges(AbstractResourceLockRegistry.java:50)
	at org.gradle.internal.work.DefaultWorkerLeaseService.whileDisallowingProjectLockChanges(DefaultWorkerLeaseService.java:233)
	at org.gradle.internal.operations.DefaultBuildOperationQueue$WorkerRunnable.lambda$runBatch$1(DefaultBuildOperationQueue.java:258)
	at org.gradle.internal.work.DefaultWorkerLeaseService.lambda$withLocksAcquired$0(DefaultWorkerLeaseService.java:269)
	at org.gradle.internal.work.ResourceLockStatistics$1.measure(ResourceLockStatistics.java:42)
	at org.gradle.internal.work.DefaultWorkerLeaseService.withLocksAcquired(DefaultWorkerLeaseService.java:267)
	at org.gradle.internal.work.DefaultWorkerLeaseService.withLocks(DefaultWorkerLeaseService.java:259)
	at org.gradle.internal.work.DefaultWorkerLeaseService.runAsWorkerThread(DefaultWorkerLeaseService.java:127)
	at org.gradle.internal.operations.DefaultBuildOperationQueue$WorkerRunnable.runBatch(DefaultBuildOperationQueue.java:244)
	at org.gradle.internal.operations.DefaultBuildOperationQueue$WorkerRunnable.runOperations(DefaultBuildOperationQueue.java:212)
	at org.gradle.internal.operations.CurrentBuildOperationRef.with(CurrentBuildOperationRef.java:84)
	at org.gradle.internal.operations.DefaultBuildOperationQueue$WorkerRunnable.run(DefaultBuildOperationQueue.java:205)
	at org.gradle.internal.concurrent.ExecutorPolicy$CatchAndRecordFailures.onExecute(ExecutorPolicy.java:64)
	at org.gradle.internal.concurrent.AbstractManagedExecutor$1.run(AbstractManagedExecutor.java:47)
	at java.base/java.util.concurrent.ThreadPoolExecutor.runWorker(ThreadPoolExecutor.java:1136)
	at java.base/java.util.concurrent.ThreadPoolExecutor$Worker.run(ThreadPoolExecutor.java:635)
	at java.base/java.lang.Thread.run(Thread.java:840)
Caused by: org.gradle.api.resources.ResourceException: Could not get resource 'https://maven.myket.ir/commons-codec/commons-codec/1.16.0/commons-codec-1.16.0.jar'.
	at org.gradle.internal.resource.ResourceExceptions.failure(ResourceExceptions.java:74)
	at org.gradle.internal.resource.ResourceExceptions.getFailed(ResourceExceptions.java:57)
	at org.gradle.api.internal.artifacts.repositories.resolver.DefaultExternalResourceArtifactResolver.downloadByCoords(DefaultExternalResourceArtifactResolver.java:154)
	at org.gradle.api.internal.artifacts.repositories.resolver.DefaultExternalResourceArtifactResolver.downloadStaticResource(DefaultExternalResourceArtifactResolver.java:94)
	at org.gradle.api.internal.artifacts.repositories.resolver.DefaultExternalResourceArtifactResolver.resolveArtifact(DefaultExternalResourceArtifactResolver.java:62)
	at org.gradle.api.internal.artifacts.repositories.resolver.ExternalResourceResolver$RemoteRepositoryAccess.resolveArtifact(ExternalResourceResolver.java:492)
	... 39 more
Caused by: org.gradle.internal.resource.transport.http.HttpRequestException: Could not GET 'https://maven.myket.ir/commons-codec/commons-codec/1.16.0/commons-codec-1.16.0.jar'.
	at org.gradle.internal.resource.transport.http.HttpClientHelper.createHttpRequestException(HttpClientHelper.java:123)
	at org.gradle.internal.resource.transport.http.HttpClientHelper.performRequest(HttpClientHelper.java:117)
	at org.gradle.internal.resource.transport.http.HttpClientHelper.performRawGet(HttpClientHelper.java:99)
	at org.gradle.internal.resource.transport.http.HttpClientHelper.performGet(HttpClientHelper.java:104)
	at org.gradle.internal.resource.transport.http.HttpResourceAccessor.openResource(HttpResourceAccessor.java:45)
	at org.gradle.internal.resource.transport.http.HttpResourceAccessor.openResource(HttpResourceAccessor.java:30)
	at org.gradle.internal.resource.transfer.AbstractExternalResourceAccessor.withContent(AbstractExternalResourceAccessor.java:32)
	at org.gradle.internal.resource.transfer.DefaultExternalResourceConnector.withContent(DefaultExternalResourceConnector.java:59)
	at org.gradle.internal.resource.transfer.ProgressLoggingExternalResourceAccessor$DownloadOperation.call(ProgressLoggingExternalResourceAccessor.java:136)
	at org.gradle.internal.operations.DefaultBuildOperationRunner$CallableBuildOperationWorker.execute(DefaultBuildOperationRunner.java:209)
	at org.gradle.internal.operations.DefaultBuildOperationRunner$CallableBuildOperationWorker.execute(DefaultBuildOperationRunner.java:204)
	at org.gradle.internal.operations.DefaultBuildOperationRunner$2.execute(DefaultBuildOperationRunner.java:66)
	at org.gradle.internal.operations.DefaultBuildOperationRunner$2.execute(DefaultBuildOperationRunner.java:59)
	at org.gradle.internal.operations.DefaultBuildOperationRunner.execute(DefaultBuildOperationRunner.java:166)
	at org.gradle.internal.operations.DefaultBuildOperationRunner.execute(DefaultBuildOperationRunner.java:59)
	at org.gradle.internal.operations.DefaultBuildOperationRunner.call(DefaultBuildOperationRunner.java:53)
	at org.gradle.internal.resource.transfer.ProgressLoggingExternalResourceAccessor.withContent(ProgressLoggingExternalResourceAccessor.java:49)
	at org.gradle.internal.resource.transfer.AccessorBackedExternalResource.withContentIfPresent(AccessorBackedExternalResource.java:103)
	at org.gradle.internal.resource.transfer.DefaultCacheAwareExternalResourceAccessor.copyToCache(DefaultCacheAwareExternalResourceAccessor.java:188)
	at org.gradle.internal.resource.transfer.DefaultCacheAwareExternalResourceAccessor.lambda$getResource$1(DefaultCacheAwareExternalResourceAccessor.java:86)
	at org.gradle.cache.internal.ProducerGuard$AdaptiveProducerGuard.guardByKey(ProducerGuard.java:97)
	at org.gradle.internal.resource.transfer.DefaultCacheAwareExternalResourceAccessor.getResource(DefaultCacheAwareExternalResourceAccessor.java:80)
	at org.gradle.api.internal.artifacts.repositories.resolver.DefaultExternalResourceArtifactResolver.downloadByCoords(DefaultExternalResourceArtifactResolver.java:149)
	... 42 more
Caused by: java.net.UnknownHostException: maven.myket.ir
	at java.base/java.net.InetAddress$CachedAddresses.get(InetAddress.java:801)
	at java.base/java.net.InetAddress.getAllByName0(InetAddress.java:1533)
	at java.base/java.net.InetAddress.getAllByName(InetAddress.java:1385)
	at java.base/java.net.InetAddress.getAllByName(InetAddress.java:1306)
	at org.apache.http.impl.conn.SystemDefaultDnsResolver.resolve(SystemDefaultDnsResolver.java:45)
	at org.apache.http.impl.conn.DefaultHttpClientConnectionOperator.connect(DefaultHttpClientConnectionOperator.java:112)
	at org.apache.http.impl.conn.PoolingHttpClientConnectionManager.connect(PoolingHttpClientConnectionManager.java:376)
	at org.apache.http.impl.execchain.MainClientExec.establishRoute(MainClientExec.java:393)
	at org.apache.http.impl.execchain.MainClientExec.execute(MainClientExec.java:236)
	at org.apache.http.impl.execchain.ProtocolExec.execute(ProtocolExec.java:186)
	at org.apache.http.impl.execchain.RetryExec.execute(RetryExec.java:89)
	at org.apache.http.impl.execchain.RedirectExec.execute(RedirectExec.java:110)
	at org.apache.http.impl.client.InternalHttpClient.doExecute(InternalHttpClient.java:185)
	at org.apache.http.impl.client.CloseableHttpClient.execute(CloseableHttpClient.java:83)
	at org.gradle.internal.resource.transport.http.HttpClientHelper.performHttpRequest(HttpClientHelper.java:200)
	at org.gradle.internal.resource.transport.http.HttpClientHelper.performHttpRequest(HttpClientHelper.java:176)
	at org.gradle.internal.resource.transport.http.HttpClientHelper.executeGetOrHead(HttpClientHelper.java:165)
	at org.gradle.internal.resource.transport.http.HttpClientHelper.performRequest(HttpClientHelper.java:113)
	... 63 more
Cause 23: org.gradle.internal.resolve.ArtifactResolveException: Could not download apksig-8.2.1.jar (com.android.tools.build:apksig:8.2.1)
	at org.gradle.api.internal.artifacts.repositories.resolver.ExternalResourceResolver$RemoteRepositoryAccess.resolveArtifact(ExternalResourceResolver.java:499)
	at org.gradle.api.internal.artifacts.ivyservice.ivyresolve.CachingModuleComponentRepository$ResolveAndCacheRepositoryAccess.resolveArtifact(CachingModuleComponentRepository.java:470)
	at org.gradle.api.internal.artifacts.ivyservice.ivyresolve.ErrorHandlingModuleComponentRepository$ErrorHandlingModuleComponentRepositoryAccess.lambda$resolveArtifact$12(ErrorHandlingModuleComponentRepository.java:180)
	at org.gradle.api.internal.artifacts.ivyservice.ivyresolve.ErrorHandlingModuleComponentRepository$ErrorHandlingModuleComponentRepositoryAccess.tryResolveAndMaybeDisable(ErrorHandlingModuleComponentRepository.java:251)
	at org.gradle.api.internal.artifacts.ivyservice.ivyresolve.ErrorHandlingModuleComponentRepository$ErrorHandlingModuleComponentRepositoryAccess.performOperationWithRetries(ErrorHandlingModuleComponentRepository.java:204)
	at org.gradle.api.internal.artifacts.ivyservice.ivyresolve.ErrorHandlingModuleComponentRepository$ErrorHandlingModuleComponentRepositoryAccess.resolveArtifact(ErrorHandlingModuleComponentRepository.java:178)
	at org.gradle.api.internal.artifacts.ivyservice.ivyresolve.RepositoryChainArtifactResolver.resolveArtifactLater(RepositoryChainArtifactResolver.java:75)
	at org.gradle.api.internal.artifacts.ivyservice.ivyresolve.RepositoryChainArtifactResolver.lambda$resolveArtifact$0(RepositoryChainArtifactResolver.java:63)
	at org.gradle.internal.model.CalculatedValueContainerFactory$SupplierBackedCalculator.calculateValue(CalculatedValueContainerFactory.java:69)
	at org.gradle.internal.model.CalculatedValueContainer$CalculationState.lambda$attachValue$0(CalculatedValueContainer.java:227)
	at org.gradle.internal.Try.ofFailable(Try.java:46)
	at org.gradle.internal.model.CalculatedValueContainer$CalculationState.attachValue(CalculatedValueContainer.java:222)
	at org.gradle.internal.model.CalculatedValueContainer.finalizeIfNotAlready(CalculatedValueContainer.java:195)
	at org.gradle.internal.model.CalculatedValueContainer.finalizeIfNotAlready(CalculatedValueContainer.java:186)
	at org.gradle.api.internal.artifacts.ivyservice.resolveengine.artifact.ArtifactBackedResolvedVariant$DownloadArtifactFile.run(ArtifactBackedResolvedVariant.java:208)
	at org.gradle.internal.operations.DefaultBuildOperationRunner$2.execute(DefaultBuildOperationRunner.java:66)
	at org.gradle.internal.operations.DefaultBuildOperationRunner$2.execute(DefaultBuildOperationRunner.java:59)
	at org.gradle.internal.operations.DefaultBuildOperationRunner.execute(DefaultBuildOperationRunner.java:166)
	at org.gradle.internal.operations.DefaultBuildOperationRunner.execute(DefaultBuildOperationRunner.java:59)
	at org.gradle.internal.operations.DefaultBuildOperationExecutor.lambda$executeInParallel$0(DefaultBuildOperationExecutor.java:102)
	at org.gradle.internal.operations.DefaultBuildOperationQueue$WorkerRunnable.runOperation(DefaultBuildOperationQueue.java:292)
	at org.gradle.internal.operations.DefaultBuildOperationQueue$WorkerRunnable.doRunBatch(DefaultBuildOperationQueue.java:273)
	at org.gradle.internal.operations.DefaultBuildOperationQueue$WorkerRunnable.lambda$runBatch$0(DefaultBuildOperationQueue.java:258)
	at org.gradle.internal.resources.AbstractResourceLockRegistry.whileDisallowingLockChanges(AbstractResourceLockRegistry.java:50)
	at org.gradle.internal.work.DefaultWorkerLeaseService.whileDisallowingProjectLockChanges(DefaultWorkerLeaseService.java:233)
	at org.gradle.internal.operations.DefaultBuildOperationQueue$WorkerRunnable.lambda$runBatch$1(DefaultBuildOperationQueue.java:258)
	at org.gradle.internal.work.DefaultWorkerLeaseService.lambda$withLocksAcquired$0(DefaultWorkerLeaseService.java:269)
	at org.gradle.internal.work.ResourceLockStatistics$1.measure(ResourceLockStatistics.java:42)
	at org.gradle.internal.work.DefaultWorkerLeaseService.withLocksAcquired(DefaultWorkerLeaseService.java:267)
	at org.gradle.internal.work.DefaultWorkerLeaseService.withLocks(DefaultWorkerLeaseService.java:259)
	at org.gradle.internal.work.DefaultWorkerLeaseService.runAsWorkerThread(DefaultWorkerLeaseService.java:127)
	at org.gradle.internal.operations.DefaultBuildOperationQueue$WorkerRunnable.runBatch(DefaultBuildOperationQueue.java:244)
	at org.gradle.internal.operations.DefaultBuildOperationQueue$WorkerRunnable.runOperations(DefaultBuildOperationQueue.java:212)
	at org.gradle.internal.operations.CurrentBuildOperationRef.with(CurrentBuildOperationRef.java:84)
	at org.gradle.internal.operations.DefaultBuildOperationQueue$WorkerRunnable.run(DefaultBuildOperationQueue.java:205)
	at org.gradle.internal.concurrent.ExecutorPolicy$CatchAndRecordFailures.onExecute(ExecutorPolicy.java:64)
	at org.gradle.internal.concurrent.AbstractManagedExecutor$1.run(AbstractManagedExecutor.java:47)
	at java.base/java.util.concurrent.ThreadPoolExecutor.runWorker(ThreadPoolExecutor.java:1136)
	at java.base/java.util.concurrent.ThreadPoolExecutor$Worker.run(ThreadPoolExecutor.java:635)
	at java.base/java.lang.Thread.run(Thread.java:840)
Caused by: org.gradle.api.resources.ResourceException: Could not get resource 'https://maven.myket.ir/com/android/tools/build/apksig/8.2.1/apksig-8.2.1.jar'.
	at org.gradle.internal.resource.ResourceExceptions.failure(ResourceExceptions.java:74)
	at org.gradle.internal.resource.ResourceExceptions.getFailed(ResourceExceptions.java:57)
	at org.gradle.api.internal.artifacts.repositories.resolver.DefaultExternalResourceArtifactResolver.downloadByCoords(DefaultExternalResourceArtifactResolver.java:154)
	at org.gradle.api.internal.artifacts.repositories.resolver.DefaultExternalResourceArtifactResolver.downloadStaticResource(DefaultExternalResourceArtifactResolver.java:94)
	at org.gradle.api.internal.artifacts.repositories.resolver.DefaultExternalResourceArtifactResolver.resolveArtifact(DefaultExternalResourceArtifactResolver.java:62)
	at org.gradle.api.internal.artifacts.repositories.resolver.ExternalResourceResolver$RemoteRepositoryAccess.resolveArtifact(ExternalResourceResolver.java:492)
	... 39 more
Caused by: org.gradle.internal.resource.transport.http.HttpRequestException: Could not GET 'https://maven.myket.ir/com/android/tools/build/apksig/8.2.1/apksig-8.2.1.jar'.
	at org.gradle.internal.resource.transport.http.HttpClientHelper.createHttpRequestException(HttpClientHelper.java:123)
	at org.gradle.internal.resource.transport.http.HttpClientHelper.performRequest(HttpClientHelper.java:117)
	at org.gradle.internal.resource.transport.http.HttpClientHelper.performRawGet(HttpClientHelper.java:99)
	at org.gradle.internal.resource.transport.http.HttpClientHelper.performGet(HttpClientHelper.java:104)
	at org.gradle.internal.resource.transport.http.HttpResourceAccessor.openResource(HttpResourceAccessor.java:45)
	at org.gradle.internal.resource.transport.http.HttpResourceAccessor.openResource(HttpResourceAccessor.java:30)
	at org.gradle.internal.resource.transfer.AbstractExternalResourceAccessor.withContent(AbstractExternalResourceAccessor.java:32)
	at org.gradle.internal.resource.transfer.DefaultExternalResourceConnector.withContent(DefaultExternalResourceConnector.java:59)
	at org.gradle.internal.resource.transfer.ProgressLoggingExternalResourceAccessor$DownloadOperation.call(ProgressLoggingExternalResourceAccessor.java:136)
	at org.gradle.internal.operations.DefaultBuildOperationRunner$CallableBuildOperationWorker.execute(DefaultBuildOperationRunner.java:209)
	at org.gradle.internal.operations.DefaultBuildOperationRunner$CallableBuildOperationWorker.execute(DefaultBuildOperationRunner.java:204)
	at org.gradle.internal.operations.DefaultBuildOperationRunner$2.execute(DefaultBuildOperationRunner.java:66)
	at org.gradle.internal.operations.DefaultBuildOperationRunner$2.execute(DefaultBuildOperationRunner.java:59)
	at org.gradle.internal.operations.DefaultBuildOperationRunner.execute(DefaultBuildOperationRunner.java:166)
	at org.gradle.internal.operations.DefaultBuildOperationRunner.execute(DefaultBuildOperationRunner.java:59)
	at org.gradle.internal.operations.DefaultBuildOperationRunner.call(DefaultBuildOperationRunner.java:53)
	at org.gradle.internal.resource.transfer.ProgressLoggingExternalResourceAccessor.withContent(ProgressLoggingExternalResourceAccessor.java:49)
	at org.gradle.internal.resource.transfer.AccessorBackedExternalResource.withContentIfPresent(AccessorBackedExternalResource.java:103)
	at org.gradle.internal.resource.transfer.DefaultCacheAwareExternalResourceAccessor.copyToCache(DefaultCacheAwareExternalResourceAccessor.java:188)
	at org.gradle.internal.resource.transfer.DefaultCacheAwareExternalResourceAccessor.lambda$getResource$1(DefaultCacheAwareExternalResourceAccessor.java:86)
	at org.gradle.cache.internal.ProducerGuard$AdaptiveProducerGuard.guardByKey(ProducerGuard.java:97)
	at org.gradle.internal.resource.transfer.DefaultCacheAwareExternalResourceAccessor.getResource(DefaultCacheAwareExternalResourceAccessor.java:80)
	at org.gradle.api.internal.artifacts.repositories.resolver.DefaultExternalResourceArtifactResolver.downloadByCoords(DefaultExternalResourceArtifactResolver.java:149)
	... 42 more
Caused by: java.net.UnknownHostException: maven.myket.ir
	at java.base/java.net.InetAddress$CachedAddresses.get(InetAddress.java:801)
	at java.base/java.net.InetAddress.getAllByName0(InetAddress.java:1533)
	at java.base/java.net.InetAddress.getAllByName(InetAddress.java:1385)
	at java.base/java.net.InetAddress.getAllByName(InetAddress.java:1306)
	at org.apache.http.impl.conn.SystemDefaultDnsResolver.resolve(SystemDefaultDnsResolver.java:45)
	at org.apache.http.impl.conn.DefaultHttpClientConnectionOperator.connect(DefaultHttpClientConnectionOperator.java:112)
	at org.apache.http.impl.conn.PoolingHttpClientConnectionManager.connect(PoolingHttpClientConnectionManager.java:376)
	at org.apache.http.impl.execchain.MainClientExec.establishRoute(MainClientExec.java:393)
	at org.apache.http.impl.execchain.MainClientExec.execute(MainClientExec.java:236)
	at org.apache.http.impl.execchain.ProtocolExec.execute(ProtocolExec.java:186)
	at org.apache.http.impl.execchain.RetryExec.execute(RetryExec.java:89)
	at org.apache.http.impl.execchain.RedirectExec.execute(RedirectExec.java:110)
	at org.apache.http.impl.client.InternalHttpClient.doExecute(InternalHttpClient.java:185)
	at org.apache.http.impl.client.CloseableHttpClient.execute(CloseableHttpClient.java:83)
	at org.gradle.internal.resource.transport.http.HttpClientHelper.performHttpRequest(HttpClientHelper.java:200)
	at org.gradle.internal.resource.transport.http.HttpClientHelper.performHttpRequest(HttpClientHelper.java:176)
	at org.gradle.internal.resource.transport.http.HttpClientHelper.executeGetOrHead(HttpClientHelper.java:165)
	at org.gradle.internal.resource.transport.http.HttpClientHelper.performRequest(HttpClientHelper.java:113)
	... 63 more
Cause 24: org.gradle.internal.resolve.ArtifactResolveException: Could not download kotlin-stdlib-common-1.9.10.jar (org.jetbrains.kotlin:kotlin-stdlib-common:1.9.10)
	at org.gradle.api.internal.artifacts.repositories.resolver.ExternalResourceResolver$RemoteRepositoryAccess.resolveArtifact(ExternalResourceResolver.java:499)
	at org.gradle.api.internal.artifacts.ivyservice.ivyresolve.CachingModuleComponentRepository$ResolveAndCacheRepositoryAccess.resolveArtifact(CachingModuleComponentRepository.java:470)
	at org.gradle.api.internal.artifacts.ivyservice.ivyresolve.ErrorHandlingModuleComponentRepository$ErrorHandlingModuleComponentRepositoryAccess.lambda$resolveArtifact$12(ErrorHandlingModuleComponentRepository.java:180)
	at org.gradle.api.internal.artifacts.ivyservice.ivyresolve.ErrorHandlingModuleComponentRepository$ErrorHandlingModuleComponentRepositoryAccess.tryResolveAndMaybeDisable(ErrorHandlingModuleComponentRepository.java:251)
	at org.gradle.api.internal.artifacts.ivyservice.ivyresolve.ErrorHandlingModuleComponentRepository$ErrorHandlingModuleComponentRepositoryAccess.performOperationWithRetries(ErrorHandlingModuleComponentRepository.java:204)
	at org.gradle.api.internal.artifacts.ivyservice.ivyresolve.ErrorHandlingModuleComponentRepository$ErrorHandlingModuleComponentRepositoryAccess.resolveArtifact(ErrorHandlingModuleComponentRepository.java:178)
	at org.gradle.api.internal.artifacts.ivyservice.ivyresolve.RepositoryChainArtifactResolver.resolveArtifactLater(RepositoryChainArtifactResolver.java:75)
	at org.gradle.api.internal.artifacts.ivyservice.ivyresolve.RepositoryChainArtifactResolver.lambda$resolveArtifact$0(RepositoryChainArtifactResolver.java:63)
	at org.gradle.internal.model.CalculatedValueContainerFactory$SupplierBackedCalculator.calculateValue(CalculatedValueContainerFactory.java:69)
	at org.gradle.internal.model.CalculatedValueContainer$CalculationState.lambda$attachValue$0(CalculatedValueContainer.java:227)
	at org.gradle.internal.Try.ofFailable(Try.java:46)
	at org.gradle.internal.model.CalculatedValueContainer$CalculationState.attachValue(CalculatedValueContainer.java:222)
	at org.gradle.internal.model.CalculatedValueContainer.finalizeIfNotAlready(CalculatedValueContainer.java:195)
	at org.gradle.internal.model.CalculatedValueContainer.finalizeIfNotAlready(CalculatedValueContainer.java:186)
	at org.gradle.api.internal.artifacts.ivyservice.resolveengine.artifact.ArtifactBackedResolvedVariant$DownloadArtifactFile.run(ArtifactBackedResolvedVariant.java:208)
	at org.gradle.internal.operations.DefaultBuildOperationRunner$2.execute(DefaultBuildOperationRunner.java:66)
	at org.gradle.internal.operations.DefaultBuildOperationRunner$2.execute(DefaultBuildOperationRunner.java:59)
	at org.gradle.internal.operations.DefaultBuildOperationRunner.execute(DefaultBuildOperationRunner.java:166)
	at org.gradle.internal.operations.DefaultBuildOperationRunner.execute(DefaultBuildOperationRunner.java:59)
	at org.gradle.internal.operations.DefaultBuildOperationExecutor.lambda$executeInParallel$0(DefaultBuildOperationExecutor.java:102)
	at org.gradle.internal.operations.DefaultBuildOperationQueue$WorkerRunnable.runOperation(DefaultBuildOperationQueue.java:292)
	at org.gradle.internal.operations.DefaultBuildOperationQueue$WorkerRunnable.doRunBatch(DefaultBuildOperationQueue.java:273)
	at org.gradle.internal.operations.DefaultBuildOperationQueue$WorkerRunnable.lambda$runBatch$0(DefaultBuildOperationQueue.java:258)
	at org.gradle.internal.resources.AbstractResourceLockRegistry.whileDisallowingLockChanges(AbstractResourceLockRegistry.java:50)
	at org.gradle.internal.work.DefaultWorkerLeaseService.whileDisallowingProjectLockChanges(DefaultWorkerLeaseService.java:233)
	at org.gradle.internal.operations.DefaultBuildOperationQueue$WorkerRunnable.lambda$runBatch$1(DefaultBuildOperationQueue.java:258)
	at org.gradle.internal.work.DefaultWorkerLeaseService.lambda$withLocksAcquired$0(DefaultWorkerLeaseService.java:269)
	at org.gradle.internal.work.ResourceLockStatistics$1.measure(ResourceLockStatistics.java:42)
	at org.gradle.internal.work.DefaultWorkerLeaseService.withLocksAcquired(DefaultWorkerLeaseService.java:267)
	at org.gradle.internal.work.DefaultWorkerLeaseService.withLocks(DefaultWorkerLeaseService.java:259)
	at org.gradle.internal.work.DefaultWorkerLeaseService.runAsWorkerThread(DefaultWorkerLeaseService.java:127)
	at org.gradle.internal.operations.DefaultBuildOperationQueue$WorkerRunnable.runBatch(DefaultBuildOperationQueue.java:244)
	at org.gradle.internal.operations.DefaultBuildOperationQueue$WorkerRunnable.runOperations(DefaultBuildOperationQueue.java:212)
	at org.gradle.internal.operations.CurrentBuildOperationRef.with(CurrentBuildOperationRef.java:84)
	at org.gradle.internal.operations.DefaultBuildOperationQueue$WorkerRunnable.run(DefaultBuildOperationQueue.java:205)
	at org.gradle.internal.concurrent.ExecutorPolicy$CatchAndRecordFailures.onExecute(ExecutorPolicy.java:64)
	at org.gradle.internal.concurrent.AbstractManagedExecutor$1.run(AbstractManagedExecutor.java:47)
	at java.base/java.util.concurrent.ThreadPoolExecutor.runWorker(ThreadPoolExecutor.java:1136)
	at java.base/java.util.concurrent.ThreadPoolExecutor$Worker.run(ThreadPoolExecutor.java:635)
	at java.base/java.lang.Thread.run(Thread.java:840)
Caused by: org.gradle.api.resources.ResourceException: Could not get resource 'https://maven.myket.ir/org/jetbrains/kotlin/kotlin-stdlib-common/1.9.10/kotlin-stdlib-common-1.9.10.jar'.
	at org.gradle.internal.resource.ResourceExceptions.failure(ResourceExceptions.java:74)
	at org.gradle.internal.resource.ResourceExceptions.getFailed(ResourceExceptions.java:57)
	at org.gradle.api.internal.artifacts.repositories.resolver.DefaultExternalResourceArtifactResolver.downloadByCoords(DefaultExternalResourceArtifactResolver.java:154)
	at org.gradle.api.internal.artifacts.repositories.resolver.DefaultExternalResourceArtifactResolver.downloadStaticResource(DefaultExternalResourceArtifactResolver.java:94)
	at org.gradle.api.internal.artifacts.repositories.resolver.DefaultExternalResourceArtifactResolver.resolveArtifact(DefaultExternalResourceArtifactResolver.java:62)
	at org.gradle.api.internal.artifacts.repositories.resolver.ExternalResourceResolver$RemoteRepositoryAccess.resolveArtifact(ExternalResourceResolver.java:492)
	... 39 more
Caused by: org.gradle.internal.resource.transport.http.HttpRequestException: Could not GET 'https://maven.myket.ir/org/jetbrains/kotlin/kotlin-stdlib-common/1.9.10/kotlin-stdlib-common-1.9.10.jar'.
	at org.gradle.internal.resource.transport.http.HttpClientHelper.createHttpRequestException(HttpClientHelper.java:123)
	at org.gradle.internal.resource.transport.http.HttpClientHelper.performRequest(HttpClientHelper.java:117)
	at org.gradle.internal.resource.transport.http.HttpClientHelper.performRawGet(HttpClientHelper.java:99)
	at org.gradle.internal.resource.transport.http.HttpClientHelper.performGet(HttpClientHelper.java:104)
	at org.gradle.internal.resource.transport.http.HttpResourceAccessor.openResource(HttpResourceAccessor.java:45)
	at org.gradle.internal.resource.transport.http.HttpResourceAccessor.openResource(HttpResourceAccessor.java:30)
	at org.gradle.internal.resource.transfer.AbstractExternalResourceAccessor.withContent(AbstractExternalResourceAccessor.java:32)
	at org.gradle.internal.resource.transfer.DefaultExternalResourceConnector.withContent(DefaultExternalResourceConnector.java:59)
	at org.gradle.internal.resource.transfer.ProgressLoggingExternalResourceAccessor$DownloadOperation.call(ProgressLoggingExternalResourceAccessor.java:136)
	at org.gradle.internal.operations.DefaultBuildOperationRunner$CallableBuildOperationWorker.execute(DefaultBuildOperationRunner.java:209)
	at org.gradle.internal.operations.DefaultBuildOperationRunner$CallableBuildOperationWorker.execute(DefaultBuildOperationRunner.java:204)
	at org.gradle.internal.operations.DefaultBuildOperationRunner$2.execute(DefaultBuildOperationRunner.java:66)
	at org.gradle.internal.operations.DefaultBuildOperationRunner$2.execute(DefaultBuildOperationRunner.java:59)
	at org.gradle.internal.operations.DefaultBuildOperationRunner.execute(DefaultBuildOperationRunner.java:166)
	at org.gradle.internal.operations.DefaultBuildOperationRunner.execute(DefaultBuildOperationRunner.java:59)
	at org.gradle.internal.operations.DefaultBuildOperationRunner.call(DefaultBuildOperationRunner.java:53)
	at org.gradle.internal.resource.transfer.ProgressLoggingExternalResourceAccessor.withContent(ProgressLoggingExternalResourceAccessor.java:49)
	at org.gradle.internal.resource.transfer.AccessorBackedExternalResource.withContentIfPresent(AccessorBackedExternalResource.java:103)
	at org.gradle.internal.resource.transfer.DefaultCacheAwareExternalResourceAccessor.copyToCache(DefaultCacheAwareExternalResourceAccessor.java:188)
	at org.gradle.internal.resource.transfer.DefaultCacheAwareExternalResourceAccessor.lambda$getResource$1(DefaultCacheAwareExternalResourceAccessor.java:86)
	at org.gradle.cache.internal.ProducerGuard$AdaptiveProducerGuard.guardByKey(ProducerGuard.java:97)
	at org.gradle.internal.resource.transfer.DefaultCacheAwareExternalResourceAccessor.getResource(DefaultCacheAwareExternalResourceAccessor.java:80)
	at org.gradle.api.internal.artifacts.repositories.resolver.DefaultExternalResourceArtifactResolver.downloadByCoords(DefaultExternalResourceArtifactResolver.java:149)
	... 42 more
Caused by: java.net.UnknownHostException: maven.myket.ir
	at java.base/java.net.InetAddress$CachedAddresses.get(InetAddress.java:801)
	at java.base/java.net.InetAddress.getAllByName0(InetAddress.java:1533)
	at java.base/java.net.InetAddress.getAllByName(InetAddress.java:1385)
	at java.base/java.net.InetAddress.getAllByName(InetAddress.java:1306)
	at org.apache.http.impl.conn.SystemDefaultDnsResolver.resolve(SystemDefaultDnsResolver.java:45)
	at org.apache.http.impl.conn.DefaultHttpClientConnectionOperator.connect(DefaultHttpClientConnectionOperator.java:112)
	at org.apache.http.impl.conn.PoolingHttpClientConnectionManager.connect(PoolingHttpClientConnectionManager.java:376)
	at org.apache.http.impl.execchain.MainClientExec.establishRoute(MainClientExec.java:393)
	at org.apache.http.impl.execchain.MainClientExec.execute(MainClientExec.java:236)
	at org.apache.http.impl.execchain.ProtocolExec.execute(ProtocolExec.java:186)
	at org.apache.http.impl.execchain.RetryExec.execute(RetryExec.java:89)
	at org.apache.http.impl.execchain.RedirectExec.execute(RedirectExec.java:110)
	at org.apache.http.impl.client.InternalHttpClient.doExecute(InternalHttpClient.java:185)
	at org.apache.http.impl.client.CloseableHttpClient.execute(CloseableHttpClient.java:83)
	at org.gradle.internal.resource.transport.http.HttpClientHelper.performHttpRequest(HttpClientHelper.java:200)
	at org.gradle.internal.resource.transport.http.HttpClientHelper.performHttpRequest(HttpClientHelper.java:176)
	at org.gradle.internal.resource.transport.http.HttpClientHelper.executeGetOrHead(HttpClientHelper.java:165)
	at org.gradle.internal.resource.transport.http.HttpClientHelper.performRequest(HttpClientHelper.java:113)
	... 63 more
Cause 25: org.gradle.internal.resolve.ArtifactResolveException: Could not download grpc-context-1.45.1.jar (io.grpc:grpc-context:1.45.1)
	at org.gradle.api.internal.artifacts.repositories.resolver.ExternalResourceResolver$RemoteRepositoryAccess.resolveArtifact(ExternalResourceResolver.java:499)
	at org.gradle.api.internal.artifacts.ivyservice.ivyresolve.CachingModuleComponentRepository$ResolveAndCacheRepositoryAccess.resolveArtifact(CachingModuleComponentRepository.java:470)
	at org.gradle.api.internal.artifacts.ivyservice.ivyresolve.ErrorHandlingModuleComponentRepository$ErrorHandlingModuleComponentRepositoryAccess.lambda$resolveArtifact$12(ErrorHandlingModuleComponentRepository.java:180)
	at org.gradle.api.internal.artifacts.ivyservice.ivyresolve.ErrorHandlingModuleComponentRepository$ErrorHandlingModuleComponentRepositoryAccess.tryResolveAndMaybeDisable(ErrorHandlingModuleComponentRepository.java:251)
	at org.gradle.api.internal.artifacts.ivyservice.ivyresolve.ErrorHandlingModuleComponentRepository$ErrorHandlingModuleComponentRepositoryAccess.performOperationWithRetries(ErrorHandlingModuleComponentRepository.java:204)
	at org.gradle.api.internal.artifacts.ivyservice.ivyresolve.ErrorHandlingModuleComponentRepository$ErrorHandlingModuleComponentRepositoryAccess.resolveArtifact(ErrorHandlingModuleComponentRepository.java:178)
	at org.gradle.api.internal.artifacts.ivyservice.ivyresolve.RepositoryChainArtifactResolver.resolveArtifactLater(RepositoryChainArtifactResolver.java:75)
	at org.gradle.api.internal.artifacts.ivyservice.ivyresolve.RepositoryChainArtifactResolver.lambda$resolveArtifact$0(RepositoryChainArtifactResolver.java:63)
	at org.gradle.internal.model.CalculatedValueContainerFactory$SupplierBackedCalculator.calculateValue(CalculatedValueContainerFactory.java:69)
	at org.gradle.internal.model.CalculatedValueContainer$CalculationState.lambda$attachValue$0(CalculatedValueContainer.java:227)
	at org.gradle.internal.Try.ofFailable(Try.java:46)
	at org.gradle.internal.model.CalculatedValueContainer$CalculationState.attachValue(CalculatedValueContainer.java:222)
	at org.gradle.internal.model.CalculatedValueContainer.finalizeIfNotAlready(CalculatedValueContainer.java:195)
	at org.gradle.internal.model.CalculatedValueContainer.finalizeIfNotAlready(CalculatedValueContainer.java:186)
	at org.gradle.api.internal.artifacts.ivyservice.resolveengine.artifact.ArtifactBackedResolvedVariant$DownloadArtifactFile.run(ArtifactBackedResolvedVariant.java:208)
	at org.gradle.internal.operations.DefaultBuildOperationRunner$2.execute(DefaultBuildOperationRunner.java:66)
	at org.gradle.internal.operations.DefaultBuildOperationRunner$2.execute(DefaultBuildOperationRunner.java:59)
	at org.gradle.internal.operations.DefaultBuildOperationRunner.execute(DefaultBuildOperationRunner.java:166)
	at org.gradle.internal.operations.DefaultBuildOperationRunner.execute(DefaultBuildOperationRunner.java:59)
	at org.gradle.internal.operations.DefaultBuildOperationExecutor.lambda$executeInParallel$0(DefaultBuildOperationExecutor.java:102)
	at org.gradle.internal.operations.DefaultBuildOperationQueue$WorkerRunnable.runOperation(DefaultBuildOperationQueue.java:292)
	at org.gradle.internal.operations.DefaultBuildOperationQueue$WorkerRunnable.doRunBatch(DefaultBuildOperationQueue.java:273)
	at org.gradle.internal.operations.DefaultBuildOperationQueue$WorkerRunnable.lambda$runBatch$0(DefaultBuildOperationQueue.java:258)
	at org.gradle.internal.resources.AbstractResourceLockRegistry.whileDisallowingLockChanges(AbstractResourceLockRegistry.java:50)
	at org.gradle.internal.work.DefaultWorkerLeaseService.whileDisallowingProjectLockChanges(DefaultWorkerLeaseService.java:233)
	at org.gradle.internal.operations.DefaultBuildOperationQueue$WorkerRunnable.lambda$runBatch$1(DefaultBuildOperationQueue.java:258)
	at org.gradle.internal.work.DefaultWorkerLeaseService.lambda$withLocksAcquired$0(DefaultWorkerLeaseService.java:269)
	at org.gradle.internal.work.ResourceLockStatistics$1.measure(ResourceLockStatistics.java:42)
	at org.gradle.internal.work.DefaultWorkerLeaseService.withLocksAcquired(DefaultWorkerLeaseService.java:267)
	at org.gradle.internal.work.DefaultWorkerLeaseService.withLocks(DefaultWorkerLeaseService.java:259)
	at org.gradle.internal.work.DefaultWorkerLeaseService.runAsWorkerThread(DefaultWorkerLeaseService.java:127)
	at org.gradle.internal.operations.DefaultBuildOperationQueue$WorkerRunnable.runBatch(DefaultBuildOperationQueue.java:244)
	at org.gradle.internal.operations.DefaultBuildOperationQueue$WorkerRunnable.runOperations(DefaultBuildOperationQueue.java:212)
	at org.gradle.internal.operations.CurrentBuildOperationRef.with(CurrentBuildOperationRef.java:84)
	at org.gradle.internal.operations.DefaultBuildOperationQueue$WorkerRunnable.run(DefaultBuildOperationQueue.java:205)
	at org.gradle.internal.concurrent.ExecutorPolicy$CatchAndRecordFailures.onExecute(ExecutorPolicy.java:64)
	at org.gradle.internal.concurrent.AbstractManagedExecutor$1.run(AbstractManagedExecutor.java:47)
	at java.base/java.util.concurrent.ThreadPoolExecutor.runWorker(ThreadPoolExecutor.java:1136)
	at java.base/java.util.concurrent.ThreadPoolExecutor$Worker.run(ThreadPoolExecutor.java:635)
	at java.base/java.lang.Thread.run(Thread.java:840)
Caused by: org.gradle.api.resources.ResourceException: Could not get resource 'https://maven.myket.ir/io/grpc/grpc-context/1.45.1/grpc-context-1.45.1.jar'.
	at org.gradle.internal.resource.ResourceExceptions.failure(ResourceExceptions.java:74)
	at org.gradle.internal.resource.ResourceExceptions.getFailed(ResourceExceptions.java:57)
	at org.gradle.api.internal.artifacts.repositories.resolver.DefaultExternalResourceArtifactResolver.downloadByCoords(DefaultExternalResourceArtifactResolver.java:154)
	at org.gradle.api.internal.artifacts.repositories.resolver.DefaultExternalResourceArtifactResolver.downloadStaticResource(DefaultExternalResourceArtifactResolver.java:94)
	at org.gradle.api.internal.artifacts.repositories.resolver.DefaultExternalResourceArtifactResolver.resolveArtifact(DefaultExternalResourceArtifactResolver.java:62)
	at org.gradle.api.internal.artifacts.repositories.resolver.ExternalResourceResolver$RemoteRepositoryAccess.resolveArtifact(ExternalResourceResolver.java:492)
	... 39 more
Caused by: org.gradle.internal.resource.transport.http.HttpRequestException: Could not GET 'https://maven.myket.ir/io/grpc/grpc-context/1.45.1/grpc-context-1.45.1.jar'.
	at org.gradle.internal.resource.transport.http.HttpClientHelper.createHttpRequestException(HttpClientHelper.java:123)
	at org.gradle.internal.resource.transport.http.HttpClientHelper.performRequest(HttpClientHelper.java:117)
	at org.gradle.internal.resource.transport.http.HttpClientHelper.performRawGet(HttpClientHelper.java:99)
	at org.gradle.internal.resource.transport.http.HttpClientHelper.performGet(HttpClientHelper.java:104)
	at org.gradle.internal.resource.transport.http.HttpResourceAccessor.openResource(HttpResourceAccessor.java:45)
	at org.gradle.internal.resource.transport.http.HttpResourceAccessor.openResource(HttpResourceAccessor.java:30)
	at org.gradle.internal.resource.transfer.AbstractExternalResourceAccessor.withContent(AbstractExternalResourceAccessor.java:32)
	at org.gradle.internal.resource.transfer.DefaultExternalResourceConnector.withContent(DefaultExternalResourceConnector.java:59)
	at org.gradle.internal.resource.transfer.ProgressLoggingExternalResourceAccessor$DownloadOperation.call(ProgressLoggingExternalResourceAccessor.java:136)
	at org.gradle.internal.operations.DefaultBuildOperationRunner$CallableBuildOperationWorker.execute(DefaultBuildOperationRunner.java:209)
	at org.gradle.internal.operations.DefaultBuildOperationRunner$CallableBuildOperationWorker.execute(DefaultBuildOperationRunner.java:204)
	at org.gradle.internal.operations.DefaultBuildOperationRunner$2.execute(DefaultBuildOperationRunner.java:66)
	at org.gradle.internal.operations.DefaultBuildOperationRunner$2.execute(DefaultBuildOperationRunner.java:59)
	at org.gradle.internal.operations.DefaultBuildOperationRunner.execute(DefaultBuildOperationRunner.java:166)
	at org.gradle.internal.operations.DefaultBuildOperationRunner.execute(DefaultBuildOperationRunner.java:59)
	at org.gradle.internal.operations.DefaultBuildOperationRunner.call(DefaultBuildOperationRunner.java:53)
	at org.gradle.internal.resource.transfer.ProgressLoggingExternalResourceAccessor.withContent(ProgressLoggingExternalResourceAccessor.java:49)
	at org.gradle.internal.resource.transfer.AccessorBackedExternalResource.withContentIfPresent(AccessorBackedExternalResource.java:103)
	at org.gradle.internal.resource.transfer.DefaultCacheAwareExternalResourceAccessor.copyToCache(DefaultCacheAwareExternalResourceAccessor.java:188)
	at org.gradle.internal.resource.transfer.DefaultCacheAwareExternalResourceAccessor.lambda$getResource$1(DefaultCacheAwareExternalResourceAccessor.java:86)
	at org.gradle.cache.internal.ProducerGuard$AdaptiveProducerGuard.guardByKey(ProducerGuard.java:97)
	at org.gradle.internal.resource.transfer.DefaultCacheAwareExternalResourceAccessor.getResource(DefaultCacheAwareExternalResourceAccessor.java:80)
	at org.gradle.api.internal.artifacts.repositories.resolver.DefaultExternalResourceArtifactResolver.downloadByCoords(DefaultExternalResourceArtifactResolver.java:149)
	... 42 more
Caused by: java.net.UnknownHostException: maven.myket.ir
	at java.base/java.net.InetAddress$CachedAddresses.get(InetAddress.java:801)
	at java.base/java.net.InetAddress.getAllByName0(InetAddress.java:1533)
	at java.base/java.net.InetAddress.getAllByName(InetAddress.java:1385)
	at java.base/java.net.InetAddress.getAllByName(InetAddress.java:1306)
	at org.apache.http.impl.conn.SystemDefaultDnsResolver.resolve(SystemDefaultDnsResolver.java:45)
	at org.apache.http.impl.conn.DefaultHttpClientConnectionOperator.connect(DefaultHttpClientConnectionOperator.java:112)
	at org.apache.http.impl.conn.PoolingHttpClientConnectionManager.connect(PoolingHttpClientConnectionManager.java:376)
	at org.apache.http.impl.execchain.MainClientExec.establishRoute(MainClientExec.java:393)
	at org.apache.http.impl.execchain.MainClientExec.execute(MainClientExec.java:236)
	at org.apache.http.impl.execchain.ProtocolExec.execute(ProtocolExec.java:186)
	at org.apache.http.impl.execchain.RetryExec.execute(RetryExec.java:89)
	at org.apache.http.impl.execchain.RedirectExec.execute(RedirectExec.java:110)
	at org.apache.http.impl.client.InternalHttpClient.doExecute(InternalHttpClient.java:185)
	at org.apache.http.impl.client.CloseableHttpClient.execute(CloseableHttpClient.java:83)
	at org.gradle.internal.resource.transport.http.HttpClientHelper.performHttpRequest(HttpClientHelper.java:200)
	at org.gradle.internal.resource.transport.http.HttpClientHelper.performHttpRequest(HttpClientHelper.java:176)
	at org.gradle.internal.resource.transport.http.HttpClientHelper.executeGetOrHead(HttpClientHelper.java:165)
	at org.gradle.internal.resource.transport.http.HttpClientHelper.performRequest(HttpClientHelper.java:113)
	... 63 more
Cause 26: org.gradle.internal.resolve.ArtifactResolveException: Could not download netty-codec-http-4.1.72.Final.jar (io.netty:netty-codec-http:4.1.72.Final)
	at org.gradle.api.internal.artifacts.repositories.resolver.ExternalResourceResolver$RemoteRepositoryAccess.resolveArtifact(ExternalResourceResolver.java:499)
	at org.gradle.api.internal.artifacts.ivyservice.ivyresolve.CachingModuleComponentRepository$ResolveAndCacheRepositoryAccess.resolveArtifact(CachingModuleComponentRepository.java:470)
	at org.gradle.api.internal.artifacts.ivyservice.ivyresolve.ErrorHandlingModuleComponentRepository$ErrorHandlingModuleComponentRepositoryAccess.lambda$resolveArtifact$12(ErrorHandlingModuleComponentRepository.java:180)
	at org.gradle.api.internal.artifacts.ivyservice.ivyresolve.ErrorHandlingModuleComponentRepository$ErrorHandlingModuleComponentRepositoryAccess.tryResolveAndMaybeDisable(ErrorHandlingModuleComponentRepository.java:251)
	at org.gradle.api.internal.artifacts.ivyservice.ivyresolve.ErrorHandlingModuleComponentRepository$ErrorHandlingModuleComponentRepositoryAccess.performOperationWithRetries(ErrorHandlingModuleComponentRepository.java:204)
	at org.gradle.api.internal.artifacts.ivyservice.ivyresolve.ErrorHandlingModuleComponentRepository$ErrorHandlingModuleComponentRepositoryAccess.resolveArtifact(ErrorHandlingModuleComponentRepository.java:178)
	at org.gradle.api.internal.artifacts.ivyservice.ivyresolve.RepositoryChainArtifactResolver.resolveArtifactLater(RepositoryChainArtifactResolver.java:75)
	at org.gradle.api.internal.artifacts.ivyservice.ivyresolve.RepositoryChainArtifactResolver.lambda$resolveArtifact$0(RepositoryChainArtifactResolver.java:63)
	at org.gradle.internal.model.CalculatedValueContainerFactory$SupplierBackedCalculator.calculateValue(CalculatedValueContainerFactory.java:69)
	at org.gradle.internal.model.CalculatedValueContainer$CalculationState.lambda$attachValue$0(CalculatedValueContainer.java:227)
	at org.gradle.internal.Try.ofFailable(Try.java:46)
	at org.gradle.internal.model.CalculatedValueContainer$CalculationState.attachValue(CalculatedValueContainer.java:222)
	at org.gradle.internal.model.CalculatedValueContainer.finalizeIfNotAlready(CalculatedValueContainer.java:195)
	at org.gradle.internal.model.CalculatedValueContainer.finalizeIfNotAlready(CalculatedValueContainer.java:186)
	at org.gradle.api.internal.artifacts.ivyservice.resolveengine.artifact.ArtifactBackedResolvedVariant$DownloadArtifactFile.run(ArtifactBackedResolvedVariant.java:208)
	at org.gradle.internal.operations.DefaultBuildOperationRunner$2.execute(DefaultBuildOperationRunner.java:66)
	at org.gradle.internal.operations.DefaultBuildOperationRunner$2.execute(DefaultBuildOperationRunner.java:59)
	at org.gradle.internal.operations.DefaultBuildOperationRunner.execute(DefaultBuildOperationRunner.java:166)
	at org.gradle.internal.operations.DefaultBuildOperationRunner.execute(DefaultBuildOperationRunner.java:59)
	at org.gradle.internal.operations.DefaultBuildOperationExecutor.lambda$executeInParallel$0(DefaultBuildOperationExecutor.java:102)
	at org.gradle.internal.operations.DefaultBuildOperationQueue$WorkerRunnable.runOperation(DefaultBuildOperationQueue.java:292)
	at org.gradle.internal.operations.DefaultBuildOperationQueue$WorkerRunnable.doRunBatch(DefaultBuildOperationQueue.java:273)
	at org.gradle.internal.operations.DefaultBuildOperationQueue$WorkerRunnable.lambda$runBatch$0(DefaultBuildOperationQueue.java:258)
	at org.gradle.internal.resources.AbstractResourceLockRegistry.whileDisallowingLockChanges(AbstractResourceLockRegistry.java:50)
	at org.gradle.internal.work.DefaultWorkerLeaseService.whileDisallowingProjectLockChanges(DefaultWorkerLeaseService.java:233)
	at org.gradle.internal.operations.DefaultBuildOperationQueue$WorkerRunnable.lambda$runBatch$1(DefaultBuildOperationQueue.java:258)
	at org.gradle.internal.work.DefaultWorkerLeaseService.runAsWorkerThread(DefaultWorkerLeaseService.java:125)
	at org.gradle.internal.operations.DefaultBuildOperationQueue$WorkerRunnable.runBatch(DefaultBuildOperationQueue.java:244)
	at org.gradle.internal.operations.DefaultBuildOperationQueue$WorkerRunnable.runOperations(DefaultBuildOperationQueue.java:212)
	at org.gradle.internal.operations.CurrentBuildOperationRef.with(CurrentBuildOperationRef.java:84)
	at org.gradle.internal.operations.DefaultBuildOperationQueue$WorkerRunnable.run(DefaultBuildOperationQueue.java:205)
	at org.gradle.internal.operations.DefaultBuildOperationQueue.waitForCompletion(DefaultBuildOperationQueue.java:114)
	at org.gradle.internal.operations.DefaultBuildOperationExecutor.executeInParallel(DefaultBuildOperationExecutor.java:115)
	at org.gradle.internal.operations.DefaultBuildOperationExecutor.runAll(DefaultBuildOperationExecutor.java:64)
	at org.gradle.api.internal.artifacts.ivyservice.resolveengine.artifact.ParallelResolveArtifactSet$VisitingSet.visit(ParallelResolveArtifactSet.java:66)
	at org.gradle.api.internal.artifacts.ivyservice.resolveengine.artifact.ResolvedArtifactSetResolver$1.run(ResolvedArtifactSetResolver.java:68)
	at org.gradle.internal.operations.DefaultBuildOperationRunner$1.execute(DefaultBuildOperationRunner.java:29)
	at org.gradle.internal.operations.DefaultBuildOperationRunner$1.execute(DefaultBuildOperationRunner.java:26)
	at org.gradle.internal.operations.DefaultBuildOperationRunner$2.execute(DefaultBuildOperationRunner.java:66)
	at org.gradle.internal.operations.DefaultBuildOperationRunner$2.execute(DefaultBuildOperationRunner.java:59)
	at org.gradle.internal.operations.DefaultBuildOperationRunner.execute(DefaultBuildOperationRunner.java:166)
	at org.gradle.internal.operations.DefaultBuildOperationRunner.execute(DefaultBuildOperationRunner.java:59)
	at org.gradle.internal.operations.DefaultBuildOperationRunner.run(DefaultBuildOperationRunner.java:47)
	at org.gradle.api.internal.artifacts.ivyservice.resolveengine.artifact.ResolvedArtifactSetResolver.visitArtifacts(ResolvedArtifactSetResolver.java:65)
	at org.gradle.api.internal.artifacts.ivyservice.resolveengine.artifact.ResolvedArtifactSetResolver.lambda$visitInUnmanagedWorkerThread$0(ResolvedArtifactSetResolver.java:61)
	at org.gradle.internal.work.DefaultWorkerLeaseService.runAsUnmanagedWorkerThread(DefaultWorkerLeaseService.java:139)
	at org.gradle.api.internal.artifacts.ivyservice.resolveengine.artifact.ResolvedArtifactSetResolver.visitInUnmanagedWorkerThread(ResolvedArtifactSetResolver.java:61)
	at org.gradle.api.internal.artifacts.ivyservice.resolveengine.artifact.DefaultSelectedArtifactSet.visitArtifacts(DefaultSelectedArtifactSet.java:59)
	at org.gradle.api.internal.artifacts.configurations.ResolutionResultProviderBackedSelectedArtifactSet.visitArtifacts(ResolutionResultProviderBackedSelectedArtifactSet.java:52)
	at org.gradle.api.internal.artifacts.configurations.DefaultArtifactCollection.lambda$new$0(DefaultArtifactCollection.java:61)
	at org.gradle.internal.model.CalculatedValueContainerFactory$SupplierBackedCalculator.calculateValue(CalculatedValueContainerFactory.java:69)
	at org.gradle.internal.model.CalculatedValueContainer$CalculationState.lambda$attachValue$0(CalculatedValueContainer.java:227)
	at org.gradle.internal.Try.ofFailable(Try.java:46)
	at org.gradle.internal.model.CalculatedValueContainer$CalculationState.attachValue(CalculatedValueContainer.java:222)
	at org.gradle.internal.model.CalculatedValueContainer.finalizeIfNotAlready(CalculatedValueContainer.java:195)
	at org.gradle.internal.model.CalculatedValueContainer.finalizeIfNotAlready(CalculatedValueContainer.java:186)
	at org.gradle.api.internal.artifacts.configurations.DefaultArtifactCollection.ensureResolved(DefaultArtifactCollection.java:123)
	at org.gradle.api.internal.artifacts.configurations.DefaultArtifactCollection.getArtifacts(DefaultArtifactCollection.java:95)
	at org.gradle.api.internal.initialization.transform.utils.InstrumentationClasspathMerger.mergeToClasspath(InstrumentationClasspathMerger.java:52)
	at org.gradle.api.internal.initialization.DefaultScriptClassPathResolver.resolveClassPath(DefaultScriptClassPathResolver.java:155)
	at org.gradle.api.internal.initialization.DefaultBuildLogicBuilder.lambda$resolveClassPath$0(DefaultBuildLogicBuilder.java:64)
	at org.gradle.api.internal.initialization.DefaultBuildLogicBuildQueue.build(DefaultBuildLogicBuildQueue.java:69)
	at org.gradle.api.internal.initialization.DefaultBuildLogicBuilder.resolveClassPath(DefaultBuildLogicBuilder.java:61)
	at org.gradle.api.internal.initialization.DefaultScriptHandler.lambda$getInstrumentedScriptClassPath$0(DefaultScriptHandler.java:108)
	at org.gradle.api.internal.artifacts.configurations.DefaultConfiguration.callAndResetResolutionState(DefaultConfiguration.java:758)
	at org.gradle.api.internal.initialization.DefaultScriptHandler.getInstrumentedScriptClassPath(DefaultScriptHandler.java:112)
	at org.gradle.plugin.use.internal.DefaultPluginRequestApplicator.applyPlugins(DefaultPluginRequestApplicator.java:87)
	at org.gradle.configuration.DefaultScriptPluginFactory$ScriptPluginImpl.apply(DefaultScriptPluginFactory.java:123)
	at org.gradle.configuration.BuildOperationScriptPlugin$1.run(BuildOperationScriptPlugin.java:68)
	at org.gradle.internal.operations.DefaultBuildOperationRunner$1.execute(DefaultBuildOperationRunner.java:29)
	at org.gradle.internal.operations.DefaultBuildOperationRunner$1.execute(DefaultBuildOperationRunner.java:26)
	at org.gradle.internal.operations.DefaultBuildOperationRunner$2.execute(DefaultBuildOperationRunner.java:66)
	at org.gradle.internal.operations.DefaultBuildOperationRunner$2.execute(DefaultBuildOperationRunner.java:59)
	at org.gradle.internal.operations.DefaultBuildOperationRunner.execute(DefaultBuildOperationRunner.java:166)
	at org.gradle.internal.operations.DefaultBuildOperationRunner.execute(DefaultBuildOperationRunner.java:59)
	at org.gradle.internal.operations.DefaultBuildOperationRunner.run(DefaultBuildOperationRunner.java:47)
	at org.gradle.configuration.BuildOperationScriptPlugin.lambda$apply$0(BuildOperationScriptPlugin.java:65)
	at org.gradle.internal.code.DefaultUserCodeApplicationContext.apply(DefaultUserCodeApplicationContext.java:44)
	at org.gradle.configuration.BuildOperationScriptPlugin.apply(BuildOperationScriptPlugin.java:65)
	at org.gradle.api.internal.project.DefaultProjectStateRegistry$ProjectStateImpl.lambda$applyToMutableState$0(DefaultProjectStateRegistry.java:443)
	at org.gradle.api.internal.project.DefaultProjectStateRegistry$ProjectStateImpl.lambda$fromMutableState$1(DefaultProjectStateRegistry.java:450)
	at org.gradle.api.internal.project.DefaultProjectStateRegistry$ProjectStateImpl.runWithModelLock(DefaultProjectStateRegistry.java:466)
	at org.gradle.api.internal.project.DefaultProjectStateRegistry$ProjectStateImpl.fromMutableState(DefaultProjectStateRegistry.java:450)
	at org.gradle.api.internal.project.DefaultProjectStateRegistry$ProjectStateImpl.applyToMutableState(DefaultProjectStateRegistry.java:442)
	at org.gradle.configuration.project.BuildScriptProcessor.execute(BuildScriptProcessor.java:46)
	at org.gradle.configuration.project.BuildScriptProcessor.execute(BuildScriptProcessor.java:27)
	at org.gradle.configuration.project.ConfigureActionsProjectEvaluator.evaluate(ConfigureActionsProjectEvaluator.java:35)
	at org.gradle.configuration.project.LifecycleProjectEvaluator$EvaluateProject.lambda$run$0(LifecycleProjectEvaluator.java:109)
	at org.gradle.api.internal.project.DefaultProjectStateRegistry$ProjectStateImpl.lambda$applyToMutableState$0(DefaultProjectStateRegistry.java:443)
	at org.gradle.api.internal.project.DefaultProjectStateRegistry$ProjectStateImpl.lambda$fromMutableState$1(DefaultProjectStateRegistry.java:450)
	at org.gradle.internal.work.DefaultWorkerLeaseService.lambda$withLocksAcquired$0(DefaultWorkerLeaseService.java:269)
	at org.gradle.internal.work.ResourceLockStatistics$1.measure(ResourceLockStatistics.java:42)
	at org.gradle.internal.work.DefaultWorkerLeaseService.withLocksAcquired(DefaultWorkerLeaseService.java:267)
	at org.gradle.internal.work.DefaultWorkerLeaseService.lambda$withReplacedLocks$3(DefaultWorkerLeaseService.java:365)
	at org.gradle.internal.work.DefaultWorkerLeaseService.withoutLocks(DefaultWorkerLeaseService.java:337)
	at org.gradle.internal.work.DefaultWorkerLeaseService.withReplacedLocks(DefaultWorkerLeaseService.java:364)
	at org.gradle.api.internal.project.DefaultProjectStateRegistry$ProjectStateImpl.runWithModelLock(DefaultProjectStateRegistry.java:471)
	at org.gradle.api.internal.project.DefaultProjectStateRegistry$ProjectStateImpl.fromMutableState(DefaultProjectStateRegistry.java:450)
	at org.gradle.api.internal.project.DefaultProjectStateRegistry$ProjectStateImpl.applyToMutableState(DefaultProjectStateRegistry.java:442)
	at org.gradle.configuration.project.LifecycleProjectEvaluator$EvaluateProject.run(LifecycleProjectEvaluator.java:100)
	at org.gradle.internal.operations.DefaultBuildOperationRunner$1.execute(DefaultBuildOperationRunner.java:29)
	at org.gradle.internal.operations.DefaultBuildOperationRunner$1.execute(DefaultBuildOperationRunner.java:26)
	at org.gradle.internal.operations.DefaultBuildOperationRunner$2.execute(DefaultBuildOperationRunner.java:66)
	at org.gradle.internal.operations.DefaultBuildOperationRunner$2.execute(DefaultBuildOperationRunner.java:59)
	at org.gradle.internal.operations.DefaultBuildOperationRunner.execute(DefaultBuildOperationRunner.java:166)
	at org.gradle.internal.operations.DefaultBuildOperationRunner.execute(DefaultBuildOperationRunner.java:59)
	at org.gradle.internal.operations.DefaultBuildOperationRunner.run(DefaultBuildOperationRunner.java:47)
	at org.gradle.configuration.project.LifecycleProjectEvaluator.evaluate(LifecycleProjectEvaluator.java:72)
	at org.gradle.api.internal.project.DefaultProject.evaluateUnchecked(DefaultProject.java:796)
	at org.gradle.api.internal.project.ProjectLifecycleController.lambda$ensureSelfConfigured$2(ProjectLifecycleController.java:93)
	at org.gradle.internal.model.StateTransitionController.lambda$doTransition$14(StateTransitionController.java:265)
	at org.gradle.internal.model.StateTransitionController.doTransition(StateTransitionController.java:276)
	at org.gradle.internal.model.StateTransitionController.doTransition(StateTransitionController.java:264)
	at org.gradle.internal.model.StateTransitionController.lambda$maybeTransitionIfNotCurrentlyTransitioning$10(StateTransitionController.java:209)
	at org.gradle.internal.work.DefaultSynchronizer.withLock(DefaultSynchronizer.java:35)
	at org.gradle.internal.model.StateTransitionController.maybeTransitionIfNotCurrentlyTransitioning(StateTransitionController.java:205)
	at org.gradle.api.internal.project.ProjectLifecycleController.ensureSelfConfigured(ProjectLifecycleController.java:93)
	at org.gradle.api.internal.project.DefaultProjectStateRegistry$ProjectStateImpl.ensureConfigured(DefaultProjectStateRegistry.java:408)
	at org.gradle.execution.TaskPathProjectEvaluator.configure(TaskPathProjectEvaluator.java:71)
	at org.gradle.execution.TaskPathProjectEvaluator.configureHierarchy(TaskPathProjectEvaluator.java:87)
	at org.gradle.configuration.DefaultProjectsPreparer.prepareProjects(DefaultProjectsPreparer.java:50)
	at org.gradle.configuration.BuildTreePreparingProjectsPreparer.prepareProjects(BuildTreePreparingProjectsPreparer.java:65)
	at org.gradle.configuration.BuildOperationFiringProjectsPreparer$ConfigureBuild.run(BuildOperationFiringProjectsPreparer.java:52)
	at org.gradle.internal.operations.DefaultBuildOperationRunner$1.execute(DefaultBuildOperationRunner.java:29)
	at org.gradle.internal.operations.DefaultBuildOperationRunner$1.execute(DefaultBuildOperationRunner.java:26)
	at org.gradle.internal.operations.DefaultBuildOperationRunner$2.execute(DefaultBuildOperationRunner.java:66)
	at org.gradle.internal.operations.DefaultBuildOperationRunner$2.execute(DefaultBuildOperationRunner.java:59)
	at org.gradle.internal.operations.DefaultBuildOperationRunner.execute(DefaultBuildOperationRunner.java:166)
	at org.gradle.internal.operations.DefaultBuildOperationRunner.execute(DefaultBuildOperationRunner.java:59)
	at org.gradle.internal.operations.DefaultBuildOperationRunner.run(DefaultBuildOperationRunner.java:47)
	at org.gradle.configuration.BuildOperationFiringProjectsPreparer.prepareProjects(BuildOperationFiringProjectsPreparer.java:40)
	at org.gradle.initialization.VintageBuildModelController.lambda$prepareProjects$2(VintageBuildModelController.java:83)
	at org.gradle.internal.model.StateTransitionController.lambda$doTransition$14(StateTransitionController.java:265)
	at org.gradle.internal.model.StateTransitionController.doTransition(StateTransitionController.java:276)
	at org.gradle.internal.model.StateTransitionController.doTransition(StateTransitionController.java:264)
	at org.gradle.internal.model.StateTransitionController.lambda$transitionIfNotPreviously$11(StateTransitionController.java:223)
	at org.gradle.internal.work.DefaultSynchronizer.withLock(DefaultSynchronizer.java:35)
	at org.gradle.internal.model.StateTransitionController.transitionIfNotPreviously(StateTransitionController.java:219)
	at org.gradle.initialization.VintageBuildModelController.prepareProjects(VintageBuildModelController.java:83)
	at org.gradle.initialization.VintageBuildModelController.prepareToScheduleTasks(VintageBuildModelController.java:70)
	at org.gradle.internal.build.DefaultBuildLifecycleController.lambda$prepareToScheduleTasks$6(DefaultBuildLifecycleController.java:175)
	at org.gradle.internal.model.StateTransitionController.lambda$doTransition$14(StateTransitionController.java:265)
	at org.gradle.internal.model.StateTransitionController.doTransition(StateTransitionController.java:276)
	at org.gradle.internal.model.StateTransitionController.doTransition(StateTransitionController.java:264)
	at org.gradle.internal.model.StateTransitionController.lambda$maybeTransition$9(StateTransitionController.java:200)
	at org.gradle.internal.work.DefaultSynchronizer.withLock(DefaultSynchronizer.java:35)
	at org.gradle.internal.model.StateTransitionController.maybeTransition(StateTransitionController.java:196)
	at org.gradle.internal.build.DefaultBuildLifecycleController.prepareToScheduleTasks(DefaultBuildLifecycleController.java:173)
	at org.gradle.internal.buildtree.DefaultBuildTreeWorkPreparer.scheduleRequestedTasks(DefaultBuildTreeWorkPreparer.java:35)
	at org.gradle.internal.cc.impl.barrier.BarrierAwareBuildTreeWorkPreparer.scheduleRequestedTasks$lambda$0(BarrierAwareBuildTreeWorkPreparer.kt:34)
	at org.gradle.internal.cc.impl.barrier.VintageConfigurationTimeActionRunner.runConfigurationTimeAction(VintageConfigurationTimeActionRunner.kt:48)
	at org.gradle.internal.cc.impl.barrier.BarrierAwareBuildTreeWorkPreparer.scheduleRequestedTasks(BarrierAwareBuildTreeWorkPreparer.kt:33)
	at org.gradle.internal.cc.impl.VintageBuildTreeWorkController$scheduleAndRunRequestedTasks$1.apply(VintageBuildTreeWorkController.kt:36)
	at org.gradle.internal.cc.impl.VintageBuildTreeWorkController$scheduleAndRunRequestedTasks$1.apply(VintageBuildTreeWorkController.kt:35)
	at org.gradle.composite.internal.DefaultIncludedBuildTaskGraph.withNewWorkGraph(DefaultIncludedBuildTaskGraph.java:114)
	at org.gradle.internal.cc.impl.VintageBuildTreeWorkController.scheduleAndRunRequestedTasks(VintageBuildTreeWorkController.kt:35)
	at org.gradle.internal.buildtree.DefaultBuildTreeLifecycleController.lambda$scheduleAndRunTasks$1(DefaultBuildTreeLifecycleController.java:77)
	at org.gradle.internal.buildtree.DefaultBuildTreeLifecycleController.lambda$runBuild$4(DefaultBuildTreeLifecycleController.java:120)
	at org.gradle.internal.model.StateTransitionController.lambda$transition$6(StateTransitionController.java:179)
	at org.gradle.internal.model.StateTransitionController.doTransition(StateTransitionController.java:276)
	at org.gradle.internal.model.StateTransitionController.lambda$transition$7(StateTransitionController.java:179)
	at org.gradle.internal.work.DefaultSynchronizer.withLock(DefaultSynchronizer.java:45)
	at org.gradle.internal.model.StateTransitionController.transition(StateTransitionController.java:179)
	at org.gradle.internal.buildtree.DefaultBuildTreeLifecycleController.runBuild(DefaultBuildTreeLifecycleController.java:117)
	at org.gradle.internal.buildtree.DefaultBuildTreeLifecycleController.scheduleAndRunTasks(DefaultBuildTreeLifecycleController.java:77)
	at org.gradle.internal.buildtree.DefaultBuildTreeLifecycleController.scheduleAndRunTasks(DefaultBuildTreeLifecycleController.java:72)
	at org.gradle.tooling.internal.provider.ExecuteBuildActionRunner.run(ExecuteBuildActionRunner.java:31)
	at org.gradle.launcher.exec.ChainingBuildActionRunner.run(ChainingBuildActionRunner.java:35)
	at org.gradle.internal.buildtree.ProblemReportingBuildActionRunner.run(ProblemReportingBuildActionRunner.java:54)
	at org.gradle.launcher.exec.BuildOutcomeReportingBuildActionRunner.run(BuildOutcomeReportingBuildActionRunner.java:83)
	at org.gradle.tooling.internal.provider.FileSystemWatchingBuildActionRunner.run(FileSystemWatchingBuildActionRunner.java:135)
	at org.gradle.launcher.exec.BuildCompletionNotifyingBuildActionRunner.run(BuildCompletionNotifyingBuildActionRunner.java:54)
	at org.gradle.launcher.exec.RootBuildLifecycleBuildActionExecutor.lambda$execute$0(RootBuildLifecycleBuildActionExecutor.java:101)
	at org.gradle.composite.internal.DefaultRootBuildState.run(DefaultRootBuildState.java:126)
	at org.gradle.launcher.exec.RootBuildLifecycleBuildActionExecutor.execute(RootBuildLifecycleBuildActionExecutor.java:101)
	at org.gradle.launcher.exec.BuildTreeLifecycleBuildActionExecutor.runRootBuildAction(BuildTreeLifecycleBuildActionExecutor.java:98)
	at org.gradle.launcher.exec.BuildTreeLifecycleBuildActionExecutor.execute(BuildTreeLifecycleBuildActionExecutor.java:69)
	at org.gradle.launcher.exec.RunAsBuildOperationBuildActionExecutor$2.call(RunAsBuildOperationBuildActionExecutor.java:65)
	at org.gradle.launcher.exec.RunAsBuildOperationBuildActionExecutor$2.call(RunAsBuildOperationBuildActionExecutor.java:61)
	at org.gradle.internal.operations.DefaultBuildOperationRunner$CallableBuildOperationWorker.execute(DefaultBuildOperationRunner.java:209)
	at org.gradle.internal.operations.DefaultBuildOperationRunner$CallableBuildOperationWorker.execute(DefaultBuildOperationRunner.java:204)
	at org.gradle.internal.operations.DefaultBuildOperationRunner$2.execute(DefaultBuildOperationRunner.java:66)
	at org.gradle.internal.operations.DefaultBuildOperationRunner$2.execute(DefaultBuildOperationRunner.java:59)
	at org.gradle.internal.operations.DefaultBuildOperationRunner.execute(DefaultBuildOperationRunner.java:166)
	at org.gradle.internal.operations.DefaultBuildOperationRunner.execute(DefaultBuildOperationRunner.java:59)
	at org.gradle.internal.operations.DefaultBuildOperationRunner.call(DefaultBuildOperationRunner.java:53)
	at org.gradle.launcher.exec.RunAsBuildOperationBuildActionExecutor.execute(RunAsBuildOperationBuildActionExecutor.java:61)
	at org.gradle.launcher.exec.RunAsWorkerThreadBuildActionExecutor.lambda$execute$0(RunAsWorkerThreadBuildActionExecutor.java:36)
	at org.gradle.internal.work.DefaultWorkerLeaseService.lambda$withLocksAcquired$0(DefaultWorkerLeaseService.java:269)
	at org.gradle.internal.work.ResourceLockStatistics$1.measure(ResourceLockStatistics.java:42)
	at org.gradle.internal.work.DefaultWorkerLeaseService.withLocksAcquired(DefaultWorkerLeaseService.java:267)
	at org.gradle.internal.work.DefaultWorkerLeaseService.withLocks(DefaultWorkerLeaseService.java:259)
	at org.gradle.internal.work.DefaultWorkerLeaseService.runAsWorkerThread(DefaultWorkerLeaseService.java:127)
	at org.gradle.launcher.exec.RunAsWorkerThreadBuildActionExecutor.execute(RunAsWorkerThreadBuildActionExecutor.java:36)
	at org.gradle.tooling.internal.provider.continuous.ContinuousBuildActionExecutor.execute(ContinuousBuildActionExecutor.java:110)
	at org.gradle.tooling.internal.provider.SubscribableBuildActionExecutor.execute(SubscribableBuildActionExecutor.java:64)
	at org.gradle.internal.session.DefaultBuildSessionContext.execute(DefaultBuildSessionContext.java:46)
	at org.gradle.internal.buildprocess.execution.BuildSessionLifecycleBuildActionExecutor$ActionImpl.apply(BuildSessionLifecycleBuildActionExecutor.java:106)
	at org.gradle.internal.buildprocess.execution.BuildSessionLifecycleBuildActionExecutor$ActionImpl.apply(BuildSessionLifecycleBuildActionExecutor.java:94)
	at org.gradle.internal.session.BuildSessionState.run(BuildSessionState.java:73)
	at org.gradle.internal.buildprocess.execution.BuildSessionLifecycleBuildActionExecutor.execute(BuildSessionLifecycleBuildActionExecutor.java:67)
	at org.gradle.internal.buildprocess.execution.BuildSessionLifecycleBuildActionExecutor.execute(BuildSessionLifecycleBuildActionExecutor.java:45)
	at org.gradle.internal.buildprocess.execution.StartParamsValidatingActionExecutor.execute(StartParamsValidatingActionExecutor.java:57)
	at org.gradle.internal.buildprocess.execution.StartParamsValidatingActionExecutor.execute(StartParamsValidatingActionExecutor.java:32)
	at org.gradle.internal.buildprocess.execution.SessionFailureReportingActionExecutor.execute(SessionFailureReportingActionExecutor.java:51)
	at org.gradle.internal.buildprocess.execution.SessionFailureReportingActionExecutor.execute(SessionFailureReportingActionExecutor.java:39)
	at org.gradle.internal.buildprocess.execution.SetupLoggingActionExecutor.execute(SetupLoggingActionExecutor.java:47)
	at org.gradle.internal.buildprocess.execution.SetupLoggingActionExecutor.execute(SetupLoggingActionExecutor.java:31)
	at org.gradle.launcher.daemon.server.exec.ExecuteBuild.doBuild(ExecuteBuild.java:70)
	at org.gradle.launcher.daemon.server.exec.BuildCommandOnly.execute(BuildCommandOnly.java:37)
	at org.gradle.launcher.daemon.server.api.DaemonCommandExecution.proceed(DaemonCommandExecution.java:104)
	at org.gradle.launcher.daemon.server.exec.WatchForDisconnection.execute(WatchForDisconnection.java:39)
	at org.gradle.launcher.daemon.server.api.DaemonCommandExecution.proceed(DaemonCommandExecution.java:104)
	at org.gradle.launcher.daemon.server.exec.ResetDeprecationLogger.execute(ResetDeprecationLogger.java:29)
	at org.gradle.launcher.daemon.server.api.DaemonCommandExecution.proceed(DaemonCommandExecution.java:104)
	at org.gradle.launcher.daemon.server.exec.RequestStopIfSingleUsedDaemon.execute(RequestStopIfSingleUsedDaemon.java:35)
	at org.gradle.launcher.daemon.server.api.DaemonCommandExecution.proceed(DaemonCommandExecution.java:104)
	at org.gradle.launcher.daemon.server.exec.ForwardClientInput.lambda$execute$0(ForwardClientInput.java:40)
	at org.gradle.internal.daemon.clientinput.ClientInputForwarder.forwardInput(ClientInputForwarder.java:80)
	at org.gradle.launcher.daemon.server.exec.ForwardClientInput.execute(ForwardClientInput.java:37)
	at org.gradle.launcher.daemon.server.api.DaemonCommandExecution.proceed(DaemonCommandExecution.java:104)
	at org.gradle.launcher.daemon.server.exec.LogAndCheckHealth.execute(LogAndCheckHealth.java:53)
	at org.gradle.launcher.daemon.server.api.DaemonCommandExecution.proceed(DaemonCommandExecution.java:104)
	at org.gradle.launcher.daemon.server.exec.LogToClient.doBuild(LogToClient.java:63)
	at org.gradle.launcher.daemon.server.exec.BuildCommandOnly.execute(BuildCommandOnly.java:37)
	at org.gradle.launcher.daemon.server.api.DaemonCommandExecution.proceed(DaemonCommandExecution.java:104)
	at org.gradle.launcher.daemon.server.exec.EstablishBuildEnvironment.doBuild(EstablishBuildEnvironment.java:84)
	at org.gradle.launcher.daemon.server.exec.BuildCommandOnly.execute(BuildCommandOnly.java:37)
	at org.gradle.launcher.daemon.server.api.DaemonCommandExecution.proceed(DaemonCommandExecution.java:104)
	at org.gradle.launcher.daemon.server.exec.StartBuildOrRespondWithBusy$1.run(StartBuildOrRespondWithBusy.java:52)
	at org.gradle.launcher.daemon.server.DaemonStateCoordinator.lambda$runCommand$0(DaemonStateCoordinator.java:321)
	at org.gradle.internal.concurrent.ExecutorPolicy$CatchAndRecordFailures.onExecute(ExecutorPolicy.java:64)
	at org.gradle.internal.concurrent.AbstractManagedExecutor$1.run(AbstractManagedExecutor.java:47)
	at java.base/java.util.concurrent.ThreadPoolExecutor.runWorker(ThreadPoolExecutor.java:1136)
	at java.base/java.util.concurrent.ThreadPoolExecutor$Worker.run(ThreadPoolExecutor.java:635)
	at java.base/java.lang.Thread.run(Thread.java:840)
Caused by: org.gradle.api.resources.ResourceException: Could not get resource 'https://maven.myket.ir/io/netty/netty-codec-http/4.1.72.Final/netty-codec-http-4.1.72.Final.jar'.
	at org.gradle.internal.resource.ResourceExceptions.failure(ResourceExceptions.java:74)
	at org.gradle.internal.resource.ResourceExceptions.getFailed(ResourceExceptions.java:57)
	at org.gradle.api.internal.artifacts.repositories.resolver.DefaultExternalResourceArtifactResolver.downloadByCoords(DefaultExternalResourceArtifactResolver.java:154)
	at org.gradle.api.internal.artifacts.repositories.resolver.DefaultExternalResourceArtifactResolver.downloadStaticResource(DefaultExternalResourceArtifactResolver.java:94)
	at org.gradle.api.internal.artifacts.repositories.resolver.DefaultExternalResourceArtifactResolver.resolveArtifact(DefaultExternalResourceArtifactResolver.java:62)
	at org.gradle.api.internal.artifacts.repositories.resolver.ExternalResourceResolver$RemoteRepositoryAccess.resolveArtifact(ExternalResourceResolver.java:492)
	... 235 more
Caused by: org.gradle.internal.resource.transport.http.HttpRequestException: Could not GET 'https://maven.myket.ir/io/netty/netty-codec-http/4.1.72.Final/netty-codec-http-4.1.72.Final.jar'.
	at org.gradle.internal.resource.transport.http.HttpClientHelper.createHttpRequestException(HttpClientHelper.java:123)
	at org.gradle.internal.resource.transport.http.HttpClientHelper.performRequest(HttpClientHelper.java:117)
	at org.gradle.internal.resource.transport.http.HttpClientHelper.performRawGet(HttpClientHelper.java:99)
	at org.gradle.internal.resource.transport.http.HttpClientHelper.performGet(HttpClientHelper.java:104)
	at org.gradle.internal.resource.transport.http.HttpResourceAccessor.openResource(HttpResourceAccessor.java:45)
	at org.gradle.internal.resource.transport.http.HttpResourceAccessor.openResource(HttpResourceAccessor.java:30)
	at org.gradle.internal.resource.transfer.AbstractExternalResourceAccessor.withContent(AbstractExternalResourceAccessor.java:32)
	at org.gradle.internal.resource.transfer.DefaultExternalResourceConnector.withContent(DefaultExternalResourceConnector.java:59)
	at org.gradle.internal.resource.transfer.ProgressLoggingExternalResourceAccessor$DownloadOperation.call(ProgressLoggingExternalResourceAccessor.java:136)
	at org.gradle.internal.operations.DefaultBuildOperationRunner$CallableBuildOperationWorker.execute(DefaultBuildOperationRunner.java:209)
	at org.gradle.internal.operations.DefaultBuildOperationRunner$CallableBuildOperationWorker.execute(DefaultBuildOperationRunner.java:204)
	at org.gradle.internal.operations.DefaultBuildOperationRunner$2.execute(DefaultBuildOperationRunner.java:66)
	at org.gradle.internal.operations.DefaultBuildOperationRunner$2.execute(DefaultBuildOperationRunner.java:59)
	at org.gradle.internal.operations.DefaultBuildOperationRunner.execute(DefaultBuildOperationRunner.java:166)
	at org.gradle.internal.operations.DefaultBuildOperationRunner.execute(DefaultBuildOperationRunner.java:59)
	at org.gradle.internal.operations.DefaultBuildOperationRunner.call(DefaultBuildOperationRunner.java:53)
	at org.gradle.internal.resource.transfer.ProgressLoggingExternalResourceAccessor.withContent(ProgressLoggingExternalResourceAccessor.java:49)
	at org.gradle.internal.resource.transfer.AccessorBackedExternalResource.withContentIfPresent(AccessorBackedExternalResource.java:103)
	at org.gradle.internal.resource.transfer.DefaultCacheAwareExternalResourceAccessor.copyToCache(DefaultCacheAwareExternalResourceAccessor.java:188)
	at org.gradle.internal.resource.transfer.DefaultCacheAwareExternalResourceAccessor.lambda$getResource$1(DefaultCacheAwareExternalResourceAccessor.java:86)
	at org.gradle.cache.internal.ProducerGuard$AdaptiveProducerGuard.guardByKey(ProducerGuard.java:97)
	at org.gradle.internal.resource.transfer.DefaultCacheAwareExternalResourceAccessor.getResource(DefaultCacheAwareExternalResourceAccessor.java:80)
	at org.gradle.api.internal.artifacts.repositories.resolver.DefaultExternalResourceArtifactResolver.downloadByCoords(DefaultExternalResourceArtifactResolver.java:149)
	... 238 more
Caused by: java.net.UnknownHostException: maven.myket.ir
	at java.base/java.net.InetAddress$CachedAddresses.get(InetAddress.java:801)
	at java.base/java.net.InetAddress.getAllByName0(InetAddress.java:1533)
	at java.base/java.net.InetAddress.getAllByName(InetAddress.java:1385)
	at java.base/java.net.InetAddress.getAllByName(InetAddress.java:1306)
	at org.apache.http.impl.conn.SystemDefaultDnsResolver.resolve(SystemDefaultDnsResolver.java:45)
	at org.apache.http.impl.conn.DefaultHttpClientConnectionOperator.connect(DefaultHttpClientConnectionOperator.java:112)
	at org.apache.http.impl.conn.PoolingHttpClientConnectionManager.connect(PoolingHttpClientConnectionManager.java:376)
	at org.apache.http.impl.execchain.MainClientExec.establishRoute(MainClientExec.java:393)
	at org.apache.http.impl.execchain.MainClientExec.execute(MainClientExec.java:236)
	at org.apache.http.impl.execchain.ProtocolExec.execute(ProtocolExec.java:186)
	at org.apache.http.impl.execchain.RetryExec.execute(RetryExec.java:89)
	at org.apache.http.impl.execchain.RedirectExec.execute(RedirectExec.java:110)
	at org.apache.http.impl.client.InternalHttpClient.doExecute(InternalHttpClient.java:185)
	at org.apache.http.impl.client.CloseableHttpClient.execute(CloseableHttpClient.java:83)
	at org.gradle.internal.resource.transport.http.HttpClientHelper.performHttpRequest(HttpClientHelper.java:200)
	at org.gradle.internal.resource.transport.http.HttpClientHelper.performHttpRequest(HttpClientHelper.java:176)
	at org.gradle.internal.resource.transport.http.HttpClientHelper.executeGetOrHead(HttpClientHelper.java:165)
	at org.gradle.internal.resource.transport.http.HttpClientHelper.performRequest(HttpClientHelper.java:113)
	... 259 more
Cause 27: org.gradle.internal.resolve.ArtifactResolveException: Could not download netty-handler-4.1.72.Final.jar (io.netty:netty-handler:4.1.72.Final)
	at org.gradle.api.internal.artifacts.repositories.resolver.ExternalResourceResolver$RemoteRepositoryAccess.resolveArtifact(ExternalResourceResolver.java:499)
	at org.gradle.api.internal.artifacts.ivyservice.ivyresolve.CachingModuleComponentRepository$ResolveAndCacheRepositoryAccess.resolveArtifact(CachingModuleComponentRepository.java:470)
	at org.gradle.api.internal.artifacts.ivyservice.ivyresolve.ErrorHandlingModuleComponentRepository$ErrorHandlingModuleComponentRepositoryAccess.lambda$resolveArtifact$12(ErrorHandlingModuleComponentRepository.java:180)
	at org.gradle.api.internal.artifacts.ivyservice.ivyresolve.ErrorHandlingModuleComponentRepository$ErrorHandlingModuleComponentRepositoryAccess.tryResolveAndMaybeDisable(ErrorHandlingModuleComponentRepository.java:251)
	at org.gradle.api.internal.artifacts.ivyservice.ivyresolve.ErrorHandlingModuleComponentRepository$ErrorHandlingModuleComponentRepositoryAccess.performOperationWithRetries(ErrorHandlingModuleComponentRepository.java:204)
	at org.gradle.api.internal.artifacts.ivyservice.ivyresolve.ErrorHandlingModuleComponentRepository$ErrorHandlingModuleComponentRepositoryAccess.resolveArtifact(ErrorHandlingModuleComponentRepository.java:178)
	at org.gradle.api.internal.artifacts.ivyservice.ivyresolve.RepositoryChainArtifactResolver.resolveArtifactLater(RepositoryChainArtifactResolver.java:75)
	at org.gradle.api.internal.artifacts.ivyservice.ivyresolve.RepositoryChainArtifactResolver.lambda$resolveArtifact$0(RepositoryChainArtifactResolver.java:63)
	at org.gradle.internal.model.CalculatedValueContainerFactory$SupplierBackedCalculator.calculateValue(CalculatedValueContainerFactory.java:69)
	at org.gradle.internal.model.CalculatedValueContainer$CalculationState.lambda$attachValue$0(CalculatedValueContainer.java:227)
	at org.gradle.internal.Try.ofFailable(Try.java:46)
	at org.gradle.internal.model.CalculatedValueContainer$CalculationState.attachValue(CalculatedValueContainer.java:222)
	at org.gradle.internal.model.CalculatedValueContainer.finalizeIfNotAlready(CalculatedValueContainer.java:195)
	at org.gradle.internal.model.CalculatedValueContainer.finalizeIfNotAlready(CalculatedValueContainer.java:186)
	at org.gradle.api.internal.artifacts.ivyservice.resolveengine.artifact.ArtifactBackedResolvedVariant$DownloadArtifactFile.run(ArtifactBackedResolvedVariant.java:208)
	at org.gradle.internal.operations.DefaultBuildOperationRunner$2.execute(DefaultBuildOperationRunner.java:66)
	at org.gradle.internal.operations.DefaultBuildOperationRunner$2.execute(DefaultBuildOperationRunner.java:59)
	at org.gradle.internal.operations.DefaultBuildOperationRunner.execute(DefaultBuildOperationRunner.java:166)
	at org.gradle.internal.operations.DefaultBuildOperationRunner.execute(DefaultBuildOperationRunner.java:59)
	at org.gradle.internal.operations.DefaultBuildOperationExecutor.lambda$executeInParallel$0(DefaultBuildOperationExecutor.java:102)
	at org.gradle.internal.operations.DefaultBuildOperationQueue$WorkerRunnable.runOperation(DefaultBuildOperationQueue.java:292)
	at org.gradle.internal.operations.DefaultBuildOperationQueue$WorkerRunnable.doRunBatch(DefaultBuildOperationQueue.java:273)
	at org.gradle.internal.operations.DefaultBuildOperationQueue$WorkerRunnable.lambda$runBatch$0(DefaultBuildOperationQueue.java:258)
	at org.gradle.internal.resources.AbstractResourceLockRegistry.whileDisallowingLockChanges(AbstractResourceLockRegistry.java:50)
	at org.gradle.internal.work.DefaultWorkerLeaseService.whileDisallowingProjectLockChanges(DefaultWorkerLeaseService.java:233)
	at org.gradle.internal.operations.DefaultBuildOperationQueue$WorkerRunnable.lambda$runBatch$1(DefaultBuildOperationQueue.java:258)
	at org.gradle.internal.work.DefaultWorkerLeaseService.lambda$withLocksAcquired$0(DefaultWorkerLeaseService.java:269)
	at org.gradle.internal.work.ResourceLockStatistics$1.measure(ResourceLockStatistics.java:42)
	at org.gradle.internal.work.DefaultWorkerLeaseService.withLocksAcquired(DefaultWorkerLeaseService.java:267)
	at org.gradle.internal.work.DefaultWorkerLeaseService.withLocks(DefaultWorkerLeaseService.java:259)
	at org.gradle.internal.work.DefaultWorkerLeaseService.runAsWorkerThread(DefaultWorkerLeaseService.java:127)
	at org.gradle.internal.operations.DefaultBuildOperationQueue$WorkerRunnable.runBatch(DefaultBuildOperationQueue.java:244)
	at org.gradle.internal.operations.DefaultBuildOperationQueue$WorkerRunnable.runOperations(DefaultBuildOperationQueue.java:212)
	at org.gradle.internal.operations.CurrentBuildOperationRef.with(CurrentBuildOperationRef.java:84)
	at org.gradle.internal.operations.DefaultBuildOperationQueue$WorkerRunnable.run(DefaultBuildOperationQueue.java:205)
	at org.gradle.internal.concurrent.ExecutorPolicy$CatchAndRecordFailures.onExecute(ExecutorPolicy.java:64)
	at org.gradle.internal.concurrent.AbstractManagedExecutor$1.run(AbstractManagedExecutor.java:47)
	at java.base/java.util.concurrent.ThreadPoolExecutor.runWorker(ThreadPoolExecutor.java:1136)
	at java.base/java.util.concurrent.ThreadPoolExecutor$Worker.run(ThreadPoolExecutor.java:635)
	at java.base/java.lang.Thread.run(Thread.java:840)
Caused by: org.gradle.api.resources.ResourceException: Could not get resource 'https://maven.myket.ir/io/netty/netty-handler/4.1.72.Final/netty-handler-4.1.72.Final.jar'.
	at org.gradle.internal.resource.ResourceExceptions.failure(ResourceExceptions.java:74)
	at org.gradle.internal.resource.ResourceExceptions.getFailed(ResourceExceptions.java:57)
	at org.gradle.api.internal.artifacts.repositories.resolver.DefaultExternalResourceArtifactResolver.downloadByCoords(DefaultExternalResourceArtifactResolver.java:154)
	at org.gradle.api.internal.artifacts.repositories.resolver.DefaultExternalResourceArtifactResolver.downloadStaticResource(DefaultExternalResourceArtifactResolver.java:94)
	at org.gradle.api.internal.artifacts.repositories.resolver.DefaultExternalResourceArtifactResolver.resolveArtifact(DefaultExternalResourceArtifactResolver.java:62)
	at org.gradle.api.internal.artifacts.repositories.resolver.ExternalResourceResolver$RemoteRepositoryAccess.resolveArtifact(ExternalResourceResolver.java:492)
	... 39 more
Caused by: org.gradle.internal.resource.transport.http.HttpRequestException: Could not GET 'https://maven.myket.ir/io/netty/netty-handler/4.1.72.Final/netty-handler-4.1.72.Final.jar'.
	at org.gradle.internal.resource.transport.http.HttpClientHelper.createHttpRequestException(HttpClientHelper.java:123)
	at org.gradle.internal.resource.transport.http.HttpClientHelper.performRequest(HttpClientHelper.java:117)
	at org.gradle.internal.resource.transport.http.HttpClientHelper.performRawGet(HttpClientHelper.java:99)
	at org.gradle.internal.resource.transport.http.HttpClientHelper.performGet(HttpClientHelper.java:104)
	at org.gradle.internal.resource.transport.http.HttpResourceAccessor.openResource(HttpResourceAccessor.java:45)
	at org.gradle.internal.resource.transport.http.HttpResourceAccessor.openResource(HttpResourceAccessor.java:30)
	at org.gradle.internal.resource.transfer.AbstractExternalResourceAccessor.withContent(AbstractExternalResourceAccessor.java:32)
	at org.gradle.internal.resource.transfer.DefaultExternalResourceConnector.withContent(DefaultExternalResourceConnector.java:59)
	at org.gradle.internal.resource.transfer.ProgressLoggingExternalResourceAccessor$DownloadOperation.call(ProgressLoggingExternalResourceAccessor.java:136)
	at org.gradle.internal.operations.DefaultBuildOperationRunner$CallableBuildOperationWorker.execute(DefaultBuildOperationRunner.java:209)
	at org.gradle.internal.operations.DefaultBuildOperationRunner$CallableBuildOperationWorker.execute(DefaultBuildOperationRunner.java:204)
	at org.gradle.internal.operations.DefaultBuildOperationRunner$2.execute(DefaultBuildOperationRunner.java:66)
	at org.gradle.internal.operations.DefaultBuildOperationRunner$2.execute(DefaultBuildOperationRunner.java:59)
	at org.gradle.internal.operations.DefaultBuildOperationRunner.execute(DefaultBuildOperationRunner.java:166)
	at org.gradle.internal.operations.DefaultBuildOperationRunner.execute(DefaultBuildOperationRunner.java:59)
	at org.gradle.internal.operations.DefaultBuildOperationRunner.call(DefaultBuildOperationRunner.java:53)
	at org.gradle.internal.resource.transfer.ProgressLoggingExternalResourceAccessor.withContent(ProgressLoggingExternalResourceAccessor.java:49)
	at org.gradle.internal.resource.transfer.AccessorBackedExternalResource.withContentIfPresent(AccessorBackedExternalResource.java:103)
	at org.gradle.internal.resource.transfer.DefaultCacheAwareExternalResourceAccessor.copyToCache(DefaultCacheAwareExternalResourceAccessor.java:188)
	at org.gradle.internal.resource.transfer.DefaultCacheAwareExternalResourceAccessor.lambda$getResource$1(DefaultCacheAwareExternalResourceAccessor.java:86)
	at org.gradle.cache.internal.ProducerGuard$AdaptiveProducerGuard.guardByKey(ProducerGuard.java:97)
	at org.gradle.internal.resource.transfer.DefaultCacheAwareExternalResourceAccessor.getResource(DefaultCacheAwareExternalResourceAccessor.java:80)
	at org.gradle.api.internal.artifacts.repositories.resolver.DefaultExternalResourceArtifactResolver.downloadByCoords(DefaultExternalResourceArtifactResolver.java:149)
	... 42 more
Caused by: java.net.UnknownHostException: maven.myket.ir
	at java.base/java.net.InetAddress$CachedAddresses.get(InetAddress.java:801)
	at java.base/java.net.InetAddress.getAllByName0(InetAddress.java:1533)
	at java.base/java.net.InetAddress.getAllByName(InetAddress.java:1385)
	at java.base/java.net.InetAddress.getAllByName(InetAddress.java:1306)
	at org.apache.http.impl.conn.SystemDefaultDnsResolver.resolve(SystemDefaultDnsResolver.java:45)
	at org.apache.http.impl.conn.DefaultHttpClientConnectionOperator.connect(DefaultHttpClientConnectionOperator.java:112)
	at org.apache.http.impl.conn.PoolingHttpClientConnectionManager.connect(PoolingHttpClientConnectionManager.java:376)
	at org.apache.http.impl.execchain.MainClientExec.establishRoute(MainClientExec.java:393)
	at org.apache.http.impl.execchain.MainClientExec.execute(MainClientExec.java:236)
	at org.apache.http.impl.execchain.ProtocolExec.execute(ProtocolExec.java:186)
	at org.apache.http.impl.execchain.RetryExec.execute(RetryExec.java:89)
	at org.apache.http.impl.execchain.RedirectExec.execute(RedirectExec.java:110)
	at org.apache.http.impl.client.InternalHttpClient.doExecute(InternalHttpClient.java:185)
	at org.apache.http.impl.client.CloseableHttpClient.execute(CloseableHttpClient.java:83)
	at org.gradle.internal.resource.transport.http.HttpClientHelper.performHttpRequest(HttpClientHelper.java:200)
	at org.gradle.internal.resource.transport.http.HttpClientHelper.performHttpRequest(HttpClientHelper.java:176)
	at org.gradle.internal.resource.transport.http.HttpClientHelper.executeGetOrHead(HttpClientHelper.java:165)
	at org.gradle.internal.resource.transport.http.HttpClientHelper.performRequest(HttpClientHelper.java:113)
	... 63 more
Cause 28: org.gradle.internal.resolve.ArtifactResolveException: Could not download netty-codec-socks-4.1.72.Final.jar (io.netty:netty-codec-socks:4.1.72.Final)
	at org.gradle.api.internal.artifacts.repositories.resolver.ExternalResourceResolver$RemoteRepositoryAccess.resolveArtifact(ExternalResourceResolver.java:499)
	at org.gradle.api.internal.artifacts.ivyservice.ivyresolve.CachingModuleComponentRepository$ResolveAndCacheRepositoryAccess.resolveArtifact(CachingModuleComponentRepository.java:470)
	at org.gradle.api.internal.artifacts.ivyservice.ivyresolve.ErrorHandlingModuleComponentRepository$ErrorHandlingModuleComponentRepositoryAccess.lambda$resolveArtifact$12(ErrorHandlingModuleComponentRepository.java:180)
	at org.gradle.api.internal.artifacts.ivyservice.ivyresolve.ErrorHandlingModuleComponentRepository$ErrorHandlingModuleComponentRepositoryAccess.tryResolveAndMaybeDisable(ErrorHandlingModuleComponentRepository.java:251)
	at org.gradle.api.internal.artifacts.ivyservice.ivyresolve.ErrorHandlingModuleComponentRepository$ErrorHandlingModuleComponentRepositoryAccess.performOperationWithRetries(ErrorHandlingModuleComponentRepository.java:204)
	at org.gradle.api.internal.artifacts.ivyservice.ivyresolve.ErrorHandlingModuleComponentRepository$ErrorHandlingModuleComponentRepositoryAccess.resolveArtifact(ErrorHandlingModuleComponentRepository.java:178)
	at org.gradle.api.internal.artifacts.ivyservice.ivyresolve.RepositoryChainArtifactResolver.resolveArtifactLater(RepositoryChainArtifactResolver.java:75)
	at org.gradle.api.internal.artifacts.ivyservice.ivyresolve.RepositoryChainArtifactResolver.lambda$resolveArtifact$0(RepositoryChainArtifactResolver.java:63)
	at org.gradle.internal.model.CalculatedValueContainerFactory$SupplierBackedCalculator.calculateValue(CalculatedValueContainerFactory.java:69)
	at org.gradle.internal.model.CalculatedValueContainer$CalculationState.lambda$attachValue$0(CalculatedValueContainer.java:227)
	at org.gradle.internal.Try.ofFailable(Try.java:46)
	at org.gradle.internal.model.CalculatedValueContainer$CalculationState.attachValue(CalculatedValueContainer.java:222)
	at org.gradle.internal.model.CalculatedValueContainer.finalizeIfNotAlready(CalculatedValueContainer.java:195)
	at org.gradle.internal.model.CalculatedValueContainer.finalizeIfNotAlready(CalculatedValueContainer.java:186)
	at org.gradle.api.internal.artifacts.ivyservice.resolveengine.artifact.ArtifactBackedResolvedVariant$DownloadArtifactFile.run(ArtifactBackedResolvedVariant.java:208)
	at org.gradle.internal.operations.DefaultBuildOperationRunner$2.execute(DefaultBuildOperationRunner.java:66)
	at org.gradle.internal.operations.DefaultBuildOperationRunner$2.execute(DefaultBuildOperationRunner.java:59)
	at org.gradle.internal.operations.DefaultBuildOperationRunner.execute(DefaultBuildOperationRunner.java:166)
	at org.gradle.internal.operations.DefaultBuildOperationRunner.execute(DefaultBuildOperationRunner.java:59)
	at org.gradle.internal.operations.DefaultBuildOperationExecutor.lambda$executeInParallel$0(DefaultBuildOperationExecutor.java:102)
	at org.gradle.internal.operations.DefaultBuildOperationQueue$WorkerRunnable.runOperation(DefaultBuildOperationQueue.java:292)
	at org.gradle.internal.operations.DefaultBuildOperationQueue$WorkerRunnable.doRunBatch(DefaultBuildOperationQueue.java:273)
	at org.gradle.internal.operations.DefaultBuildOperationQueue$WorkerRunnable.lambda$runBatch$0(DefaultBuildOperationQueue.java:258)
	at org.gradle.internal.resources.AbstractResourceLockRegistry.whileDisallowingLockChanges(AbstractResourceLockRegistry.java:50)
	at org.gradle.internal.work.DefaultWorkerLeaseService.whileDisallowingProjectLockChanges(DefaultWorkerLeaseService.java:233)
	at org.gradle.internal.operations.DefaultBuildOperationQueue$WorkerRunnable.lambda$runBatch$1(DefaultBuildOperationQueue.java:258)
	at org.gradle.internal.work.DefaultWorkerLeaseService.lambda$withLocksAcquired$0(DefaultWorkerLeaseService.java:269)
	at org.gradle.internal.work.ResourceLockStatistics$1.measure(ResourceLockStatistics.java:42)
	at org.gradle.internal.work.DefaultWorkerLeaseService.withLocksAcquired(DefaultWorkerLeaseService.java:267)
	at org.gradle.internal.work.DefaultWorkerLeaseService.withLocks(DefaultWorkerLeaseService.java:259)
	at org.gradle.internal.work.DefaultWorkerLeaseService.runAsWorkerThread(DefaultWorkerLeaseService.java:127)
	at org.gradle.internal.operations.DefaultBuildOperationQueue$WorkerRunnable.runBatch(DefaultBuildOperationQueue.java:244)
	at org.gradle.internal.operations.DefaultBuildOperationQueue$WorkerRunnable.runOperations(DefaultBuildOperationQueue.java:212)
	at org.gradle.internal.operations.CurrentBuildOperationRef.with(CurrentBuildOperationRef.java:84)
	at org.gradle.internal.operations.DefaultBuildOperationQueue$WorkerRunnable.run(DefaultBuildOperationQueue.java:205)
	at org.gradle.internal.concurrent.ExecutorPolicy$CatchAndRecordFailures.onExecute(ExecutorPolicy.java:64)
	at org.gradle.internal.concurrent.AbstractManagedExecutor$1.run(AbstractManagedExecutor.java:47)
	at java.base/java.util.concurrent.ThreadPoolExecutor.runWorker(ThreadPoolExecutor.java:1136)
	at java.base/java.util.concurrent.ThreadPoolExecutor$Worker.run(ThreadPoolExecutor.java:635)
	at java.base/java.lang.Thread.run(Thread.java:840)
Caused by: org.gradle.api.resources.ResourceException: Could not get resource 'https://maven.myket.ir/io/netty/netty-codec-socks/4.1.72.Final/netty-codec-socks-4.1.72.Final.jar'.
	at org.gradle.internal.resource.ResourceExceptions.failure(ResourceExceptions.java:74)
	at org.gradle.internal.resource.ResourceExceptions.getFailed(ResourceExceptions.java:57)
	at org.gradle.api.internal.artifacts.repositories.resolver.DefaultExternalResourceArtifactResolver.downloadByCoords(DefaultExternalResourceArtifactResolver.java:154)
	at org.gradle.api.internal.artifacts.repositories.resolver.DefaultExternalResourceArtifactResolver.downloadStaticResource(DefaultExternalResourceArtifactResolver.java:94)
	at org.gradle.api.internal.artifacts.repositories.resolver.DefaultExternalResourceArtifactResolver.resolveArtifact(DefaultExternalResourceArtifactResolver.java:62)
	at org.gradle.api.internal.artifacts.repositories.resolver.ExternalResourceResolver$RemoteRepositoryAccess.resolveArtifact(ExternalResourceResolver.java:492)
	... 39 more
Caused by: org.gradle.internal.resource.transport.http.HttpRequestException: Could not GET 'https://maven.myket.ir/io/netty/netty-codec-socks/4.1.72.Final/netty-codec-socks-4.1.72.Final.jar'.
	at org.gradle.internal.resource.transport.http.HttpClientHelper.createHttpRequestException(HttpClientHelper.java:123)
	at org.gradle.internal.resource.transport.http.HttpClientHelper.performRequest(HttpClientHelper.java:117)
	at org.gradle.internal.resource.transport.http.HttpClientHelper.performRawGet(HttpClientHelper.java:99)
	at org.gradle.internal.resource.transport.http.HttpClientHelper.performGet(HttpClientHelper.java:104)
	at org.gradle.internal.resource.transport.http.HttpResourceAccessor.openResource(HttpResourceAccessor.java:45)
	at org.gradle.internal.resource.transport.http.HttpResourceAccessor.openResource(HttpResourceAccessor.java:30)
	at org.gradle.internal.resource.transfer.AbstractExternalResourceAccessor.withContent(AbstractExternalResourceAccessor.java:32)
	at org.gradle.internal.resource.transfer.DefaultExternalResourceConnector.withContent(DefaultExternalResourceConnector.java:59)
	at org.gradle.internal.resource.transfer.ProgressLoggingExternalResourceAccessor$DownloadOperation.call(ProgressLoggingExternalResourceAccessor.java:136)
	at org.gradle.internal.operations.DefaultBuildOperationRunner$CallableBuildOperationWorker.execute(DefaultBuildOperationRunner.java:209)
	at org.gradle.internal.operations.DefaultBuildOperationRunner$CallableBuildOperationWorker.execute(DefaultBuildOperationRunner.java:204)
	at org.gradle.internal.operations.DefaultBuildOperationRunner$2.execute(DefaultBuildOperationRunner.java:66)
	at org.gradle.internal.operations.DefaultBuildOperationRunner$2.execute(DefaultBuildOperationRunner.java:59)
	at org.gradle.internal.operations.DefaultBuildOperationRunner.execute(DefaultBuildOperationRunner.java:166)
	at org.gradle.internal.operations.DefaultBuildOperationRunner.execute(DefaultBuildOperationRunner.java:59)
	at org.gradle.internal.operations.DefaultBuildOperationRunner.call(DefaultBuildOperationRunner.java:53)
	at org.gradle.internal.resource.transfer.ProgressLoggingExternalResourceAccessor.withContent(ProgressLoggingExternalResourceAccessor.java:49)
	at org.gradle.internal.resource.transfer.AccessorBackedExternalResource.withContentIfPresent(AccessorBackedExternalResource.java:103)
	at org.gradle.internal.resource.transfer.DefaultCacheAwareExternalResourceAccessor.copyToCache(DefaultCacheAwareExternalResourceAccessor.java:188)
	at org.gradle.internal.resource.transfer.DefaultCacheAwareExternalResourceAccessor.lambda$getResource$1(DefaultCacheAwareExternalResourceAccessor.java:86)
	at org.gradle.cache.internal.ProducerGuard$AdaptiveProducerGuard.guardByKey(ProducerGuard.java:97)
	at org.gradle.internal.resource.transfer.DefaultCacheAwareExternalResourceAccessor.getResource(DefaultCacheAwareExternalResourceAccessor.java:80)
	at org.gradle.api.internal.artifacts.repositories.resolver.DefaultExternalResourceArtifactResolver.downloadByCoords(DefaultExternalResourceArtifactResolver.java:149)
	... 42 more
Caused by: java.net.UnknownHostException: maven.myket.ir
	at java.base/java.net.InetAddress$CachedAddresses.get(InetAddress.java:801)
	at java.base/java.net.InetAddress.getAllByName0(InetAddress.java:1533)
	at java.base/java.net.InetAddress.getAllByName(InetAddress.java:1385)
	at java.base/java.net.InetAddress.getAllByName(InetAddress.java:1306)
	at org.apache.http.impl.conn.SystemDefaultDnsResolver.resolve(SystemDefaultDnsResolver.java:45)
	at org.apache.http.impl.conn.DefaultHttpClientConnectionOperator.connect(DefaultHttpClientConnectionOperator.java:112)
	at org.apache.http.impl.conn.PoolingHttpClientConnectionManager.connect(PoolingHttpClientConnectionManager.java:376)
	at org.apache.http.impl.execchain.MainClientExec.establishRoute(MainClientExec.java:393)
	at org.apache.http.impl.execchain.MainClientExec.execute(MainClientExec.java:236)
	at org.apache.http.impl.execchain.ProtocolExec.execute(ProtocolExec.java:186)
	at org.apache.http.impl.execchain.RetryExec.execute(RetryExec.java:89)
	at org.apache.http.impl.execchain.RedirectExec.execute(RedirectExec.java:110)
	at org.apache.http.impl.client.InternalHttpClient.doExecute(InternalHttpClient.java:185)
	at org.apache.http.impl.client.CloseableHttpClient.execute(CloseableHttpClient.java:83)
	at org.gradle.internal.resource.transport.http.HttpClientHelper.performHttpRequest(HttpClientHelper.java:200)
	at org.gradle.internal.resource.transport.http.HttpClientHelper.performHttpRequest(HttpClientHelper.java:176)
	at org.gradle.internal.resource.transport.http.HttpClientHelper.executeGetOrHead(HttpClientHelper.java:165)
	at org.gradle.internal.resource.transport.http.HttpClientHelper.performRequest(HttpClientHelper.java:113)
	... 63 more
Cause 29: org.gradle.internal.resolve.ArtifactResolveException: Could not download netty-codec-4.1.72.Final.jar (io.netty:netty-codec:4.1.72.Final)
	at org.gradle.api.internal.artifacts.repositories.resolver.ExternalResourceResolver$RemoteRepositoryAccess.resolveArtifact(ExternalResourceResolver.java:499)
	at org.gradle.api.internal.artifacts.ivyservice.ivyresolve.CachingModuleComponentRepository$ResolveAndCacheRepositoryAccess.resolveArtifact(CachingModuleComponentRepository.java:470)
	at org.gradle.api.internal.artifacts.ivyservice.ivyresolve.ErrorHandlingModuleComponentRepository$ErrorHandlingModuleComponentRepositoryAccess.lambda$resolveArtifact$12(ErrorHandlingModuleComponentRepository.java:180)
	at org.gradle.api.internal.artifacts.ivyservice.ivyresolve.ErrorHandlingModuleComponentRepository$ErrorHandlingModuleComponentRepositoryAccess.tryResolveAndMaybeDisable(ErrorHandlingModuleComponentRepository.java:251)
	at org.gradle.api.internal.artifacts.ivyservice.ivyresolve.ErrorHandlingModuleComponentRepository$ErrorHandlingModuleComponentRepositoryAccess.performOperationWithRetries(ErrorHandlingModuleComponentRepository.java:204)
	at org.gradle.api.internal.artifacts.ivyservice.ivyresolve.ErrorHandlingModuleComponentRepository$ErrorHandlingModuleComponentRepositoryAccess.resolveArtifact(ErrorHandlingModuleComponentRepository.java:178)
	at org.gradle.api.internal.artifacts.ivyservice.ivyresolve.RepositoryChainArtifactResolver.resolveArtifactLater(RepositoryChainArtifactResolver.java:75)
	at org.gradle.api.internal.artifacts.ivyservice.ivyresolve.RepositoryChainArtifactResolver.lambda$resolveArtifact$0(RepositoryChainArtifactResolver.java:63)
	at org.gradle.internal.model.CalculatedValueContainerFactory$SupplierBackedCalculator.calculateValue(CalculatedValueContainerFactory.java:69)
	at org.gradle.internal.model.CalculatedValueContainer$CalculationState.lambda$attachValue$0(CalculatedValueContainer.java:227)
	at org.gradle.internal.Try.ofFailable(Try.java:46)
	at org.gradle.internal.model.CalculatedValueContainer$CalculationState.attachValue(CalculatedValueContainer.java:222)
	at org.gradle.internal.model.CalculatedValueContainer.finalizeIfNotAlready(CalculatedValueContainer.java:195)
	at org.gradle.internal.model.CalculatedValueContainer.finalizeIfNotAlready(CalculatedValueContainer.java:186)
	at org.gradle.api.internal.artifacts.ivyservice.resolveengine.artifact.ArtifactBackedResolvedVariant$DownloadArtifactFile.run(ArtifactBackedResolvedVariant.java:208)
	at org.gradle.internal.operations.DefaultBuildOperationRunner$2.execute(DefaultBuildOperationRunner.java:66)
	at org.gradle.internal.operations.DefaultBuildOperationRunner$2.execute(DefaultBuildOperationRunner.java:59)
	at org.gradle.internal.operations.DefaultBuildOperationRunner.execute(DefaultBuildOperationRunner.java:166)
	at org.gradle.internal.operations.DefaultBuildOperationRunner.execute(DefaultBuildOperationRunner.java:59)
	at org.gradle.internal.operations.DefaultBuildOperationExecutor.lambda$executeInParallel$0(DefaultBuildOperationExecutor.java:102)
	at org.gradle.internal.operations.DefaultBuildOperationQueue$WorkerRunnable.runOperation(DefaultBuildOperationQueue.java:292)
	at org.gradle.internal.operations.DefaultBuildOperationQueue$WorkerRunnable.doRunBatch(DefaultBuildOperationQueue.java:273)
	at org.gradle.internal.operations.DefaultBuildOperationQueue$WorkerRunnable.lambda$runBatch$0(DefaultBuildOperationQueue.java:258)
	at org.gradle.internal.resources.AbstractResourceLockRegistry.whileDisallowingLockChanges(AbstractResourceLockRegistry.java:50)
	at org.gradle.internal.work.DefaultWorkerLeaseService.whileDisallowingProjectLockChanges(DefaultWorkerLeaseService.java:233)
	at org.gradle.internal.operations.DefaultBuildOperationQueue$WorkerRunnable.lambda$runBatch$1(DefaultBuildOperationQueue.java:258)
	at org.gradle.internal.work.DefaultWorkerLeaseService.lambda$withLocksAcquired$0(DefaultWorkerLeaseService.java:269)
	at org.gradle.internal.work.ResourceLockStatistics$1.measure(ResourceLockStatistics.java:42)
	at org.gradle.internal.work.DefaultWorkerLeaseService.withLocksAcquired(DefaultWorkerLeaseService.java:267)
	at org.gradle.internal.work.DefaultWorkerLeaseService.withLocks(DefaultWorkerLeaseService.java:259)
	at org.gradle.internal.work.DefaultWorkerLeaseService.runAsWorkerThread(DefaultWorkerLeaseService.java:127)
	at org.gradle.internal.operations.DefaultBuildOperationQueue$WorkerRunnable.runBatch(DefaultBuildOperationQueue.java:244)
	at org.gradle.internal.operations.DefaultBuildOperationQueue$WorkerRunnable.runOperations(DefaultBuildOperationQueue.java:212)
	at org.gradle.internal.operations.CurrentBuildOperationRef.with(CurrentBuildOperationRef.java:84)
	at org.gradle.internal.operations.DefaultBuildOperationQueue$WorkerRunnable.run(DefaultBuildOperationQueue.java:205)
	at org.gradle.internal.concurrent.ExecutorPolicy$CatchAndRecordFailures.onExecute(ExecutorPolicy.java:64)
	at org.gradle.internal.concurrent.AbstractManagedExecutor$1.run(AbstractManagedExecutor.java:47)
	at java.base/java.util.concurrent.ThreadPoolExecutor.runWorker(ThreadPoolExecutor.java:1136)
	at java.base/java.util.concurrent.ThreadPoolExecutor$Worker.run(ThreadPoolExecutor.java:635)
	at java.base/java.lang.Thread.run(Thread.java:840)
Caused by: org.gradle.api.resources.ResourceException: Could not get resource 'https://maven.myket.ir/io/netty/netty-codec/4.1.72.Final/netty-codec-4.1.72.Final.jar'.
	at org.gradle.internal.resource.ResourceExceptions.failure(ResourceExceptions.java:74)
	at org.gradle.internal.resource.ResourceExceptions.getFailed(ResourceExceptions.java:57)
	at org.gradle.api.internal.artifacts.repositories.resolver.DefaultExternalResourceArtifactResolver.downloadByCoords(DefaultExternalResourceArtifactResolver.java:154)
	at org.gradle.api.internal.artifacts.repositories.resolver.DefaultExternalResourceArtifactResolver.downloadStaticResource(DefaultExternalResourceArtifactResolver.java:94)
	at org.gradle.api.internal.artifacts.repositories.resolver.DefaultExternalResourceArtifactResolver.resolveArtifact(DefaultExternalResourceArtifactResolver.java:62)
	at org.gradle.api.internal.artifacts.repositories.resolver.ExternalResourceResolver$RemoteRepositoryAccess.resolveArtifact(ExternalResourceResolver.java:492)
	... 39 more
Caused by: org.gradle.internal.resource.transport.http.HttpRequestException: Could not GET 'https://maven.myket.ir/io/netty/netty-codec/4.1.72.Final/netty-codec-4.1.72.Final.jar'.
	at org.gradle.internal.resource.transport.http.HttpClientHelper.createHttpRequestException(HttpClientHelper.java:123)
	at org.gradle.internal.resource.transport.http.HttpClientHelper.performRequest(HttpClientHelper.java:117)
	at org.gradle.internal.resource.transport.http.HttpClientHelper.performRawGet(HttpClientHelper.java:99)
	at org.gradle.internal.resource.transport.http.HttpClientHelper.performGet(HttpClientHelper.java:104)
	at org.gradle.internal.resource.transport.http.HttpResourceAccessor.openResource(HttpResourceAccessor.java:45)
	at org.gradle.internal.resource.transport.http.HttpResourceAccessor.openResource(HttpResourceAccessor.java:30)
	at org.gradle.internal.resource.transfer.AbstractExternalResourceAccessor.withContent(AbstractExternalResourceAccessor.java:32)
	at org.gradle.internal.resource.transfer.DefaultExternalResourceConnector.withContent(DefaultExternalResourceConnector.java:59)
	at org.gradle.internal.resource.transfer.ProgressLoggingExternalResourceAccessor$DownloadOperation.call(ProgressLoggingExternalResourceAccessor.java:136)
	at org.gradle.internal.operations.DefaultBuildOperationRunner$CallableBuildOperationWorker.execute(DefaultBuildOperationRunner.java:209)
	at org.gradle.internal.operations.DefaultBuildOperationRunner$CallableBuildOperationWorker.execute(DefaultBuildOperationRunner.java:204)
	at org.gradle.internal.operations.DefaultBuildOperationRunner$2.execute(DefaultBuildOperationRunner.java:66)
	at org.gradle.internal.operations.DefaultBuildOperationRunner$2.execute(DefaultBuildOperationRunner.java:59)
	at org.gradle.internal.operations.DefaultBuildOperationRunner.execute(DefaultBuildOperationRunner.java:166)
	at org.gradle.internal.operations.DefaultBuildOperationRunner.execute(DefaultBuildOperationRunner.java:59)
	at org.gradle.internal.operations.DefaultBuildOperationRunner.call(DefaultBuildOperationRunner.java:53)
	at org.gradle.internal.resource.transfer.ProgressLoggingExternalResourceAccessor.withContent(ProgressLoggingExternalResourceAccessor.java:49)
	at org.gradle.internal.resource.transfer.AccessorBackedExternalResource.withContentIfPresent(AccessorBackedExternalResource.java:103)
	at org.gradle.internal.resource.transfer.DefaultCacheAwareExternalResourceAccessor.copyToCache(DefaultCacheAwareExternalResourceAccessor.java:188)
	at org.gradle.internal.resource.transfer.DefaultCacheAwareExternalResourceAccessor.lambda$getResource$1(DefaultCacheAwareExternalResourceAccessor.java:86)
	at org.gradle.cache.internal.ProducerGuard$AdaptiveProducerGuard.guardByKey(ProducerGuard.java:97)
	at org.gradle.internal.resource.transfer.DefaultCacheAwareExternalResourceAccessor.getResource(DefaultCacheAwareExternalResourceAccessor.java:80)
	at org.gradle.api.internal.artifacts.repositories.resolver.DefaultExternalResourceArtifactResolver.downloadByCoords(DefaultExternalResourceArtifactResolver.java:149)
	... 42 more
Caused by: java.net.UnknownHostException: maven.myket.ir
	at java.base/java.net.InetAddress$CachedAddresses.get(InetAddress.java:801)
	at java.base/java.net.InetAddress.getAllByName0(InetAddress.java:1533)
	at java.base/java.net.InetAddress.getAllByName(InetAddress.java:1385)
	at java.base/java.net.InetAddress.getAllByName(InetAddress.java:1306)
	at org.apache.http.impl.conn.SystemDefaultDnsResolver.resolve(SystemDefaultDnsResolver.java:45)
	at org.apache.http.impl.conn.DefaultHttpClientConnectionOperator.connect(DefaultHttpClientConnectionOperator.java:112)
	at org.apache.http.impl.conn.PoolingHttpClientConnectionManager.connect(PoolingHttpClientConnectionManager.java:376)
	at org.apache.http.impl.execchain.MainClientExec.establishRoute(MainClientExec.java:393)
	at org.apache.http.impl.execchain.MainClientExec.execute(MainClientExec.java:236)
	at org.apache.http.impl.execchain.ProtocolExec.execute(ProtocolExec.java:186)
	at org.apache.http.impl.execchain.RetryExec.execute(RetryExec.java:89)
	at org.apache.http.impl.execchain.RedirectExec.execute(RedirectExec.java:110)
	at org.apache.http.impl.client.InternalHttpClient.doExecute(InternalHttpClient.java:185)
	at org.apache.http.impl.client.CloseableHttpClient.execute(CloseableHttpClient.java:83)
	at org.gradle.internal.resource.transport.http.HttpClientHelper.performHttpRequest(HttpClientHelper.java:200)
	at org.gradle.internal.resource.transport.http.HttpClientHelper.performHttpRequest(HttpClientHelper.java:176)
	at org.gradle.internal.resource.transport.http.HttpClientHelper.executeGetOrHead(HttpClientHelper.java:165)
	at org.gradle.internal.resource.transport.http.HttpClientHelper.performRequest(HttpClientHelper.java:113)
	... 63 more
Cause 30: org.gradle.internal.resolve.ArtifactResolveException: Could not download netty-transport-4.1.72.Final.jar (io.netty:netty-transport:4.1.72.Final)
	at org.gradle.api.internal.artifacts.repositories.resolver.ExternalResourceResolver$RemoteRepositoryAccess.resolveArtifact(ExternalResourceResolver.java:499)
	at org.gradle.api.internal.artifacts.ivyservice.ivyresolve.CachingModuleComponentRepository$ResolveAndCacheRepositoryAccess.resolveArtifact(CachingModuleComponentRepository.java:470)
	at org.gradle.api.internal.artifacts.ivyservice.ivyresolve.ErrorHandlingModuleComponentRepository$ErrorHandlingModuleComponentRepositoryAccess.lambda$resolveArtifact$12(ErrorHandlingModuleComponentRepository.java:180)
	at org.gradle.api.internal.artifacts.ivyservice.ivyresolve.ErrorHandlingModuleComponentRepository$ErrorHandlingModuleComponentRepositoryAccess.tryResolveAndMaybeDisable(ErrorHandlingModuleComponentRepository.java:251)
	at org.gradle.api.internal.artifacts.ivyservice.ivyresolve.ErrorHandlingModuleComponentRepository$ErrorHandlingModuleComponentRepositoryAccess.performOperationWithRetries(ErrorHandlingModuleComponentRepository.java:204)
	at org.gradle.api.internal.artifacts.ivyservice.ivyresolve.ErrorHandlingModuleComponentRepository$ErrorHandlingModuleComponentRepositoryAccess.resolveArtifact(ErrorHandlingModuleComponentRepository.java:178)
	at org.gradle.api.internal.artifacts.ivyservice.ivyresolve.RepositoryChainArtifactResolver.resolveArtifactLater(RepositoryChainArtifactResolver.java:75)
	at org.gradle.api.internal.artifacts.ivyservice.ivyresolve.RepositoryChainArtifactResolver.lambda$resolveArtifact$0(RepositoryChainArtifactResolver.java:63)
	at org.gradle.internal.model.CalculatedValueContainerFactory$SupplierBackedCalculator.calculateValue(CalculatedValueContainerFactory.java:69)
	at org.gradle.internal.model.CalculatedValueContainer$CalculationState.lambda$attachValue$0(CalculatedValueContainer.java:227)
	at org.gradle.internal.Try.ofFailable(Try.java:46)
	at org.gradle.internal.model.CalculatedValueContainer$CalculationState.attachValue(CalculatedValueContainer.java:222)
	at org.gradle.internal.model.CalculatedValueContainer.finalizeIfNotAlready(CalculatedValueContainer.java:195)
	at org.gradle.internal.model.CalculatedValueContainer.finalizeIfNotAlready(CalculatedValueContainer.java:186)
	at org.gradle.api.internal.artifacts.ivyservice.resolveengine.artifact.ArtifactBackedResolvedVariant$DownloadArtifactFile.run(ArtifactBackedResolvedVariant.java:208)
	at org.gradle.internal.operations.DefaultBuildOperationRunner$2.execute(DefaultBuildOperationRunner.java:66)
	at org.gradle.internal.operations.DefaultBuildOperationRunner$2.execute(DefaultBuildOperationRunner.java:59)
	at org.gradle.internal.operations.DefaultBuildOperationRunner.execute(DefaultBuildOperationRunner.java:166)
	at org.gradle.internal.operations.DefaultBuildOperationRunner.execute(DefaultBuildOperationRunner.java:59)
	at org.gradle.internal.operations.DefaultBuildOperationExecutor.lambda$executeInParallel$0(DefaultBuildOperationExecutor.java:102)
	at org.gradle.internal.operations.DefaultBuildOperationQueue$WorkerRunnable.runOperation(DefaultBuildOperationQueue.java:292)
	at org.gradle.internal.operations.DefaultBuildOperationQueue$WorkerRunnable.doRunBatch(DefaultBuildOperationQueue.java:273)
	at org.gradle.internal.operations.DefaultBuildOperationQueue$WorkerRunnable.lambda$runBatch$0(DefaultBuildOperationQueue.java:258)
	at org.gradle.internal.resources.AbstractResourceLockRegistry.whileDisallowingLockChanges(AbstractResourceLockRegistry.java:50)
	at org.gradle.internal.work.DefaultWorkerLeaseService.whileDisallowingProjectLockChanges(DefaultWorkerLeaseService.java:233)
	at org.gradle.internal.operations.DefaultBuildOperationQueue$WorkerRunnable.lambda$runBatch$1(DefaultBuildOperationQueue.java:258)
	at org.gradle.internal.work.DefaultWorkerLeaseService.runAsWorkerThread(DefaultWorkerLeaseService.java:125)
	at org.gradle.internal.operations.DefaultBuildOperationQueue$WorkerRunnable.runBatch(DefaultBuildOperationQueue.java:244)
	at org.gradle.internal.operations.DefaultBuildOperationQueue$WorkerRunnable.runOperations(DefaultBuildOperationQueue.java:212)
	at org.gradle.internal.operations.CurrentBuildOperationRef.with(CurrentBuildOperationRef.java:84)
	at org.gradle.internal.operations.DefaultBuildOperationQueue$WorkerRunnable.run(DefaultBuildOperationQueue.java:205)
	at org.gradle.internal.operations.DefaultBuildOperationQueue.waitForCompletion(DefaultBuildOperationQueue.java:114)
	at org.gradle.internal.operations.DefaultBuildOperationExecutor.executeInParallel(DefaultBuildOperationExecutor.java:115)
	at org.gradle.internal.operations.DefaultBuildOperationExecutor.runAll(DefaultBuildOperationExecutor.java:64)
	at org.gradle.api.internal.artifacts.ivyservice.resolveengine.artifact.ParallelResolveArtifactSet$VisitingSet.visit(ParallelResolveArtifactSet.java:66)
	at org.gradle.api.internal.artifacts.ivyservice.resolveengine.artifact.ResolvedArtifactSetResolver$1.run(ResolvedArtifactSetResolver.java:68)
	at org.gradle.internal.operations.DefaultBuildOperationRunner$1.execute(DefaultBuildOperationRunner.java:29)
	at org.gradle.internal.operations.DefaultBuildOperationRunner$1.execute(DefaultBuildOperationRunner.java:26)
	at org.gradle.internal.operations.DefaultBuildOperationRunner$2.execute(DefaultBuildOperationRunner.java:66)
	at org.gradle.internal.operations.DefaultBuildOperationRunner$2.execute(DefaultBuildOperationRunner.java:59)
	at org.gradle.internal.operations.DefaultBuildOperationRunner.execute(DefaultBuildOperationRunner.java:166)
	at org.gradle.internal.operations.DefaultBuildOperationRunner.execute(DefaultBuildOperationRunner.java:59)
	at org.gradle.internal.operations.DefaultBuildOperationRunner.run(DefaultBuildOperationRunner.java:47)
	at org.gradle.api.internal.artifacts.ivyservice.resolveengine.artifact.ResolvedArtifactSetResolver.visitArtifacts(ResolvedArtifactSetResolver.java:65)
	at org.gradle.api.internal.artifacts.ivyservice.resolveengine.artifact.ResolvedArtifactSetResolver.lambda$visitInUnmanagedWorkerThread$0(ResolvedArtifactSetResolver.java:61)
	at org.gradle.internal.work.DefaultWorkerLeaseService.runAsUnmanagedWorkerThread(DefaultWorkerLeaseService.java:139)
	at org.gradle.api.internal.artifacts.ivyservice.resolveengine.artifact.ResolvedArtifactSetResolver.visitInUnmanagedWorkerThread(ResolvedArtifactSetResolver.java:61)
	at org.gradle.api.internal.artifacts.ivyservice.resolveengine.artifact.DefaultSelectedArtifactSet.visitArtifacts(DefaultSelectedArtifactSet.java:59)
	at org.gradle.api.internal.artifacts.configurations.ResolutionResultProviderBackedSelectedArtifactSet.visitArtifacts(ResolutionResultProviderBackedSelectedArtifactSet.java:52)
	at org.gradle.api.internal.artifacts.configurations.DefaultArtifactCollection.lambda$new$0(DefaultArtifactCollection.java:61)
	at org.gradle.internal.model.CalculatedValueContainerFactory$SupplierBackedCalculator.calculateValue(CalculatedValueContainerFactory.java:69)
	at org.gradle.internal.model.CalculatedValueContainer$CalculationState.lambda$attachValue$0(CalculatedValueContainer.java:227)
	at org.gradle.internal.Try.ofFailable(Try.java:46)
	at org.gradle.internal.model.CalculatedValueContainer$CalculationState.attachValue(CalculatedValueContainer.java:222)
	at org.gradle.internal.model.CalculatedValueContainer.finalizeIfNotAlready(CalculatedValueContainer.java:195)
	at org.gradle.internal.model.CalculatedValueContainer.finalizeIfNotAlready(CalculatedValueContainer.java:186)
	at org.gradle.api.internal.artifacts.configurations.DefaultArtifactCollection.ensureResolved(DefaultArtifactCollection.java:123)
	at org.gradle.api.internal.artifacts.configurations.DefaultArtifactCollection.getArtifacts(DefaultArtifactCollection.java:95)
	at org.gradle.api.internal.initialization.transform.utils.InstrumentationClasspathMerger.mergeToClasspath(InstrumentationClasspathMerger.java:52)
	at org.gradle.api.internal.initialization.DefaultScriptClassPathResolver.resolveClassPath(DefaultScriptClassPathResolver.java:155)
	at org.gradle.api.internal.initialization.DefaultBuildLogicBuilder.lambda$resolveClassPath$0(DefaultBuildLogicBuilder.java:64)
	at org.gradle.api.internal.initialization.DefaultBuildLogicBuildQueue.build(DefaultBuildLogicBuildQueue.java:69)
	at org.gradle.api.internal.initialization.DefaultBuildLogicBuilder.resolveClassPath(DefaultBuildLogicBuilder.java:61)
	at org.gradle.api.internal.initialization.DefaultScriptHandler.lambda$getInstrumentedScriptClassPath$0(DefaultScriptHandler.java:108)
	at org.gradle.api.internal.artifacts.configurations.DefaultConfiguration.callAndResetResolutionState(DefaultConfiguration.java:758)
	at org.gradle.api.internal.initialization.DefaultScriptHandler.getInstrumentedScriptClassPath(DefaultScriptHandler.java:112)
	at org.gradle.plugin.use.internal.DefaultPluginRequestApplicator.applyPlugins(DefaultPluginRequestApplicator.java:87)
	at org.gradle.configuration.DefaultScriptPluginFactory$ScriptPluginImpl.apply(DefaultScriptPluginFactory.java:123)
	at org.gradle.configuration.BuildOperationScriptPlugin$1.run(BuildOperationScriptPlugin.java:68)
	at org.gradle.internal.operations.DefaultBuildOperationRunner$1.execute(DefaultBuildOperationRunner.java:29)
	at org.gradle.internal.operations.DefaultBuildOperationRunner$1.execute(DefaultBuildOperationRunner.java:26)
	at org.gradle.internal.operations.DefaultBuildOperationRunner$2.execute(DefaultBuildOperationRunner.java:66)
	at org.gradle.internal.operations.DefaultBuildOperationRunner$2.execute(DefaultBuildOperationRunner.java:59)
	at org.gradle.internal.operations.DefaultBuildOperationRunner.execute(DefaultBuildOperationRunner.java:166)
	at org.gradle.internal.operations.DefaultBuildOperationRunner.execute(DefaultBuildOperationRunner.java:59)
	at org.gradle.internal.operations.DefaultBuildOperationRunner.run(DefaultBuildOperationRunner.java:47)
	at org.gradle.configuration.BuildOperationScriptPlugin.lambda$apply$0(BuildOperationScriptPlugin.java:65)
	at org.gradle.internal.code.DefaultUserCodeApplicationContext.apply(DefaultUserCodeApplicationContext.java:44)
	at org.gradle.configuration.BuildOperationScriptPlugin.apply(BuildOperationScriptPlugin.java:65)
	at org.gradle.api.internal.project.DefaultProjectStateRegistry$ProjectStateImpl.lambda$applyToMutableState$0(DefaultProjectStateRegistry.java:443)
	at org.gradle.api.internal.project.DefaultProjectStateRegistry$ProjectStateImpl.lambda$fromMutableState$1(DefaultProjectStateRegistry.java:450)
	at org.gradle.api.internal.project.DefaultProjectStateRegistry$ProjectStateImpl.runWithModelLock(DefaultProjectStateRegistry.java:466)
	at org.gradle.api.internal.project.DefaultProjectStateRegistry$ProjectStateImpl.fromMutableState(DefaultProjectStateRegistry.java:450)
	at org.gradle.api.internal.project.DefaultProjectStateRegistry$ProjectStateImpl.applyToMutableState(DefaultProjectStateRegistry.java:442)
	at org.gradle.configuration.project.BuildScriptProcessor.execute(BuildScriptProcessor.java:46)
	at org.gradle.configuration.project.BuildScriptProcessor.execute(BuildScriptProcessor.java:27)
	at org.gradle.configuration.project.ConfigureActionsProjectEvaluator.evaluate(ConfigureActionsProjectEvaluator.java:35)
	at org.gradle.configuration.project.LifecycleProjectEvaluator$EvaluateProject.lambda$run$0(LifecycleProjectEvaluator.java:109)
	at org.gradle.api.internal.project.DefaultProjectStateRegistry$ProjectStateImpl.lambda$applyToMutableState$0(DefaultProjectStateRegistry.java:443)
	at org.gradle.api.internal.project.DefaultProjectStateRegistry$ProjectStateImpl.lambda$fromMutableState$1(DefaultProjectStateRegistry.java:450)
	at org.gradle.internal.work.DefaultWorkerLeaseService.lambda$withLocksAcquired$0(DefaultWorkerLeaseService.java:269)
	at org.gradle.internal.work.ResourceLockStatistics$1.measure(ResourceLockStatistics.java:42)
	at org.gradle.internal.work.DefaultWorkerLeaseService.withLocksAcquired(DefaultWorkerLeaseService.java:267)
	at org.gradle.internal.work.DefaultWorkerLeaseService.lambda$withReplacedLocks$3(DefaultWorkerLeaseService.java:365)
	at org.gradle.internal.work.DefaultWorkerLeaseService.withoutLocks(DefaultWorkerLeaseService.java:337)
	at org.gradle.internal.work.DefaultWorkerLeaseService.withReplacedLocks(DefaultWorkerLeaseService.java:364)
	at org.gradle.api.internal.project.DefaultProjectStateRegistry$ProjectStateImpl.runWithModelLock(DefaultProjectStateRegistry.java:471)
	at org.gradle.api.internal.project.DefaultProjectStateRegistry$ProjectStateImpl.fromMutableState(DefaultProjectStateRegistry.java:450)
	at org.gradle.api.internal.project.DefaultProjectStateRegistry$ProjectStateImpl.applyToMutableState(DefaultProjectStateRegistry.java:442)
	at org.gradle.configuration.project.LifecycleProjectEvaluator$EvaluateProject.run(LifecycleProjectEvaluator.java:100)
	at org.gradle.internal.operations.DefaultBuildOperationRunner$1.execute(DefaultBuildOperationRunner.java:29)
	at org.gradle.internal.operations.DefaultBuildOperationRunner$1.execute(DefaultBuildOperationRunner.java:26)
	at org.gradle.internal.operations.DefaultBuildOperationRunner$2.execute(DefaultBuildOperationRunner.java:66)
	at org.gradle.internal.operations.DefaultBuildOperationRunner$2.execute(DefaultBuildOperationRunner.java:59)
	at org.gradle.internal.operations.DefaultBuildOperationRunner.execute(DefaultBuildOperationRunner.java:166)
	at org.gradle.internal.operations.DefaultBuildOperationRunner.execute(DefaultBuildOperationRunner.java:59)
	at org.gradle.internal.operations.DefaultBuildOperationRunner.run(DefaultBuildOperationRunner.java:47)
	at org.gradle.configuration.project.LifecycleProjectEvaluator.evaluate(LifecycleProjectEvaluator.java:72)
	at org.gradle.api.internal.project.DefaultProject.evaluateUnchecked(DefaultProject.java:796)
	at org.gradle.api.internal.project.ProjectLifecycleController.lambda$ensureSelfConfigured$2(ProjectLifecycleController.java:93)
	at org.gradle.internal.model.StateTransitionController.lambda$doTransition$14(StateTransitionController.java:265)
	at org.gradle.internal.model.StateTransitionController.doTransition(StateTransitionController.java:276)
	at org.gradle.internal.model.StateTransitionController.doTransition(StateTransitionController.java:264)
	at org.gradle.internal.model.StateTransitionController.lambda$maybeTransitionIfNotCurrentlyTransitioning$10(StateTransitionController.java:209)
	at org.gradle.internal.work.DefaultSynchronizer.withLock(DefaultSynchronizer.java:35)
	at org.gradle.internal.model.StateTransitionController.maybeTransitionIfNotCurrentlyTransitioning(StateTransitionController.java:205)
	at org.gradle.api.internal.project.ProjectLifecycleController.ensureSelfConfigured(ProjectLifecycleController.java:93)
	at org.gradle.api.internal.project.DefaultProjectStateRegistry$ProjectStateImpl.ensureConfigured(DefaultProjectStateRegistry.java:408)
	at org.gradle.execution.TaskPathProjectEvaluator.configure(TaskPathProjectEvaluator.java:71)
	at org.gradle.execution.TaskPathProjectEvaluator.configureHierarchy(TaskPathProjectEvaluator.java:87)
	at org.gradle.configuration.DefaultProjectsPreparer.prepareProjects(DefaultProjectsPreparer.java:50)
	at org.gradle.configuration.BuildTreePreparingProjectsPreparer.prepareProjects(BuildTreePreparingProjectsPreparer.java:65)
	at org.gradle.configuration.BuildOperationFiringProjectsPreparer$ConfigureBuild.run(BuildOperationFiringProjectsPreparer.java:52)
	at org.gradle.internal.operations.DefaultBuildOperationRunner$1.execute(DefaultBuildOperationRunner.java:29)
	at org.gradle.internal.operations.DefaultBuildOperationRunner$1.execute(DefaultBuildOperationRunner.java:26)
	at org.gradle.internal.operations.DefaultBuildOperationRunner$2.execute(DefaultBuildOperationRunner.java:66)
	at org.gradle.internal.operations.DefaultBuildOperationRunner$2.execute(DefaultBuildOperationRunner.java:59)
	at org.gradle.internal.operations.DefaultBuildOperationRunner.execute(DefaultBuildOperationRunner.java:166)
	at org.gradle.internal.operations.DefaultBuildOperationRunner.execute(DefaultBuildOperationRunner.java:59)
	at org.gradle.internal.operations.DefaultBuildOperationRunner.run(DefaultBuildOperationRunner.java:47)
	at org.gradle.configuration.BuildOperationFiringProjectsPreparer.prepareProjects(BuildOperationFiringProjectsPreparer.java:40)
	at org.gradle.initialization.VintageBuildModelController.lambda$prepareProjects$2(VintageBuildModelController.java:83)
	at org.gradle.internal.model.StateTransitionController.lambda$doTransition$14(StateTransitionController.java:265)
	at org.gradle.internal.model.StateTransitionController.doTransition(StateTransitionController.java:276)
	at org.gradle.internal.model.StateTransitionController.doTransition(StateTransitionController.java:264)
	at org.gradle.internal.model.StateTransitionController.lambda$transitionIfNotPreviously$11(StateTransitionController.java:223)
	at org.gradle.internal.work.DefaultSynchronizer.withLock(DefaultSynchronizer.java:35)
	at org.gradle.internal.model.StateTransitionController.transitionIfNotPreviously(StateTransitionController.java:219)
	at org.gradle.initialization.VintageBuildModelController.prepareProjects(VintageBuildModelController.java:83)
	at org.gradle.initialization.VintageBuildModelController.prepareToScheduleTasks(VintageBuildModelController.java:70)
	at org.gradle.internal.build.DefaultBuildLifecycleController.lambda$prepareToScheduleTasks$6(DefaultBuildLifecycleController.java:175)
	at org.gradle.internal.model.StateTransitionController.lambda$doTransition$14(StateTransitionController.java:265)
	at org.gradle.internal.model.StateTransitionController.doTransition(StateTransitionController.java:276)
	at org.gradle.internal.model.StateTransitionController.doTransition(StateTransitionController.java:264)
	at org.gradle.internal.model.StateTransitionController.lambda$maybeTransition$9(StateTransitionController.java:200)
	at org.gradle.internal.work.DefaultSynchronizer.withLock(DefaultSynchronizer.java:35)
	at org.gradle.internal.model.StateTransitionController.maybeTransition(StateTransitionController.java:196)
	at org.gradle.internal.build.DefaultBuildLifecycleController.prepareToScheduleTasks(DefaultBuildLifecycleController.java:173)
	at org.gradle.internal.buildtree.DefaultBuildTreeWorkPreparer.scheduleRequestedTasks(DefaultBuildTreeWorkPreparer.java:35)
	at org.gradle.internal.cc.impl.barrier.BarrierAwareBuildTreeWorkPreparer.scheduleRequestedTasks$lambda$0(BarrierAwareBuildTreeWorkPreparer.kt:34)
	at org.gradle.internal.cc.impl.barrier.VintageConfigurationTimeActionRunner.runConfigurationTimeAction(VintageConfigurationTimeActionRunner.kt:48)
	at org.gradle.internal.cc.impl.barrier.BarrierAwareBuildTreeWorkPreparer.scheduleRequestedTasks(BarrierAwareBuildTreeWorkPreparer.kt:33)
	at org.gradle.internal.cc.impl.VintageBuildTreeWorkController$scheduleAndRunRequestedTasks$1.apply(VintageBuildTreeWorkController.kt:36)
	at org.gradle.internal.cc.impl.VintageBuildTreeWorkController$scheduleAndRunRequestedTasks$1.apply(VintageBuildTreeWorkController.kt:35)
	at org.gradle.composite.internal.DefaultIncludedBuildTaskGraph.withNewWorkGraph(DefaultIncludedBuildTaskGraph.java:114)
	at org.gradle.internal.cc.impl.VintageBuildTreeWorkController.scheduleAndRunRequestedTasks(VintageBuildTreeWorkController.kt:35)
	at org.gradle.internal.buildtree.DefaultBuildTreeLifecycleController.lambda$scheduleAndRunTasks$1(DefaultBuildTreeLifecycleController.java:77)
	at org.gradle.internal.buildtree.DefaultBuildTreeLifecycleController.lambda$runBuild$4(DefaultBuildTreeLifecycleController.java:120)
	at org.gradle.internal.model.StateTransitionController.lambda$transition$6(StateTransitionController.java:179)
	at org.gradle.internal.model.StateTransitionController.doTransition(StateTransitionController.java:276)
	at org.gradle.internal.model.StateTransitionController.lambda$transition$7(StateTransitionController.java:179)
	at org.gradle.internal.work.DefaultSynchronizer.withLock(DefaultSynchronizer.java:45)
	at org.gradle.internal.model.StateTransitionController.transition(StateTransitionController.java:179)
	at org.gradle.internal.buildtree.DefaultBuildTreeLifecycleController.runBuild(DefaultBuildTreeLifecycleController.java:117)
	at org.gradle.internal.buildtree.DefaultBuildTreeLifecycleController.scheduleAndRunTasks(DefaultBuildTreeLifecycleController.java:77)
	at org.gradle.internal.buildtree.DefaultBuildTreeLifecycleController.scheduleAndRunTasks(DefaultBuildTreeLifecycleController.java:72)
	at org.gradle.tooling.internal.provider.ExecuteBuildActionRunner.run(ExecuteBuildActionRunner.java:31)
	at org.gradle.launcher.exec.ChainingBuildActionRunner.run(ChainingBuildActionRunner.java:35)
	at org.gradle.internal.buildtree.ProblemReportingBuildActionRunner.run(ProblemReportingBuildActionRunner.java:54)
	at org.gradle.launcher.exec.BuildOutcomeReportingBuildActionRunner.run(BuildOutcomeReportingBuildActionRunner.java:83)
	at org.gradle.tooling.internal.provider.FileSystemWatchingBuildActionRunner.run(FileSystemWatchingBuildActionRunner.java:135)
	at org.gradle.launcher.exec.BuildCompletionNotifyingBuildActionRunner.run(BuildCompletionNotifyingBuildActionRunner.java:54)
	at org.gradle.launcher.exec.RootBuildLifecycleBuildActionExecutor.lambda$execute$0(RootBuildLifecycleBuildActionExecutor.java:101)
	at org.gradle.composite.internal.DefaultRootBuildState.run(DefaultRootBuildState.java:126)
	at org.gradle.launcher.exec.RootBuildLifecycleBuildActionExecutor.execute(RootBuildLifecycleBuildActionExecutor.java:101)
	at org.gradle.launcher.exec.BuildTreeLifecycleBuildActionExecutor.runRootBuildAction(BuildTreeLifecycleBuildActionExecutor.java:98)
	at org.gradle.launcher.exec.BuildTreeLifecycleBuildActionExecutor.execute(BuildTreeLifecycleBuildActionExecutor.java:69)
	at org.gradle.launcher.exec.RunAsBuildOperationBuildActionExecutor$2.call(RunAsBuildOperationBuildActionExecutor.java:65)
	at org.gradle.launcher.exec.RunAsBuildOperationBuildActionExecutor$2.call(RunAsBuildOperationBuildActionExecutor.java:61)
	at org.gradle.internal.operations.DefaultBuildOperationRunner$CallableBuildOperationWorker.execute(DefaultBuildOperationRunner.java:209)
	at org.gradle.internal.operations.DefaultBuildOperationRunner$CallableBuildOperationWorker.execute(DefaultBuildOperationRunner.java:204)
	at org.gradle.internal.operations.DefaultBuildOperationRunner$2.execute(DefaultBuildOperationRunner.java:66)
	at org.gradle.internal.operations.DefaultBuildOperationRunner$2.execute(DefaultBuildOperationRunner.java:59)
	at org.gradle.internal.operations.DefaultBuildOperationRunner.execute(DefaultBuildOperationRunner.java:166)
	at org.gradle.internal.operations.DefaultBuildOperationRunner.execute(DefaultBuildOperationRunner.java:59)
	at org.gradle.internal.operations.DefaultBuildOperationRunner.call(DefaultBuildOperationRunner.java:53)
	at org.gradle.launcher.exec.RunAsBuildOperationBuildActionExecutor.execute(RunAsBuildOperationBuildActionExecutor.java:61)
	at org.gradle.launcher.exec.RunAsWorkerThreadBuildActionExecutor.lambda$execute$0(RunAsWorkerThreadBuildActionExecutor.java:36)
	at org.gradle.internal.work.DefaultWorkerLeaseService.lambda$withLocksAcquired$0(DefaultWorkerLeaseService.java:269)
	at org.gradle.internal.work.ResourceLockStatistics$1.measure(ResourceLockStatistics.java:42)
	at org.gradle.internal.work.DefaultWorkerLeaseService.withLocksAcquired(DefaultWorkerLeaseService.java:267)
	at org.gradle.internal.work.DefaultWorkerLeaseService.withLocks(DefaultWorkerLeaseService.java:259)
	at org.gradle.internal.work.DefaultWorkerLeaseService.runAsWorkerThread(DefaultWorkerLeaseService.java:127)
	at org.gradle.launcher.exec.RunAsWorkerThreadBuildActionExecutor.execute(RunAsWorkerThreadBuildActionExecutor.java:36)
	at org.gradle.tooling.internal.provider.continuous.ContinuousBuildActionExecutor.execute(ContinuousBuildActionExecutor.java:110)
	at org.gradle.tooling.internal.provider.SubscribableBuildActionExecutor.execute(SubscribableBuildActionExecutor.java:64)
	at org.gradle.internal.session.DefaultBuildSessionContext.execute(DefaultBuildSessionContext.java:46)
	at org.gradle.internal.buildprocess.execution.BuildSessionLifecycleBuildActionExecutor$ActionImpl.apply(BuildSessionLifecycleBuildActionExecutor.java:106)
	at org.gradle.internal.buildprocess.execution.BuildSessionLifecycleBuildActionExecutor$ActionImpl.apply(BuildSessionLifecycleBuildActionExecutor.java:94)
	at org.gradle.internal.session.BuildSessionState.run(BuildSessionState.java:73)
	at org.gradle.internal.buildprocess.execution.BuildSessionLifecycleBuildActionExecutor.execute(BuildSessionLifecycleBuildActionExecutor.java:67)
	at org.gradle.internal.buildprocess.execution.BuildSessionLifecycleBuildActionExecutor.execute(BuildSessionLifecycleBuildActionExecutor.java:45)
	at org.gradle.internal.buildprocess.execution.StartParamsValidatingActionExecutor.execute(StartParamsValidatingActionExecutor.java:57)
	at org.gradle.internal.buildprocess.execution.StartParamsValidatingActionExecutor.execute(StartParamsValidatingActionExecutor.java:32)
	at org.gradle.internal.buildprocess.execution.SessionFailureReportingActionExecutor.execute(SessionFailureReportingActionExecutor.java:51)
	at org.gradle.internal.buildprocess.execution.SessionFailureReportingActionExecutor.execute(SessionFailureReportingActionExecutor.java:39)
	at org.gradle.internal.buildprocess.execution.SetupLoggingActionExecutor.execute(SetupLoggingActionExecutor.java:47)
	at org.gradle.internal.buildprocess.execution.SetupLoggingActionExecutor.execute(SetupLoggingActionExecutor.java:31)
	at org.gradle.launcher.daemon.server.exec.ExecuteBuild.doBuild(ExecuteBuild.java:70)
	at org.gradle.launcher.daemon.server.exec.BuildCommandOnly.execute(BuildCommandOnly.java:37)
	at org.gradle.launcher.daemon.server.api.DaemonCommandExecution.proceed(DaemonCommandExecution.java:104)
	at org.gradle.launcher.daemon.server.exec.WatchForDisconnection.execute(WatchForDisconnection.java:39)
	at org.gradle.launcher.daemon.server.api.DaemonCommandExecution.proceed(DaemonCommandExecution.java:104)
	at org.gradle.launcher.daemon.server.exec.ResetDeprecationLogger.execute(ResetDeprecationLogger.java:29)
	at org.gradle.launcher.daemon.server.api.DaemonCommandExecution.proceed(DaemonCommandExecution.java:104)
	at org.gradle.launcher.daemon.server.exec.RequestStopIfSingleUsedDaemon.execute(RequestStopIfSingleUsedDaemon.java:35)
	at org.gradle.launcher.daemon.server.api.DaemonCommandExecution.proceed(DaemonCommandExecution.java:104)
	at org.gradle.launcher.daemon.server.exec.ForwardClientInput.lambda$execute$0(ForwardClientInput.java:40)
	at org.gradle.internal.daemon.clientinput.ClientInputForwarder.forwardInput(ClientInputForwarder.java:80)
	at org.gradle.launcher.daemon.server.exec.ForwardClientInput.execute(ForwardClientInput.java:37)
	at org.gradle.launcher.daemon.server.api.DaemonCommandExecution.proceed(DaemonCommandExecution.java:104)
	at org.gradle.launcher.daemon.server.exec.LogAndCheckHealth.execute(LogAndCheckHealth.java:53)
	at org.gradle.launcher.daemon.server.api.DaemonCommandExecution.proceed(DaemonCommandExecution.java:104)
	at org.gradle.launcher.daemon.server.exec.LogToClient.doBuild(LogToClient.java:63)
	at org.gradle.launcher.daemon.server.exec.BuildCommandOnly.execute(BuildCommandOnly.java:37)
	at org.gradle.launcher.daemon.server.api.DaemonCommandExecution.proceed(DaemonCommandExecution.java:104)
	at org.gradle.launcher.daemon.server.exec.EstablishBuildEnvironment.doBuild(EstablishBuildEnvironment.java:84)
	at org.gradle.launcher.daemon.server.exec.BuildCommandOnly.execute(BuildCommandOnly.java:37)
	at org.gradle.launcher.daemon.server.api.DaemonCommandExecution.proceed(DaemonCommandExecution.java:104)
	at org.gradle.launcher.daemon.server.exec.StartBuildOrRespondWithBusy$1.run(StartBuildOrRespondWithBusy.java:52)
	at org.gradle.launcher.daemon.server.DaemonStateCoordinator.lambda$runCommand$0(DaemonStateCoordinator.java:321)
	at org.gradle.internal.concurrent.ExecutorPolicy$CatchAndRecordFailures.onExecute(ExecutorPolicy.java:64)
	at org.gradle.internal.concurrent.AbstractManagedExecutor$1.run(AbstractManagedExecutor.java:47)
	at java.base/java.util.concurrent.ThreadPoolExecutor.runWorker(ThreadPoolExecutor.java:1136)
	at java.base/java.util.concurrent.ThreadPoolExecutor$Worker.run(ThreadPoolExecutor.java:635)
	at java.base/java.lang.Thread.run(Thread.java:840)
Caused by: org.gradle.api.resources.ResourceException: Could not get resource 'https://maven.myket.ir/io/netty/netty-transport/4.1.72.Final/netty-transport-4.1.72.Final.jar'.
	at org.gradle.internal.resource.ResourceExceptions.failure(ResourceExceptions.java:74)
	at org.gradle.internal.resource.ResourceExceptions.getFailed(ResourceExceptions.java:57)
	at org.gradle.api.internal.artifacts.repositories.resolver.DefaultExternalResourceArtifactResolver.downloadByCoords(DefaultExternalResourceArtifactResolver.java:154)
	at org.gradle.api.internal.artifacts.repositories.resolver.DefaultExternalResourceArtifactResolver.downloadStaticResource(DefaultExternalResourceArtifactResolver.java:94)
	at org.gradle.api.internal.artifacts.repositories.resolver.DefaultExternalResourceArtifactResolver.resolveArtifact(DefaultExternalResourceArtifactResolver.java:62)
	at org.gradle.api.internal.artifacts.repositories.resolver.ExternalResourceResolver$RemoteRepositoryAccess.resolveArtifact(ExternalResourceResolver.java:492)
	... 235 more
Caused by: org.gradle.internal.resource.transport.http.HttpRequestException: Could not GET 'https://maven.myket.ir/io/netty/netty-transport/4.1.72.Final/netty-transport-4.1.72.Final.jar'.
	at org.gradle.internal.resource.transport.http.HttpClientHelper.createHttpRequestException(HttpClientHelper.java:123)
	at org.gradle.internal.resource.transport.http.HttpClientHelper.performRequest(HttpClientHelper.java:117)
	at org.gradle.internal.resource.transport.http.HttpClientHelper.performRawGet(HttpClientHelper.java:99)
	at org.gradle.internal.resource.transport.http.HttpClientHelper.performGet(HttpClientHelper.java:104)
	at org.gradle.internal.resource.transport.http.HttpResourceAccessor.openResource(HttpResourceAccessor.java:45)
	at org.gradle.internal.resource.transport.http.HttpResourceAccessor.openResource(HttpResourceAccessor.java:30)
	at org.gradle.internal.resource.transfer.AbstractExternalResourceAccessor.withContent(AbstractExternalResourceAccessor.java:32)
	at org.gradle.internal.resource.transfer.DefaultExternalResourceConnector.withContent(DefaultExternalResourceConnector.java:59)
	at org.gradle.internal.resource.transfer.ProgressLoggingExternalResourceAccessor$DownloadOperation.call(ProgressLoggingExternalResourceAccessor.java:136)
	at org.gradle.internal.operations.DefaultBuildOperationRunner$CallableBuildOperationWorker.execute(DefaultBuildOperationRunner.java:209)
	at org.gradle.internal.operations.DefaultBuildOperationRunner$CallableBuildOperationWorker.execute(DefaultBuildOperationRunner.java:204)
	at org.gradle.internal.operations.DefaultBuildOperationRunner$2.execute(DefaultBuildOperationRunner.java:66)
	at org.gradle.internal.operations.DefaultBuildOperationRunner$2.execute(DefaultBuildOperationRunner.java:59)
	at org.gradle.internal.operations.DefaultBuildOperationRunner.execute(DefaultBuildOperationRunner.java:166)
	at org.gradle.internal.operations.DefaultBuildOperationRunner.execute(DefaultBuildOperationRunner.java:59)
	at org.gradle.internal.operations.DefaultBuildOperationRunner.call(DefaultBuildOperationRunner.java:53)
	at org.gradle.internal.resource.transfer.ProgressLoggingExternalResourceAccessor.withContent(ProgressLoggingExternalResourceAccessor.java:49)
	at org.gradle.internal.resource.transfer.AccessorBackedExternalResource.withContentIfPresent(AccessorBackedExternalResource.java:103)
	at org.gradle.internal.resource.transfer.DefaultCacheAwareExternalResourceAccessor.copyToCache(DefaultCacheAwareExternalResourceAccessor.java:188)
	at org.gradle.internal.resource.transfer.DefaultCacheAwareExternalResourceAccessor.lambda$getResource$1(DefaultCacheAwareExternalResourceAccessor.java:86)
	at org.gradle.cache.internal.ProducerGuard$AdaptiveProducerGuard.guardByKey(ProducerGuard.java:97)
	at org.gradle.internal.resource.transfer.DefaultCacheAwareExternalResourceAccessor.getResource(DefaultCacheAwareExternalResourceAccessor.java:80)
	at org.gradle.api.internal.artifacts.repositories.resolver.DefaultExternalResourceArtifactResolver.downloadByCoords(DefaultExternalResourceArtifactResolver.java:149)
	... 238 more
Caused by: java.net.UnknownHostException: maven.myket.ir
	at java.base/java.net.InetAddress$CachedAddresses.get(InetAddress.java:801)
	at java.base/java.net.InetAddress.getAllByName0(InetAddress.java:1533)
	at java.base/java.net.InetAddress.getAllByName(InetAddress.java:1385)
	at java.base/java.net.InetAddress.getAllByName(InetAddress.java:1306)
	at org.apache.http.impl.conn.SystemDefaultDnsResolver.resolve(SystemDefaultDnsResolver.java:45)
	at org.apache.http.impl.conn.DefaultHttpClientConnectionOperator.connect(DefaultHttpClientConnectionOperator.java:112)
	at org.apache.http.impl.conn.PoolingHttpClientConnectionManager.connect(PoolingHttpClientConnectionManager.java:376)
	at org.apache.http.impl.execchain.MainClientExec.establishRoute(MainClientExec.java:393)
	at org.apache.http.impl.execchain.MainClientExec.execute(MainClientExec.java:236)
	at org.apache.http.impl.execchain.ProtocolExec.execute(ProtocolExec.java:186)
	at org.apache.http.impl.execchain.RetryExec.execute(RetryExec.java:89)
	at org.apache.http.impl.execchain.RedirectExec.execute(RedirectExec.java:110)
	at org.apache.http.impl.client.InternalHttpClient.doExecute(InternalHttpClient.java:185)
	at org.apache.http.impl.client.CloseableHttpClient.execute(CloseableHttpClient.java:83)
	at org.gradle.internal.resource.transport.http.HttpClientHelper.performHttpRequest(HttpClientHelper.java:200)
	at org.gradle.internal.resource.transport.http.HttpClientHelper.performHttpRequest(HttpClientHelper.java:176)
	at org.gradle.internal.resource.transport.http.HttpClientHelper.executeGetOrHead(HttpClientHelper.java:165)
	at org.gradle.internal.resource.transport.http.HttpClientHelper.performRequest(HttpClientHelper.java:113)
	... 259 more
Cause 31: org.gradle.internal.resolve.ArtifactResolveException: Could not download netty-buffer-4.1.72.Final.jar (io.netty:netty-buffer:4.1.72.Final)
	at org.gradle.api.internal.artifacts.repositories.resolver.ExternalResourceResolver$RemoteRepositoryAccess.resolveArtifact(ExternalResourceResolver.java:499)
	at org.gradle.api.internal.artifacts.ivyservice.ivyresolve.CachingModuleComponentRepository$ResolveAndCacheRepositoryAccess.resolveArtifact(CachingModuleComponentRepository.java:470)
	at org.gradle.api.internal.artifacts.ivyservice.ivyresolve.ErrorHandlingModuleComponentRepository$ErrorHandlingModuleComponentRepositoryAccess.lambda$resolveArtifact$12(ErrorHandlingModuleComponentRepository.java:180)
	at org.gradle.api.internal.artifacts.ivyservice.ivyresolve.ErrorHandlingModuleComponentRepository$ErrorHandlingModuleComponentRepositoryAccess.tryResolveAndMaybeDisable(ErrorHandlingModuleComponentRepository.java:251)
	at org.gradle.api.internal.artifacts.ivyservice.ivyresolve.ErrorHandlingModuleComponentRepository$ErrorHandlingModuleComponentRepositoryAccess.performOperationWithRetries(ErrorHandlingModuleComponentRepository.java:204)
	at org.gradle.api.internal.artifacts.ivyservice.ivyresolve.ErrorHandlingModuleComponentRepository$ErrorHandlingModuleComponentRepositoryAccess.resolveArtifact(ErrorHandlingModuleComponentRepository.java:178)
	at org.gradle.api.internal.artifacts.ivyservice.ivyresolve.RepositoryChainArtifactResolver.resolveArtifactLater(RepositoryChainArtifactResolver.java:75)
	at org.gradle.api.internal.artifacts.ivyservice.ivyresolve.RepositoryChainArtifactResolver.lambda$resolveArtifact$0(RepositoryChainArtifactResolver.java:63)
	at org.gradle.internal.model.CalculatedValueContainerFactory$SupplierBackedCalculator.calculateValue(CalculatedValueContainerFactory.java:69)
	at org.gradle.internal.model.CalculatedValueContainer$CalculationState.lambda$attachValue$0(CalculatedValueContainer.java:227)
	at org.gradle.internal.Try.ofFailable(Try.java:46)
	at org.gradle.internal.model.CalculatedValueContainer$CalculationState.attachValue(CalculatedValueContainer.java:222)
	at org.gradle.internal.model.CalculatedValueContainer.finalizeIfNotAlready(CalculatedValueContainer.java:195)
	at org.gradle.internal.model.CalculatedValueContainer.finalizeIfNotAlready(CalculatedValueContainer.java:186)
	at org.gradle.api.internal.artifacts.ivyservice.resolveengine.artifact.ArtifactBackedResolvedVariant$DownloadArtifactFile.run(ArtifactBackedResolvedVariant.java:208)
	at org.gradle.internal.operations.DefaultBuildOperationRunner$2.execute(DefaultBuildOperationRunner.java:66)
	at org.gradle.internal.operations.DefaultBuildOperationRunner$2.execute(DefaultBuildOperationRunner.java:59)
	at org.gradle.internal.operations.DefaultBuildOperationRunner.execute(DefaultBuildOperationRunner.java:166)
	at org.gradle.internal.operations.DefaultBuildOperationRunner.execute(DefaultBuildOperationRunner.java:59)
	at org.gradle.internal.operations.DefaultBuildOperationExecutor.lambda$executeInParallel$0(DefaultBuildOperationExecutor.java:102)
	at org.gradle.internal.operations.DefaultBuildOperationQueue$WorkerRunnable.runOperation(DefaultBuildOperationQueue.java:292)
	at org.gradle.internal.operations.DefaultBuildOperationQueue$WorkerRunnable.doRunBatch(DefaultBuildOperationQueue.java:273)
	at org.gradle.internal.operations.DefaultBuildOperationQueue$WorkerRunnable.lambda$runBatch$0(DefaultBuildOperationQueue.java:258)
	at org.gradle.internal.resources.AbstractResourceLockRegistry.whileDisallowingLockChanges(AbstractResourceLockRegistry.java:50)
	at org.gradle.internal.work.DefaultWorkerLeaseService.whileDisallowingProjectLockChanges(DefaultWorkerLeaseService.java:233)
	at org.gradle.internal.operations.DefaultBuildOperationQueue$WorkerRunnable.lambda$runBatch$1(DefaultBuildOperationQueue.java:258)
	at org.gradle.internal.work.DefaultWorkerLeaseService.lambda$withLocksAcquired$0(DefaultWorkerLeaseService.java:269)
	at org.gradle.internal.work.ResourceLockStatistics$1.measure(ResourceLockStatistics.java:42)
	at org.gradle.internal.work.DefaultWorkerLeaseService.withLocksAcquired(DefaultWorkerLeaseService.java:267)
	at org.gradle.internal.work.DefaultWorkerLeaseService.withLocks(DefaultWorkerLeaseService.java:259)
	at org.gradle.internal.work.DefaultWorkerLeaseService.runAsWorkerThread(DefaultWorkerLeaseService.java:127)
	at org.gradle.internal.operations.DefaultBuildOperationQueue$WorkerRunnable.runBatch(DefaultBuildOperationQueue.java:244)
	at org.gradle.internal.operations.DefaultBuildOperationQueue$WorkerRunnable.runOperations(DefaultBuildOperationQueue.java:212)
	at org.gradle.internal.operations.CurrentBuildOperationRef.with(CurrentBuildOperationRef.java:84)
	at org.gradle.internal.operations.DefaultBuildOperationQueue$WorkerRunnable.run(DefaultBuildOperationQueue.java:205)
	at org.gradle.internal.concurrent.ExecutorPolicy$CatchAndRecordFailures.onExecute(ExecutorPolicy.java:64)
	at org.gradle.internal.concurrent.AbstractManagedExecutor$1.run(AbstractManagedExecutor.java:47)
	at java.base/java.util.concurrent.ThreadPoolExecutor.runWorker(ThreadPoolExecutor.java:1136)
	at java.base/java.util.concurrent.ThreadPoolExecutor$Worker.run(ThreadPoolExecutor.java:635)
	at java.base/java.lang.Thread.run(Thread.java:840)
Caused by: org.gradle.api.resources.ResourceException: Could not get resource 'https://maven.myket.ir/io/netty/netty-buffer/4.1.72.Final/netty-buffer-4.1.72.Final.jar'.
	at org.gradle.internal.resource.ResourceExceptions.failure(ResourceExceptions.java:74)
	at org.gradle.internal.resource.ResourceExceptions.getFailed(ResourceExceptions.java:57)
	at org.gradle.api.internal.artifacts.repositories.resolver.DefaultExternalResourceArtifactResolver.downloadByCoords(DefaultExternalResourceArtifactResolver.java:154)
	at org.gradle.api.internal.artifacts.repositories.resolver.DefaultExternalResourceArtifactResolver.downloadStaticResource(DefaultExternalResourceArtifactResolver.java:94)
	at org.gradle.api.internal.artifacts.repositories.resolver.DefaultExternalResourceArtifactResolver.resolveArtifact(DefaultExternalResourceArtifactResolver.java:62)
	at org.gradle.api.internal.artifacts.repositories.resolver.ExternalResourceResolver$RemoteRepositoryAccess.resolveArtifact(ExternalResourceResolver.java:492)
	... 39 more
Caused by: org.gradle.internal.resource.transport.http.HttpRequestException: Could not GET 'https://maven.myket.ir/io/netty/netty-buffer/4.1.72.Final/netty-buffer-4.1.72.Final.jar'.
	at org.gradle.internal.resource.transport.http.HttpClientHelper.createHttpRequestException(HttpClientHelper.java:123)
	at org.gradle.internal.resource.transport.http.HttpClientHelper.performRequest(HttpClientHelper.java:117)
	at org.gradle.internal.resource.transport.http.HttpClientHelper.performRawGet(HttpClientHelper.java:99)
	at org.gradle.internal.resource.transport.http.HttpClientHelper.performGet(HttpClientHelper.java:104)
	at org.gradle.internal.resource.transport.http.HttpResourceAccessor.openResource(HttpResourceAccessor.java:45)
	at org.gradle.internal.resource.transport.http.HttpResourceAccessor.openResource(HttpResourceAccessor.java:30)
	at org.gradle.internal.resource.transfer.AbstractExternalResourceAccessor.withContent(AbstractExternalResourceAccessor.java:32)
	at org.gradle.internal.resource.transfer.DefaultExternalResourceConnector.withContent(DefaultExternalResourceConnector.java:59)
	at org.gradle.internal.resource.transfer.ProgressLoggingExternalResourceAccessor$DownloadOperation.call(ProgressLoggingExternalResourceAccessor.java:136)
	at org.gradle.internal.operations.DefaultBuildOperationRunner$CallableBuildOperationWorker.execute(DefaultBuildOperationRunner.java:209)
	at org.gradle.internal.operations.DefaultBuildOperationRunner$CallableBuildOperationWorker.execute(DefaultBuildOperationRunner.java:204)
	at org.gradle.internal.operations.DefaultBuildOperationRunner$2.execute(DefaultBuildOperationRunner.java:66)
	at org.gradle.internal.operations.DefaultBuildOperationRunner$2.execute(DefaultBuildOperationRunner.java:59)
	at org.gradle.internal.operations.DefaultBuildOperationRunner.execute(DefaultBuildOperationRunner.java:166)
	at org.gradle.internal.operations.DefaultBuildOperationRunner.execute(DefaultBuildOperationRunner.java:59)
	at org.gradle.internal.operations.DefaultBuildOperationRunner.call(DefaultBuildOperationRunner.java:53)
	at org.gradle.internal.resource.transfer.ProgressLoggingExternalResourceAccessor.withContent(ProgressLoggingExternalResourceAccessor.java:49)
	at org.gradle.internal.resource.transfer.AccessorBackedExternalResource.withContentIfPresent(AccessorBackedExternalResource.java:103)
	at org.gradle.internal.resource.transfer.DefaultCacheAwareExternalResourceAccessor.copyToCache(DefaultCacheAwareExternalResourceAccessor.java:188)
	at org.gradle.internal.resource.transfer.DefaultCacheAwareExternalResourceAccessor.lambda$getResource$1(DefaultCacheAwareExternalResourceAccessor.java:86)
	at org.gradle.cache.internal.ProducerGuard$AdaptiveProducerGuard.guardByKey(ProducerGuard.java:97)
	at org.gradle.internal.resource.transfer.DefaultCacheAwareExternalResourceAccessor.getResource(DefaultCacheAwareExternalResourceAccessor.java:80)
	at org.gradle.api.internal.artifacts.repositories.resolver.DefaultExternalResourceArtifactResolver.downloadByCoords(DefaultExternalResourceArtifactResolver.java:149)
	... 42 more
Caused by: java.net.UnknownHostException: maven.myket.ir
	at java.base/java.net.InetAddress$CachedAddresses.get(InetAddress.java:801)
	at java.base/java.net.InetAddress.getAllByName0(InetAddress.java:1533)
	at java.base/java.net.InetAddress.getAllByName(InetAddress.java:1385)
	at java.base/java.net.InetAddress.getAllByName(InetAddress.java:1306)
	at org.apache.http.impl.conn.SystemDefaultDnsResolver.resolve(SystemDefaultDnsResolver.java:45)
	at org.apache.http.impl.conn.DefaultHttpClientConnectionOperator.connect(DefaultHttpClientConnectionOperator.java:112)
	at org.apache.http.impl.conn.PoolingHttpClientConnectionManager.connect(PoolingHttpClientConnectionManager.java:376)
	at org.apache.http.impl.execchain.MainClientExec.establishRoute(MainClientExec.java:393)
	at org.apache.http.impl.execchain.MainClientExec.execute(MainClientExec.java:236)
	at org.apache.http.impl.execchain.ProtocolExec.execute(ProtocolExec.java:186)
	at org.apache.http.impl.execchain.RetryExec.execute(RetryExec.java:89)
	at org.apache.http.impl.execchain.RedirectExec.execute(RedirectExec.java:110)
	at org.apache.http.impl.client.InternalHttpClient.doExecute(InternalHttpClient.java:185)
	at org.apache.http.impl.client.CloseableHttpClient.execute(CloseableHttpClient.java:83)
	at org.gradle.internal.resource.transport.http.HttpClientHelper.performHttpRequest(HttpClientHelper.java:200)
	at org.gradle.internal.resource.transport.http.HttpClientHelper.performHttpRequest(HttpClientHelper.java:176)
	at org.gradle.internal.resource.transport.http.HttpClientHelper.executeGetOrHead(HttpClientHelper.java:165)
	at org.gradle.internal.resource.transport.http.HttpClientHelper.performRequest(HttpClientHelper.java:113)
	... 63 more
Cause 32: org.gradle.internal.resolve.ArtifactResolveException: Could not download netty-resolver-4.1.72.Final.jar (io.netty:netty-resolver:4.1.72.Final)
	at org.gradle.api.internal.artifacts.repositories.resolver.ExternalResourceResolver$RemoteRepositoryAccess.resolveArtifact(ExternalResourceResolver.java:499)
	at org.gradle.api.internal.artifacts.ivyservice.ivyresolve.CachingModuleComponentRepository$ResolveAndCacheRepositoryAccess.resolveArtifact(CachingModuleComponentRepository.java:470)
	at org.gradle.api.internal.artifacts.ivyservice.ivyresolve.ErrorHandlingModuleComponentRepository$ErrorHandlingModuleComponentRepositoryAccess.lambda$resolveArtifact$12(ErrorHandlingModuleComponentRepository.java:180)
	at org.gradle.api.internal.artifacts.ivyservice.ivyresolve.ErrorHandlingModuleComponentRepository$ErrorHandlingModuleComponentRepositoryAccess.tryResolveAndMaybeDisable(ErrorHandlingModuleComponentRepository.java:251)
	at org.gradle.api.internal.artifacts.ivyservice.ivyresolve.ErrorHandlingModuleComponentRepository$ErrorHandlingModuleComponentRepositoryAccess.performOperationWithRetries(ErrorHandlingModuleComponentRepository.java:204)
	at org.gradle.api.internal.artifacts.ivyservice.ivyresolve.ErrorHandlingModuleComponentRepository$ErrorHandlingModuleComponentRepositoryAccess.resolveArtifact(ErrorHandlingModuleComponentRepository.java:178)
	at org.gradle.api.internal.artifacts.ivyservice.ivyresolve.RepositoryChainArtifactResolver.resolveArtifactLater(RepositoryChainArtifactResolver.java:75)
	at org.gradle.api.internal.artifacts.ivyservice.ivyresolve.RepositoryChainArtifactResolver.lambda$resolveArtifact$0(RepositoryChainArtifactResolver.java:63)
	at org.gradle.internal.model.CalculatedValueContainerFactory$SupplierBackedCalculator.calculateValue(CalculatedValueContainerFactory.java:69)
	at org.gradle.internal.model.CalculatedValueContainer$CalculationState.lambda$attachValue$0(CalculatedValueContainer.java:227)
	at org.gradle.internal.Try.ofFailable(Try.java:46)
	at org.gradle.internal.model.CalculatedValueContainer$CalculationState.attachValue(CalculatedValueContainer.java:222)
	at org.gradle.internal.model.CalculatedValueContainer.finalizeIfNotAlready(CalculatedValueContainer.java:195)
	at org.gradle.internal.model.CalculatedValueContainer.finalizeIfNotAlready(CalculatedValueContainer.java:186)
	at org.gradle.api.internal.artifacts.ivyservice.resolveengine.artifact.ArtifactBackedResolvedVariant$DownloadArtifactFile.run(ArtifactBackedResolvedVariant.java:208)
	at org.gradle.internal.operations.DefaultBuildOperationRunner$2.execute(DefaultBuildOperationRunner.java:66)
	at org.gradle.internal.operations.DefaultBuildOperationRunner$2.execute(DefaultBuildOperationRunner.java:59)
	at org.gradle.internal.operations.DefaultBuildOperationRunner.execute(DefaultBuildOperationRunner.java:166)
	at org.gradle.internal.operations.DefaultBuildOperationRunner.execute(DefaultBuildOperationRunner.java:59)
	at org.gradle.internal.operations.DefaultBuildOperationExecutor.lambda$executeInParallel$0(DefaultBuildOperationExecutor.java:102)
	at org.gradle.internal.operations.DefaultBuildOperationQueue$WorkerRunnable.runOperation(DefaultBuildOperationQueue.java:292)
	at org.gradle.internal.operations.DefaultBuildOperationQueue$WorkerRunnable.doRunBatch(DefaultBuildOperationQueue.java:273)
	at org.gradle.internal.operations.DefaultBuildOperationQueue$WorkerRunnable.lambda$runBatch$0(DefaultBuildOperationQueue.java:258)
	at org.gradle.internal.resources.AbstractResourceLockRegistry.whileDisallowingLockChanges(AbstractResourceLockRegistry.java:50)
	at org.gradle.internal.work.DefaultWorkerLeaseService.whileDisallowingProjectLockChanges(DefaultWorkerLeaseService.java:233)
	at org.gradle.internal.operations.DefaultBuildOperationQueue$WorkerRunnable.lambda$runBatch$1(DefaultBuildOperationQueue.java:258)
	at org.gradle.internal.work.DefaultWorkerLeaseService.lambda$withLocksAcquired$0(DefaultWorkerLeaseService.java:269)
	at org.gradle.internal.work.ResourceLockStatistics$1.measure(ResourceLockStatistics.java:42)
	at org.gradle.internal.work.DefaultWorkerLeaseService.withLocksAcquired(DefaultWorkerLeaseService.java:267)
	at org.gradle.internal.work.DefaultWorkerLeaseService.withLocks(DefaultWorkerLeaseService.java:259)
	at org.gradle.internal.work.DefaultWorkerLeaseService.runAsWorkerThread(DefaultWorkerLeaseService.java:127)
	at org.gradle.internal.operations.DefaultBuildOperationQueue$WorkerRunnable.runBatch(DefaultBuildOperationQueue.java:244)
	at org.gradle.internal.operations.DefaultBuildOperationQueue$WorkerRunnable.runOperations(DefaultBuildOperationQueue.java:212)
	at org.gradle.internal.operations.CurrentBuildOperationRef.with(CurrentBuildOperationRef.java:84)
	at org.gradle.internal.operations.DefaultBuildOperationQueue$WorkerRunnable.run(DefaultBuildOperationQueue.java:205)
	at org.gradle.internal.concurrent.ExecutorPolicy$CatchAndRecordFailures.onExecute(ExecutorPolicy.java:64)
	at org.gradle.internal.concurrent.AbstractManagedExecutor$1.run(AbstractManagedExecutor.java:47)
	at java.base/java.util.concurrent.ThreadPoolExecutor.runWorker(ThreadPoolExecutor.java:1136)
	at java.base/java.util.concurrent.ThreadPoolExecutor$Worker.run(ThreadPoolExecutor.java:635)
	at java.base/java.lang.Thread.run(Thread.java:840)
Caused by: org.gradle.api.resources.ResourceException: Could not get resource 'https://maven.myket.ir/io/netty/netty-resolver/4.1.72.Final/netty-resolver-4.1.72.Final.jar'.
	at org.gradle.internal.resource.ResourceExceptions.failure(ResourceExceptions.java:74)
	at org.gradle.internal.resource.ResourceExceptions.getFailed(ResourceExceptions.java:57)
	at org.gradle.api.internal.artifacts.repositories.resolver.DefaultExternalResourceArtifactResolver.downloadByCoords(DefaultExternalResourceArtifactResolver.java:154)
	at org.gradle.api.internal.artifacts.repositories.resolver.DefaultExternalResourceArtifactResolver.downloadStaticResource(DefaultExternalResourceArtifactResolver.java:94)
	at org.gradle.api.internal.artifacts.repositories.resolver.DefaultExternalResourceArtifactResolver.resolveArtifact(DefaultExternalResourceArtifactResolver.java:62)
	at org.gradle.api.internal.artifacts.repositories.resolver.ExternalResourceResolver$RemoteRepositoryAccess.resolveArtifact(ExternalResourceResolver.java:492)
	... 39 more
Caused by: org.gradle.internal.resource.transport.http.HttpRequestException: Could not GET 'https://maven.myket.ir/io/netty/netty-resolver/4.1.72.Final/netty-resolver-4.1.72.Final.jar'.
	at org.gradle.internal.resource.transport.http.HttpClientHelper.createHttpRequestException(HttpClientHelper.java:123)
	at org.gradle.internal.resource.transport.http.HttpClientHelper.performRequest(HttpClientHelper.java:117)
	at org.gradle.internal.resource.transport.http.HttpClientHelper.performRawGet(HttpClientHelper.java:99)
	at org.gradle.internal.resource.transport.http.HttpClientHelper.performGet(HttpClientHelper.java:104)
	at org.gradle.internal.resource.transport.http.HttpResourceAccessor.openResource(HttpResourceAccessor.java:45)
	at org.gradle.internal.resource.transport.http.HttpResourceAccessor.openResource(HttpResourceAccessor.java:30)
	at org.gradle.internal.resource.transfer.AbstractExternalResourceAccessor.withContent(AbstractExternalResourceAccessor.java:32)
	at org.gradle.internal.resource.transfer.DefaultExternalResourceConnector.withContent(DefaultExternalResourceConnector.java:59)
	at org.gradle.internal.resource.transfer.ProgressLoggingExternalResourceAccessor$DownloadOperation.call(ProgressLoggingExternalResourceAccessor.java:136)
	at org.gradle.internal.operations.DefaultBuildOperationRunner$CallableBuildOperationWorker.execute(DefaultBuildOperationRunner.java:209)
	at org.gradle.internal.operations.DefaultBuildOperationRunner$CallableBuildOperationWorker.execute(DefaultBuildOperationRunner.java:204)
	at org.gradle.internal.operations.DefaultBuildOperationRunner$2.execute(DefaultBuildOperationRunner.java:66)
	at org.gradle.internal.operations.DefaultBuildOperationRunner$2.execute(DefaultBuildOperationRunner.java:59)
	at org.gradle.internal.operations.DefaultBuildOperationRunner.execute(DefaultBuildOperationRunner.java:166)
	at org.gradle.internal.operations.DefaultBuildOperationRunner.execute(DefaultBuildOperationRunner.java:59)
	at org.gradle.internal.operations.DefaultBuildOperationRunner.call(DefaultBuildOperationRunner.java:53)
	at org.gradle.internal.resource.transfer.ProgressLoggingExternalResourceAccessor.withContent(ProgressLoggingExternalResourceAccessor.java:49)
	at org.gradle.internal.resource.transfer.AccessorBackedExternalResource.withContentIfPresent(AccessorBackedExternalResource.java:103)
	at org.gradle.internal.resource.transfer.DefaultCacheAwareExternalResourceAccessor.copyToCache(DefaultCacheAwareExternalResourceAccessor.java:188)
	at org.gradle.internal.resource.transfer.DefaultCacheAwareExternalResourceAccessor.lambda$getResource$1(DefaultCacheAwareExternalResourceAccessor.java:86)
	at org.gradle.cache.internal.ProducerGuard$AdaptiveProducerGuard.guardByKey(ProducerGuard.java:97)
	at org.gradle.internal.resource.transfer.DefaultCacheAwareExternalResourceAccessor.getResource(DefaultCacheAwareExternalResourceAccessor.java:80)
	at org.gradle.api.internal.artifacts.repositories.resolver.DefaultExternalResourceArtifactResolver.downloadByCoords(DefaultExternalResourceArtifactResolver.java:149)
	... 42 more
Caused by: java.net.UnknownHostException: maven.myket.ir
	at java.base/java.net.InetAddress$CachedAddresses.get(InetAddress.java:801)
	at java.base/java.net.InetAddress.getAllByName0(InetAddress.java:1533)
	at java.base/java.net.InetAddress.getAllByName(InetAddress.java:1385)
	at java.base/java.net.InetAddress.getAllByName(InetAddress.java:1306)
	at org.apache.http.impl.conn.SystemDefaultDnsResolver.resolve(SystemDefaultDnsResolver.java:45)
	at org.apache.http.impl.conn.DefaultHttpClientConnectionOperator.connect(DefaultHttpClientConnectionOperator.java:112)
	at org.apache.http.impl.conn.PoolingHttpClientConnectionManager.connect(PoolingHttpClientConnectionManager.java:376)
	at org.apache.http.impl.execchain.MainClientExec.establishRoute(MainClientExec.java:393)
	at org.apache.http.impl.execchain.MainClientExec.execute(MainClientExec.java:236)
	at org.apache.http.impl.execchain.ProtocolExec.execute(ProtocolExec.java:186)
	at org.apache.http.impl.execchain.RetryExec.execute(RetryExec.java:89)
	at org.apache.http.impl.execchain.RedirectExec.execute(RedirectExec.java:110)
	at org.apache.http.impl.client.InternalHttpClient.doExecute(InternalHttpClient.java:185)
	at org.apache.http.impl.client.CloseableHttpClient.execute(CloseableHttpClient.java:83)
	at org.gradle.internal.resource.transport.http.HttpClientHelper.performHttpRequest(HttpClientHelper.java:200)
	at org.gradle.internal.resource.transport.http.HttpClientHelper.performHttpRequest(HttpClientHelper.java:176)
	at org.gradle.internal.resource.transport.http.HttpClientHelper.executeGetOrHead(HttpClientHelper.java:165)
	at org.gradle.internal.resource.transport.http.HttpClientHelper.performRequest(HttpClientHelper.java:113)
	... 63 more
Cause 33: org.gradle.internal.resolve.ArtifactResolveException: Could not download netty-common-4.1.72.Final.jar (io.netty:netty-common:4.1.72.Final)
	at org.gradle.api.internal.artifacts.repositories.resolver.ExternalResourceResolver$RemoteRepositoryAccess.resolveArtifact(ExternalResourceResolver.java:499)
	at org.gradle.api.internal.artifacts.ivyservice.ivyresolve.CachingModuleComponentRepository$ResolveAndCacheRepositoryAccess.resolveArtifact(CachingModuleComponentRepository.java:470)
	at org.gradle.api.internal.artifacts.ivyservice.ivyresolve.ErrorHandlingModuleComponentRepository$ErrorHandlingModuleComponentRepositoryAccess.lambda$resolveArtifact$12(ErrorHandlingModuleComponentRepository.java:180)
	at org.gradle.api.internal.artifacts.ivyservice.ivyresolve.ErrorHandlingModuleComponentRepository$ErrorHandlingModuleComponentRepositoryAccess.tryResolveAndMaybeDisable(ErrorHandlingModuleComponentRepository.java:251)
	at org.gradle.api.internal.artifacts.ivyservice.ivyresolve.ErrorHandlingModuleComponentRepository$ErrorHandlingModuleComponentRepositoryAccess.performOperationWithRetries(ErrorHandlingModuleComponentRepository.java:204)
	at org.gradle.api.internal.artifacts.ivyservice.ivyresolve.ErrorHandlingModuleComponentRepository$ErrorHandlingModuleComponentRepositoryAccess.resolveArtifact(ErrorHandlingModuleComponentRepository.java:178)
	at org.gradle.api.internal.artifacts.ivyservice.ivyresolve.RepositoryChainArtifactResolver.resolveArtifactLater(RepositoryChainArtifactResolver.java:75)
	at org.gradle.api.internal.artifacts.ivyservice.ivyresolve.RepositoryChainArtifactResolver.lambda$resolveArtifact$0(RepositoryChainArtifactResolver.java:63)
	at org.gradle.internal.model.CalculatedValueContainerFactory$SupplierBackedCalculator.calculateValue(CalculatedValueContainerFactory.java:69)
	at org.gradle.internal.model.CalculatedValueContainer$CalculationState.lambda$attachValue$0(CalculatedValueContainer.java:227)
	at org.gradle.internal.Try.ofFailable(Try.java:46)
	at org.gradle.internal.model.CalculatedValueContainer$CalculationState.attachValue(CalculatedValueContainer.java:222)
	at org.gradle.internal.model.CalculatedValueContainer.finalizeIfNotAlready(CalculatedValueContainer.java:195)
	at org.gradle.internal.model.CalculatedValueContainer.finalizeIfNotAlready(CalculatedValueContainer.java:186)
	at org.gradle.api.internal.artifacts.ivyservice.resolveengine.artifact.ArtifactBackedResolvedVariant$DownloadArtifactFile.run(ArtifactBackedResolvedVariant.java:208)
	at org.gradle.internal.operations.DefaultBuildOperationRunner$2.execute(DefaultBuildOperationRunner.java:66)
	at org.gradle.internal.operations.DefaultBuildOperationRunner$2.execute(DefaultBuildOperationRunner.java:59)
	at org.gradle.internal.operations.DefaultBuildOperationRunner.execute(DefaultBuildOperationRunner.java:166)
	at org.gradle.internal.operations.DefaultBuildOperationRunner.execute(DefaultBuildOperationRunner.java:59)
	at org.gradle.internal.operations.DefaultBuildOperationExecutor.lambda$executeInParallel$0(DefaultBuildOperationExecutor.java:102)
	at org.gradle.internal.operations.DefaultBuildOperationQueue$WorkerRunnable.runOperation(DefaultBuildOperationQueue.java:292)
	at org.gradle.internal.operations.DefaultBuildOperationQueue$WorkerRunnable.doRunBatch(DefaultBuildOperationQueue.java:273)
	at org.gradle.internal.operations.DefaultBuildOperationQueue$WorkerRunnable.lambda$runBatch$0(DefaultBuildOperationQueue.java:258)
	at org.gradle.internal.resources.AbstractResourceLockRegistry.whileDisallowingLockChanges(AbstractResourceLockRegistry.java:50)
	at org.gradle.internal.work.DefaultWorkerLeaseService.whileDisallowingProjectLockChanges(DefaultWorkerLeaseService.java:233)
	at org.gradle.internal.operations.DefaultBuildOperationQueue$WorkerRunnable.lambda$runBatch$1(DefaultBuildOperationQueue.java:258)
	at org.gradle.internal.work.DefaultWorkerLeaseService.lambda$withLocksAcquired$0(DefaultWorkerLeaseService.java:269)
	at org.gradle.internal.work.ResourceLockStatistics$1.measure(ResourceLockStatistics.java:42)
	at org.gradle.internal.work.DefaultWorkerLeaseService.withLocksAcquired(DefaultWorkerLeaseService.java:267)
	at org.gradle.internal.work.DefaultWorkerLeaseService.withLocks(DefaultWorkerLeaseService.java:259)
	at org.gradle.internal.work.DefaultWorkerLeaseService.runAsWorkerThread(DefaultWorkerLeaseService.java:127)
	at org.gradle.internal.operations.DefaultBuildOperationQueue$WorkerRunnable.runBatch(DefaultBuildOperationQueue.java:244)
	at org.gradle.internal.operations.DefaultBuildOperationQueue$WorkerRunnable.runOperations(DefaultBuildOperationQueue.java:212)
	at org.gradle.internal.operations.CurrentBuildOperationRef.with(CurrentBuildOperationRef.java:84)
	at org.gradle.internal.operations.DefaultBuildOperationQueue$WorkerRunnable.run(DefaultBuildOperationQueue.java:205)
	at org.gradle.internal.concurrent.ExecutorPolicy$CatchAndRecordFailures.onExecute(ExecutorPolicy.java:64)
	at org.gradle.internal.concurrent.AbstractManagedExecutor$1.run(AbstractManagedExecutor.java:47)
	at java.base/java.util.concurrent.ThreadPoolExecutor.runWorker(ThreadPoolExecutor.java:1136)
	at java.base/java.util.concurrent.ThreadPoolExecutor$Worker.run(ThreadPoolExecutor.java:635)
	at java.base/java.lang.Thread.run(Thread.java:840)
Caused by: org.gradle.api.resources.ResourceException: Could not get resource 'https://maven.myket.ir/io/netty/netty-common/4.1.72.Final/netty-common-4.1.72.Final.jar'.
	at org.gradle.internal.resource.ResourceExceptions.failure(ResourceExceptions.java:74)
	at org.gradle.internal.resource.ResourceExceptions.getFailed(ResourceExceptions.java:57)
	at org.gradle.api.internal.artifacts.repositories.resolver.DefaultExternalResourceArtifactResolver.downloadByCoords(DefaultExternalResourceArtifactResolver.java:154)
	at org.gradle.api.internal.artifacts.repositories.resolver.DefaultExternalResourceArtifactResolver.downloadStaticResource(DefaultExternalResourceArtifactResolver.java:94)
	at org.gradle.api.internal.artifacts.repositories.resolver.DefaultExternalResourceArtifactResolver.resolveArtifact(DefaultExternalResourceArtifactResolver.java:62)
	at org.gradle.api.internal.artifacts.repositories.resolver.ExternalResourceResolver$RemoteRepositoryAccess.resolveArtifact(ExternalResourceResolver.java:492)
	... 39 more
Caused by: org.gradle.internal.resource.transport.http.HttpRequestException: Could not GET 'https://maven.myket.ir/io/netty/netty-common/4.1.72.Final/netty-common-4.1.72.Final.jar'.
	at org.gradle.internal.resource.transport.http.HttpClientHelper.createHttpRequestException(HttpClientHelper.java:123)
	at org.gradle.internal.resource.transport.http.HttpClientHelper.performRequest(HttpClientHelper.java:117)
	at org.gradle.internal.resource.transport.http.HttpClientHelper.performRawGet(HttpClientHelper.java:99)
	at org.gradle.internal.resource.transport.http.HttpClientHelper.performGet(HttpClientHelper.java:104)
	at org.gradle.internal.resource.transport.http.HttpResourceAccessor.openResource(HttpResourceAccessor.java:45)
	at org.gradle.internal.resource.transport.http.HttpResourceAccessor.openResource(HttpResourceAccessor.java:30)
	at org.gradle.internal.resource.transfer.AbstractExternalResourceAccessor.withContent(AbstractExternalResourceAccessor.java:32)
	at org.gradle.internal.resource.transfer.DefaultExternalResourceConnector.withContent(DefaultExternalResourceConnector.java:59)
	at org.gradle.internal.resource.transfer.ProgressLoggingExternalResourceAccessor$DownloadOperation.call(ProgressLoggingExternalResourceAccessor.java:136)
	at org.gradle.internal.operations.DefaultBuildOperationRunner$CallableBuildOperationWorker.execute(DefaultBuildOperationRunner.java:209)
	at org.gradle.internal.operations.DefaultBuildOperationRunner$CallableBuildOperationWorker.execute(DefaultBuildOperationRunner.java:204)
	at org.gradle.internal.operations.DefaultBuildOperationRunner$2.execute(DefaultBuildOperationRunner.java:66)
	at org.gradle.internal.operations.DefaultBuildOperationRunner$2.execute(DefaultBuildOperationRunner.java:59)
	at org.gradle.internal.operations.DefaultBuildOperationRunner.execute(DefaultBuildOperationRunner.java:166)
	at org.gradle.internal.operations.DefaultBuildOperationRunner.execute(DefaultBuildOperationRunner.java:59)
	at org.gradle.internal.operations.DefaultBuildOperationRunner.call(DefaultBuildOperationRunner.java:53)
	at org.gradle.internal.resource.transfer.ProgressLoggingExternalResourceAccessor.withContent(ProgressLoggingExternalResourceAccessor.java:49)
	at org.gradle.internal.resource.transfer.AccessorBackedExternalResource.withContentIfPresent(AccessorBackedExternalResource.java:103)
	at org.gradle.internal.resource.transfer.DefaultCacheAwareExternalResourceAccessor.copyToCache(DefaultCacheAwareExternalResourceAccessor.java:188)
	at org.gradle.internal.resource.transfer.DefaultCacheAwareExternalResourceAccessor.lambda$getResource$1(DefaultCacheAwareExternalResourceAccessor.java:86)
	at org.gradle.cache.internal.ProducerGuard$AdaptiveProducerGuard.guardByKey(ProducerGuard.java:97)
	at org.gradle.internal.resource.transfer.DefaultCacheAwareExternalResourceAccessor.getResource(DefaultCacheAwareExternalResourceAccessor.java:80)
	at org.gradle.api.internal.artifacts.repositories.resolver.DefaultExternalResourceArtifactResolver.downloadByCoords(DefaultExternalResourceArtifactResolver.java:149)
	... 42 more
Caused by: java.net.UnknownHostException: maven.myket.ir
	at java.base/java.net.InetAddress$CachedAddresses.get(InetAddress.java:801)
	at java.base/java.net.InetAddress.getAllByName0(InetAddress.java:1533)
	at java.base/java.net.InetAddress.getAllByName(InetAddress.java:1385)
	at java.base/java.net.InetAddress.getAllByName(InetAddress.java:1306)
	at org.apache.http.impl.conn.SystemDefaultDnsResolver.resolve(SystemDefaultDnsResolver.java:45)
	at org.apache.http.impl.conn.DefaultHttpClientConnectionOperator.connect(DefaultHttpClientConnectionOperator.java:112)
	at org.apache.http.impl.conn.PoolingHttpClientConnectionManager.connect(PoolingHttpClientConnectionManager.java:376)
	at org.apache.http.impl.execchain.MainClientExec.establishRoute(MainClientExec.java:393)
	at org.apache.http.impl.execchain.MainClientExec.execute(MainClientExec.java:236)
	at org.apache.http.impl.execchain.ProtocolExec.execute(ProtocolExec.java:186)
	at org.apache.http.impl.execchain.RetryExec.execute(RetryExec.java:89)
	at org.apache.http.impl.execchain.RedirectExec.execute(RedirectExec.java:110)
	at org.apache.http.impl.client.InternalHttpClient.doExecute(InternalHttpClient.java:185)
	at org.apache.http.impl.client.CloseableHttpClient.execute(CloseableHttpClient.java:83)
	at org.gradle.internal.resource.transport.http.HttpClientHelper.performHttpRequest(HttpClientHelper.java:200)
	at org.gradle.internal.resource.transport.http.HttpClientHelper.performHttpRequest(HttpClientHelper.java:176)
	at org.gradle.internal.resource.transport.http.HttpClientHelper.executeGetOrHead(HttpClientHelper.java:165)
	at org.gradle.internal.resource.transport.http.HttpClientHelper.performRequest(HttpClientHelper.java:113)
	... 63 more
Cause 34: org.gradle.internal.resolve.ArtifactResolveException: Could not download durian-swt.os-4.2.2.jar (com.diffplug.durian:durian-swt.os:4.2.2)
	at org.gradle.api.internal.artifacts.repositories.resolver.ExternalResourceResolver$RemoteRepositoryAccess.resolveArtifact(ExternalResourceResolver.java:499)
	at org.gradle.api.internal.artifacts.ivyservice.ivyresolve.CachingModuleComponentRepository$ResolveAndCacheRepositoryAccess.resolveArtifact(CachingModuleComponentRepository.java:470)
	at org.gradle.api.internal.artifacts.ivyservice.ivyresolve.ErrorHandlingModuleComponentRepository$ErrorHandlingModuleComponentRepositoryAccess.lambda$resolveArtifact$12(ErrorHandlingModuleComponentRepository.java:180)
	at org.gradle.api.internal.artifacts.ivyservice.ivyresolve.ErrorHandlingModuleComponentRepository$ErrorHandlingModuleComponentRepositoryAccess.tryResolveAndMaybeDisable(ErrorHandlingModuleComponentRepository.java:251)
	at org.gradle.api.internal.artifacts.ivyservice.ivyresolve.ErrorHandlingModuleComponentRepository$ErrorHandlingModuleComponentRepositoryAccess.performOperationWithRetries(ErrorHandlingModuleComponentRepository.java:204)
	at org.gradle.api.internal.artifacts.ivyservice.ivyresolve.ErrorHandlingModuleComponentRepository$ErrorHandlingModuleComponentRepositoryAccess.resolveArtifact(ErrorHandlingModuleComponentRepository.java:178)
	at org.gradle.api.internal.artifacts.ivyservice.ivyresolve.RepositoryChainArtifactResolver.resolveArtifactLater(RepositoryChainArtifactResolver.java:75)
	at org.gradle.api.internal.artifacts.ivyservice.ivyresolve.RepositoryChainArtifactResolver.lambda$resolveArtifact$0(RepositoryChainArtifactResolver.java:63)
	at org.gradle.internal.model.CalculatedValueContainerFactory$SupplierBackedCalculator.calculateValue(CalculatedValueContainerFactory.java:69)
	at org.gradle.internal.model.CalculatedValueContainer$CalculationState.lambda$attachValue$0(CalculatedValueContainer.java:227)
	at org.gradle.internal.Try.ofFailable(Try.java:46)
	at org.gradle.internal.model.CalculatedValueContainer$CalculationState.attachValue(CalculatedValueContainer.java:222)
	at org.gradle.internal.model.CalculatedValueContainer.finalizeIfNotAlready(CalculatedValueContainer.java:195)
	at org.gradle.internal.model.CalculatedValueContainer.finalizeIfNotAlready(CalculatedValueContainer.java:186)
	at org.gradle.api.internal.artifacts.ivyservice.resolveengine.artifact.ArtifactBackedResolvedVariant$DownloadArtifactFile.run(ArtifactBackedResolvedVariant.java:208)
	at org.gradle.internal.operations.DefaultBuildOperationRunner$2.execute(DefaultBuildOperationRunner.java:66)
	at org.gradle.internal.operations.DefaultBuildOperationRunner$2.execute(DefaultBuildOperationRunner.java:59)
	at org.gradle.internal.operations.DefaultBuildOperationRunner.execute(DefaultBuildOperationRunner.java:166)
	at org.gradle.internal.operations.DefaultBuildOperationRunner.execute(DefaultBuildOperationRunner.java:59)
	at org.gradle.internal.operations.DefaultBuildOperationExecutor.lambda$executeInParallel$0(DefaultBuildOperationExecutor.java:102)
	at org.gradle.internal.operations.DefaultBuildOperationQueue$WorkerRunnable.runOperation(DefaultBuildOperationQueue.java:292)
	at org.gradle.internal.operations.DefaultBuildOperationQueue$WorkerRunnable.doRunBatch(DefaultBuildOperationQueue.java:273)
	at org.gradle.internal.operations.DefaultBuildOperationQueue$WorkerRunnable.lambda$runBatch$0(DefaultBuildOperationQueue.java:258)
	at org.gradle.internal.resources.AbstractResourceLockRegistry.whileDisallowingLockChanges(AbstractResourceLockRegistry.java:50)
	at org.gradle.internal.work.DefaultWorkerLeaseService.whileDisallowingProjectLockChanges(DefaultWorkerLeaseService.java:233)
	at org.gradle.internal.operations.DefaultBuildOperationQueue$WorkerRunnable.lambda$runBatch$1(DefaultBuildOperationQueue.java:258)
	at org.gradle.internal.work.DefaultWorkerLeaseService.lambda$withLocksAcquired$0(DefaultWorkerLeaseService.java:269)
	at org.gradle.internal.work.ResourceLockStatistics$1.measure(ResourceLockStatistics.java:42)
	at org.gradle.internal.work.DefaultWorkerLeaseService.withLocksAcquired(DefaultWorkerLeaseService.java:267)
	at org.gradle.internal.work.DefaultWorkerLeaseService.withLocks(DefaultWorkerLeaseService.java:259)
	at org.gradle.internal.work.DefaultWorkerLeaseService.runAsWorkerThread(DefaultWorkerLeaseService.java:127)
	at org.gradle.internal.operations.DefaultBuildOperationQueue$WorkerRunnable.runBatch(DefaultBuildOperationQueue.java:244)
	at org.gradle.internal.operations.DefaultBuildOperationQueue$WorkerRunnable.runOperations(DefaultBuildOperationQueue.java:212)
	at org.gradle.internal.operations.CurrentBuildOperationRef.with(CurrentBuildOperationRef.java:84)
	at org.gradle.internal.operations.DefaultBuildOperationQueue$WorkerRunnable.run(DefaultBuildOperationQueue.java:205)
	at org.gradle.internal.concurrent.ExecutorPolicy$CatchAndRecordFailures.onExecute(ExecutorPolicy.java:64)
	at org.gradle.internal.concurrent.AbstractManagedExecutor$1.run(AbstractManagedExecutor.java:47)
	at java.base/java.util.concurrent.ThreadPoolExecutor.runWorker(ThreadPoolExecutor.java:1136)
	at java.base/java.util.concurrent.ThreadPoolExecutor$Worker.run(ThreadPoolExecutor.java:635)
	at java.base/java.lang.Thread.run(Thread.java:840)
Caused by: org.gradle.api.resources.ResourceException: Could not get resource 'https://maven.myket.ir/com/diffplug/durian/durian-swt.os/4.2.2/durian-swt.os-4.2.2.jar'.
	at org.gradle.internal.resource.ResourceExceptions.failure(ResourceExceptions.java:74)
	at org.gradle.internal.resource.ResourceExceptions.getFailed(ResourceExceptions.java:57)
	at org.gradle.api.internal.artifacts.repositories.resolver.DefaultExternalResourceArtifactResolver.downloadByUrl(DefaultExternalResourceArtifactResolver.java:114)
	at org.gradle.api.internal.artifacts.repositories.resolver.DefaultExternalResourceArtifactResolver.downloadStaticResource(DefaultExternalResourceArtifactResolver.java:92)
	at org.gradle.api.internal.artifacts.repositories.resolver.DefaultExternalResourceArtifactResolver.resolveArtifact(DefaultExternalResourceArtifactResolver.java:62)
	at org.gradle.api.internal.artifacts.repositories.resolver.ExternalResourceResolver$RemoteRepositoryAccess.resolveArtifact(ExternalResourceResolver.java:492)
	... 39 more
Caused by: org.gradle.internal.resource.transport.http.HttpRequestException: Could not GET 'https://maven.myket.ir/com/diffplug/durian/durian-swt.os/4.2.2/durian-swt.os-4.2.2.jar'.
	at org.gradle.internal.resource.transport.http.HttpClientHelper.createHttpRequestException(HttpClientHelper.java:123)
	at org.gradle.internal.resource.transport.http.HttpClientHelper.performRequest(HttpClientHelper.java:117)
	at org.gradle.internal.resource.transport.http.HttpClientHelper.performRawGet(HttpClientHelper.java:99)
	at org.gradle.internal.resource.transport.http.HttpClientHelper.performGet(HttpClientHelper.java:104)
	at org.gradle.internal.resource.transport.http.HttpResourceAccessor.openResource(HttpResourceAccessor.java:45)
	at org.gradle.internal.resource.transport.http.HttpResourceAccessor.openResource(HttpResourceAccessor.java:30)
	at org.gradle.internal.resource.transfer.AbstractExternalResourceAccessor.withContent(AbstractExternalResourceAccessor.java:32)
	at org.gradle.internal.resource.transfer.DefaultExternalResourceConnector.withContent(DefaultExternalResourceConnector.java:59)
	at org.gradle.internal.resource.transfer.ProgressLoggingExternalResourceAccessor$DownloadOperation.call(ProgressLoggingExternalResourceAccessor.java:136)
	at org.gradle.internal.operations.DefaultBuildOperationRunner$CallableBuildOperationWorker.execute(DefaultBuildOperationRunner.java:209)
	at org.gradle.internal.operations.DefaultBuildOperationRunner$CallableBuildOperationWorker.execute(DefaultBuildOperationRunner.java:204)
	at org.gradle.internal.operations.DefaultBuildOperationRunner$2.execute(DefaultBuildOperationRunner.java:66)
	at org.gradle.internal.operations.DefaultBuildOperationRunner$2.execute(DefaultBuildOperationRunner.java:59)
	at org.gradle.internal.operations.DefaultBuildOperationRunner.execute(DefaultBuildOperationRunner.java:166)
	at org.gradle.internal.operations.DefaultBuildOperationRunner.execute(DefaultBuildOperationRunner.java:59)
	at org.gradle.internal.operations.DefaultBuildOperationRunner.call(DefaultBuildOperationRunner.java:53)
	at org.gradle.internal.resource.transfer.ProgressLoggingExternalResourceAccessor.withContent(ProgressLoggingExternalResourceAccessor.java:49)
	at org.gradle.internal.resource.transfer.AccessorBackedExternalResource.withContentIfPresent(AccessorBackedExternalResource.java:103)
	at org.gradle.internal.resource.transfer.DefaultCacheAwareExternalResourceAccessor.copyToCache(DefaultCacheAwareExternalResourceAccessor.java:188)
	at org.gradle.internal.resource.transfer.DefaultCacheAwareExternalResourceAccessor.lambda$getResource$1(DefaultCacheAwareExternalResourceAccessor.java:86)
	at org.gradle.cache.internal.ProducerGuard$AdaptiveProducerGuard.guardByKey(ProducerGuard.java:97)
	at org.gradle.internal.resource.transfer.DefaultCacheAwareExternalResourceAccessor.getResource(DefaultCacheAwareExternalResourceAccessor.java:80)
	at org.gradle.api.internal.artifacts.repositories.resolver.DefaultExternalResourceArtifactResolver.downloadByUrl(DefaultExternalResourceArtifactResolver.java:109)
	... 42 more
Caused by: java.net.UnknownHostException: maven.myket.ir
	at java.base/java.net.InetAddress$CachedAddresses.get(InetAddress.java:801)
	at java.base/java.net.InetAddress.getAllByName0(InetAddress.java:1533)
	at java.base/java.net.InetAddress.getAllByName(InetAddress.java:1385)
	at java.base/java.net.InetAddress.getAllByName(InetAddress.java:1306)
	at org.apache.http.impl.conn.SystemDefaultDnsResolver.resolve(SystemDefaultDnsResolver.java:45)
	at org.apache.http.impl.conn.DefaultHttpClientConnectionOperator.connect(DefaultHttpClientConnectionOperator.java:112)
	at org.apache.http.impl.conn.PoolingHttpClientConnectionManager.connect(PoolingHttpClientConnectionManager.java:376)
	at org.apache.http.impl.execchain.MainClientExec.establishRoute(MainClientExec.java:393)
	at org.apache.http.impl.execchain.MainClientExec.execute(MainClientExec.java:236)
	at org.apache.http.impl.execchain.ProtocolExec.execute(ProtocolExec.java:186)
	at org.apache.http.impl.execchain.RetryExec.execute(RetryExec.java:89)
	at org.apache.http.impl.execchain.RedirectExec.execute(RedirectExec.java:110)
	at org.apache.http.impl.client.InternalHttpClient.doExecute(InternalHttpClient.java:185)
	at org.apache.http.impl.client.CloseableHttpClient.execute(CloseableHttpClient.java:83)
	at org.gradle.internal.resource.transport.http.HttpClientHelper.performHttpRequest(HttpClientHelper.java:200)
	at org.gradle.internal.resource.transport.http.HttpClientHelper.performHttpRequest(HttpClientHelper.java:176)
	at org.gradle.internal.resource.transport.http.HttpClientHelper.executeGetOrHead(HttpClientHelper.java:165)
	at org.gradle.internal.resource.transport.http.HttpClientHelper.performRequest(HttpClientHelper.java:113)
	... 63 more
Cause 35: org.gradle.internal.resolve.ArtifactResolveException: Could not download org.eclipse.osgi-3.18.300.jar (org.eclipse.platform:org.eclipse.osgi:3.18.300)
	at org.gradle.api.internal.artifacts.repositories.resolver.ExternalResourceResolver$RemoteRepositoryAccess.resolveArtifact(ExternalResourceResolver.java:499)
	at org.gradle.api.internal.artifacts.ivyservice.ivyresolve.CachingModuleComponentRepository$ResolveAndCacheRepositoryAccess.resolveArtifact(CachingModuleComponentRepository.java:470)
	at org.gradle.api.internal.artifacts.ivyservice.ivyresolve.ErrorHandlingModuleComponentRepository$ErrorHandlingModuleComponentRepositoryAccess.lambda$resolveArtifact$12(ErrorHandlingModuleComponentRepository.java:180)
	at org.gradle.api.internal.artifacts.ivyservice.ivyresolve.ErrorHandlingModuleComponentRepository$ErrorHandlingModuleComponentRepositoryAccess.tryResolveAndMaybeDisable(ErrorHandlingModuleComponentRepository.java:251)
	at org.gradle.api.internal.artifacts.ivyservice.ivyresolve.ErrorHandlingModuleComponentRepository$ErrorHandlingModuleComponentRepositoryAccess.performOperationWithRetries(ErrorHandlingModuleComponentRepository.java:204)
	at org.gradle.api.internal.artifacts.ivyservice.ivyresolve.ErrorHandlingModuleComponentRepository$ErrorHandlingModuleComponentRepositoryAccess.resolveArtifact(ErrorHandlingModuleComponentRepository.java:178)
	at org.gradle.api.internal.artifacts.ivyservice.ivyresolve.RepositoryChainArtifactResolver.resolveArtifactLater(RepositoryChainArtifactResolver.java:75)
	at org.gradle.api.internal.artifacts.ivyservice.ivyresolve.RepositoryChainArtifactResolver.lambda$resolveArtifact$0(RepositoryChainArtifactResolver.java:63)
	at org.gradle.internal.model.CalculatedValueContainerFactory$SupplierBackedCalculator.calculateValue(CalculatedValueContainerFactory.java:69)
	at org.gradle.internal.model.CalculatedValueContainer$CalculationState.lambda$attachValue$0(CalculatedValueContainer.java:227)
	at org.gradle.internal.Try.ofFailable(Try.java:46)
	at org.gradle.internal.model.CalculatedValueContainer$CalculationState.attachValue(CalculatedValueContainer.java:222)
	at org.gradle.internal.model.CalculatedValueContainer.finalizeIfNotAlready(CalculatedValueContainer.java:195)
	at org.gradle.internal.model.CalculatedValueContainer.finalizeIfNotAlready(CalculatedValueContainer.java:186)
	at org.gradle.api.internal.artifacts.ivyservice.resolveengine.artifact.ArtifactBackedResolvedVariant$DownloadArtifactFile.run(ArtifactBackedResolvedVariant.java:208)
	at org.gradle.internal.operations.DefaultBuildOperationRunner$2.execute(DefaultBuildOperationRunner.java:66)
	at org.gradle.internal.operations.DefaultBuildOperationRunner$2.execute(DefaultBuildOperationRunner.java:59)
	at org.gradle.internal.operations.DefaultBuildOperationRunner.execute(DefaultBuildOperationRunner.java:166)
	at org.gradle.internal.operations.DefaultBuildOperationRunner.execute(DefaultBuildOperationRunner.java:59)
	at org.gradle.internal.operations.DefaultBuildOperationExecutor.lambda$executeInParallel$0(DefaultBuildOperationExecutor.java:102)
	at org.gradle.internal.operations.DefaultBuildOperationQueue$WorkerRunnable.runOperation(DefaultBuildOperationQueue.java:292)
	at org.gradle.internal.operations.DefaultBuildOperationQueue$WorkerRunnable.doRunBatch(DefaultBuildOperationQueue.java:273)
	at org.gradle.internal.operations.DefaultBuildOperationQueue$WorkerRunnable.lambda$runBatch$0(DefaultBuildOperationQueue.java:258)
	at org.gradle.internal.resources.AbstractResourceLockRegistry.whileDisallowingLockChanges(AbstractResourceLockRegistry.java:50)
	at org.gradle.internal.work.DefaultWorkerLeaseService.whileDisallowingProjectLockChanges(DefaultWorkerLeaseService.java:233)
	at org.gradle.internal.operations.DefaultBuildOperationQueue$WorkerRunnable.lambda$runBatch$1(DefaultBuildOperationQueue.java:258)
	at org.gradle.internal.work.DefaultWorkerLeaseService.lambda$withLocksAcquired$0(DefaultWorkerLeaseService.java:269)
	at org.gradle.internal.work.ResourceLockStatistics$1.measure(ResourceLockStatistics.java:42)
	at org.gradle.internal.work.DefaultWorkerLeaseService.withLocksAcquired(DefaultWorkerLeaseService.java:267)
	at org.gradle.internal.work.DefaultWorkerLeaseService.withLocks(DefaultWorkerLeaseService.java:259)
	at org.gradle.internal.work.DefaultWorkerLeaseService.runAsWorkerThread(DefaultWorkerLeaseService.java:127)
	at org.gradle.internal.operations.DefaultBuildOperationQueue$WorkerRunnable.runBatch(DefaultBuildOperationQueue.java:244)
	at org.gradle.internal.operations.DefaultBuildOperationQueue$WorkerRunnable.runOperations(DefaultBuildOperationQueue.java:212)
	at org.gradle.internal.operations.CurrentBuildOperationRef.with(CurrentBuildOperationRef.java:84)
	at org.gradle.internal.operations.DefaultBuildOperationQueue$WorkerRunnable.run(DefaultBuildOperationQueue.java:205)
	at org.gradle.internal.concurrent.ExecutorPolicy$CatchAndRecordFailures.onExecute(ExecutorPolicy.java:64)
	at org.gradle.internal.concurrent.AbstractManagedExecutor$1.run(AbstractManagedExecutor.java:47)
	at java.base/java.util.concurrent.ThreadPoolExecutor.runWorker(ThreadPoolExecutor.java:1136)
	at java.base/java.util.concurrent.ThreadPoolExecutor$Worker.run(ThreadPoolExecutor.java:635)
	at java.base/java.lang.Thread.run(Thread.java:840)
Caused by: org.gradle.api.resources.ResourceException: Could not get resource 'https://maven.myket.ir/org/eclipse/platform/org.eclipse.osgi/3.18.300/org.eclipse.osgi-3.18.300.jar'.
	at org.gradle.internal.resource.ResourceExceptions.failure(ResourceExceptions.java:74)
	at org.gradle.internal.resource.ResourceExceptions.getFailed(ResourceExceptions.java:57)
	at org.gradle.api.internal.artifacts.repositories.resolver.DefaultExternalResourceArtifactResolver.downloadByCoords(DefaultExternalResourceArtifactResolver.java:154)
	at org.gradle.api.internal.artifacts.repositories.resolver.DefaultExternalResourceArtifactResolver.downloadStaticResource(DefaultExternalResourceArtifactResolver.java:94)
	at org.gradle.api.internal.artifacts.repositories.resolver.DefaultExternalResourceArtifactResolver.resolveArtifact(DefaultExternalResourceArtifactResolver.java:62)
	at org.gradle.api.internal.artifacts.repositories.resolver.ExternalResourceResolver$RemoteRepositoryAccess.resolveArtifact(ExternalResourceResolver.java:492)
	... 39 more
Caused by: org.gradle.internal.resource.transport.http.HttpRequestException: Could not GET 'https://maven.myket.ir/org/eclipse/platform/org.eclipse.osgi/3.18.300/org.eclipse.osgi-3.18.300.jar'.
	at org.gradle.internal.resource.transport.http.HttpClientHelper.createHttpRequestException(HttpClientHelper.java:123)
	at org.gradle.internal.resource.transport.http.HttpClientHelper.performRequest(HttpClientHelper.java:117)
	at org.gradle.internal.resource.transport.http.HttpClientHelper.performRawGet(HttpClientHelper.java:99)
	at org.gradle.internal.resource.transport.http.HttpClientHelper.performGet(HttpClientHelper.java:104)
	at org.gradle.internal.resource.transport.http.HttpResourceAccessor.openResource(HttpResourceAccessor.java:45)
	at org.gradle.internal.resource.transport.http.HttpResourceAccessor.openResource(HttpResourceAccessor.java:30)
	at org.gradle.internal.resource.transfer.AbstractExternalResourceAccessor.withContent(AbstractExternalResourceAccessor.java:32)
	at org.gradle.internal.resource.transfer.DefaultExternalResourceConnector.withContent(DefaultExternalResourceConnector.java:59)
	at org.gradle.internal.resource.transfer.ProgressLoggingExternalResourceAccessor$DownloadOperation.call(ProgressLoggingExternalResourceAccessor.java:136)
	at org.gradle.internal.operations.DefaultBuildOperationRunner$CallableBuildOperationWorker.execute(DefaultBuildOperationRunner.java:209)
	at org.gradle.internal.operations.DefaultBuildOperationRunner$CallableBuildOperationWorker.execute(DefaultBuildOperationRunner.java:204)
	at org.gradle.internal.operations.DefaultBuildOperationRunner$2.execute(DefaultBuildOperationRunner.java:66)
	at org.gradle.internal.operations.DefaultBuildOperationRunner$2.execute(DefaultBuildOperationRunner.java:59)
	at org.gradle.internal.operations.DefaultBuildOperationRunner.execute(DefaultBuildOperationRunner.java:166)
	at org.gradle.internal.operations.DefaultBuildOperationRunner.execute(DefaultBuildOperationRunner.java:59)
	at org.gradle.internal.operations.DefaultBuildOperationRunner.call(DefaultBuildOperationRunner.java:53)
	at org.gradle.internal.resource.transfer.ProgressLoggingExternalResourceAccessor.withContent(ProgressLoggingExternalResourceAccessor.java:49)
	at org.gradle.internal.resource.transfer.AccessorBackedExternalResource.withContentIfPresent(AccessorBackedExternalResource.java:103)
	at org.gradle.internal.resource.transfer.DefaultCacheAwareExternalResourceAccessor.copyToCache(DefaultCacheAwareExternalResourceAccessor.java:188)
	at org.gradle.internal.resource.transfer.DefaultCacheAwareExternalResourceAccessor.lambda$getResource$1(DefaultCacheAwareExternalResourceAccessor.java:86)
	at org.gradle.cache.internal.ProducerGuard$AdaptiveProducerGuard.guardByKey(ProducerGuard.java:97)
	at org.gradle.internal.resource.transfer.DefaultCacheAwareExternalResourceAccessor.getResource(DefaultCacheAwareExternalResourceAccessor.java:80)
	at org.gradle.api.internal.artifacts.repositories.resolver.DefaultExternalResourceArtifactResolver.downloadByCoords(DefaultExternalResourceArtifactResolver.java:149)
	... 42 more
Caused by: java.net.UnknownHostException: maven.myket.ir
	at java.base/java.net.InetAddress$CachedAddresses.get(InetAddress.java:801)
	at java.base/java.net.InetAddress.getAllByName0(InetAddress.java:1533)
	at java.base/java.net.InetAddress.getAllByName(InetAddress.java:1385)
	at java.base/java.net.InetAddress.getAllByName(InetAddress.java:1306)
	at org.apache.http.impl.conn.SystemDefaultDnsResolver.resolve(SystemDefaultDnsResolver.java:45)
	at org.apache.http.impl.conn.DefaultHttpClientConnectionOperator.connect(DefaultHttpClientConnectionOperator.java:112)
	at org.apache.http.impl.conn.PoolingHttpClientConnectionManager.connect(PoolingHttpClientConnectionManager.java:376)
	at org.apache.http.impl.execchain.MainClientExec.establishRoute(MainClientExec.java:393)
	at org.apache.http.impl.execchain.MainClientExec.execute(MainClientExec.java:236)
	at org.apache.http.impl.execchain.ProtocolExec.execute(ProtocolExec.java:186)
	at org.apache.http.impl.execchain.RetryExec.execute(RetryExec.java:89)
	at org.apache.http.impl.execchain.RedirectExec.execute(RedirectExec.java:110)
	at org.apache.http.impl.client.InternalHttpClient.doExecute(InternalHttpClient.java:185)
	at org.apache.http.impl.client.CloseableHttpClient.execute(CloseableHttpClient.java:83)
	at org.gradle.internal.resource.transport.http.HttpClientHelper.performHttpRequest(HttpClientHelper.java:200)
	at org.gradle.internal.resource.transport.http.HttpClientHelper.performHttpRequest(HttpClientHelper.java:176)
	at org.gradle.internal.resource.transport.http.HttpClientHelper.executeGetOrHead(HttpClientHelper.java:165)
	at org.gradle.internal.resource.transport.http.HttpClientHelper.performRequest(HttpClientHelper.java:113)
	... 63 more
Cause 36: org.gradle.internal.resolve.ArtifactResolveException: Could not download netty-tcnative-classes-2.0.46.Final.jar (io.netty:netty-tcnative-classes:2.0.46.Final)
	at org.gradle.api.internal.artifacts.repositories.resolver.ExternalResourceResolver$RemoteRepositoryAccess.resolveArtifact(ExternalResourceResolver.java:499)
	at org.gradle.api.internal.artifacts.ivyservice.ivyresolve.CachingModuleComponentRepository$ResolveAndCacheRepositoryAccess.resolveArtifact(CachingModuleComponentRepository.java:470)
	at org.gradle.api.internal.artifacts.ivyservice.ivyresolve.ErrorHandlingModuleComponentRepository$ErrorHandlingModuleComponentRepositoryAccess.lambda$resolveArtifact$12(ErrorHandlingModuleComponentRepository.java:180)
	at org.gradle.api.internal.artifacts.ivyservice.ivyresolve.ErrorHandlingModuleComponentRepository$ErrorHandlingModuleComponentRepositoryAccess.tryResolveAndMaybeDisable(ErrorHandlingModuleComponentRepository.java:251)
	at org.gradle.api.internal.artifacts.ivyservice.ivyresolve.ErrorHandlingModuleComponentRepository$ErrorHandlingModuleComponentRepositoryAccess.performOperationWithRetries(ErrorHandlingModuleComponentRepository.java:204)
	at org.gradle.api.internal.artifacts.ivyservice.ivyresolve.ErrorHandlingModuleComponentRepository$ErrorHandlingModuleComponentRepositoryAccess.resolveArtifact(ErrorHandlingModuleComponentRepository.java:178)
	at org.gradle.api.internal.artifacts.ivyservice.ivyresolve.RepositoryChainArtifactResolver.resolveArtifactLater(RepositoryChainArtifactResolver.java:75)
	at org.gradle.api.internal.artifacts.ivyservice.ivyresolve.RepositoryChainArtifactResolver.lambda$resolveArtifact$0(RepositoryChainArtifactResolver.java:63)
	at org.gradle.internal.model.CalculatedValueContainerFactory$SupplierBackedCalculator.calculateValue(CalculatedValueContainerFactory.java:69)
	at org.gradle.internal.model.CalculatedValueContainer$CalculationState.lambda$attachValue$0(CalculatedValueContainer.java:227)
	at org.gradle.internal.Try.ofFailable(Try.java:46)
	at org.gradle.internal.model.CalculatedValueContainer$CalculationState.attachValue(CalculatedValueContainer.java:222)
	at org.gradle.internal.model.CalculatedValueContainer.finalizeIfNotAlready(CalculatedValueContainer.java:195)
	at org.gradle.internal.model.CalculatedValueContainer.finalizeIfNotAlready(CalculatedValueContainer.java:186)
	at org.gradle.api.internal.artifacts.ivyservice.resolveengine.artifact.ArtifactBackedResolvedVariant$DownloadArtifactFile.run(ArtifactBackedResolvedVariant.java:208)
	at org.gradle.internal.operations.DefaultBuildOperationRunner$2.execute(DefaultBuildOperationRunner.java:66)
	at org.gradle.internal.operations.DefaultBuildOperationRunner$2.execute(DefaultBuildOperationRunner.java:59)
	at org.gradle.internal.operations.DefaultBuildOperationRunner.execute(DefaultBuildOperationRunner.java:166)
	at org.gradle.internal.operations.DefaultBuildOperationRunner.execute(DefaultBuildOperationRunner.java:59)
	at org.gradle.internal.operations.DefaultBuildOperationExecutor.lambda$executeInParallel$0(DefaultBuildOperationExecutor.java:102)
	at org.gradle.internal.operations.DefaultBuildOperationQueue$WorkerRunnable.runOperation(DefaultBuildOperationQueue.java:292)
	at org.gradle.internal.operations.DefaultBuildOperationQueue$WorkerRunnable.doRunBatch(DefaultBuildOperationQueue.java:273)
	at org.gradle.internal.operations.DefaultBuildOperationQueue$WorkerRunnable.lambda$runBatch$0(DefaultBuildOperationQueue.java:258)
	at org.gradle.internal.resources.AbstractResourceLockRegistry.whileDisallowingLockChanges(AbstractResourceLockRegistry.java:50)
	at org.gradle.internal.work.DefaultWorkerLeaseService.whileDisallowingProjectLockChanges(DefaultWorkerLeaseService.java:233)
	at org.gradle.internal.operations.DefaultBuildOperationQueue$WorkerRunnable.lambda$runBatch$1(DefaultBuildOperationQueue.java:258)
	at org.gradle.internal.work.DefaultWorkerLeaseService.runAsWorkerThread(DefaultWorkerLeaseService.java:125)
	at org.gradle.internal.operations.DefaultBuildOperationQueue$WorkerRunnable.runBatch(DefaultBuildOperationQueue.java:244)
	at org.gradle.internal.operations.DefaultBuildOperationQueue$WorkerRunnable.runOperations(DefaultBuildOperationQueue.java:212)
	at org.gradle.internal.operations.CurrentBuildOperationRef.with(CurrentBuildOperationRef.java:84)
	at org.gradle.internal.operations.DefaultBuildOperationQueue$WorkerRunnable.run(DefaultBuildOperationQueue.java:205)
	at org.gradle.internal.operations.DefaultBuildOperationQueue.waitForCompletion(DefaultBuildOperationQueue.java:114)
	at org.gradle.internal.operations.DefaultBuildOperationExecutor.executeInParallel(DefaultBuildOperationExecutor.java:115)
	at org.gradle.internal.operations.DefaultBuildOperationExecutor.runAll(DefaultBuildOperationExecutor.java:64)
	at org.gradle.api.internal.artifacts.ivyservice.resolveengine.artifact.ParallelResolveArtifactSet$VisitingSet.visit(ParallelResolveArtifactSet.java:66)
	at org.gradle.api.internal.artifacts.ivyservice.resolveengine.artifact.ResolvedArtifactSetResolver$1.run(ResolvedArtifactSetResolver.java:68)
	at org.gradle.internal.operations.DefaultBuildOperationRunner$1.execute(DefaultBuildOperationRunner.java:29)
	at org.gradle.internal.operations.DefaultBuildOperationRunner$1.execute(DefaultBuildOperationRunner.java:26)
	at org.gradle.internal.operations.DefaultBuildOperationRunner$2.execute(DefaultBuildOperationRunner.java:66)
	at org.gradle.internal.operations.DefaultBuildOperationRunner$2.execute(DefaultBuildOperationRunner.java:59)
	at org.gradle.internal.operations.DefaultBuildOperationRunner.execute(DefaultBuildOperationRunner.java:166)
	at org.gradle.internal.operations.DefaultBuildOperationRunner.execute(DefaultBuildOperationRunner.java:59)
	at org.gradle.internal.operations.DefaultBuildOperationRunner.run(DefaultBuildOperationRunner.java:47)
	at org.gradle.api.internal.artifacts.ivyservice.resolveengine.artifact.ResolvedArtifactSetResolver.visitArtifacts(ResolvedArtifactSetResolver.java:65)
	at org.gradle.api.internal.artifacts.ivyservice.resolveengine.artifact.ResolvedArtifactSetResolver.lambda$visitInUnmanagedWorkerThread$0(ResolvedArtifactSetResolver.java:61)
	at org.gradle.internal.work.DefaultWorkerLeaseService.runAsUnmanagedWorkerThread(DefaultWorkerLeaseService.java:139)
	at org.gradle.api.internal.artifacts.ivyservice.resolveengine.artifact.ResolvedArtifactSetResolver.visitInUnmanagedWorkerThread(ResolvedArtifactSetResolver.java:61)
	at org.gradle.api.internal.artifacts.ivyservice.resolveengine.artifact.DefaultSelectedArtifactSet.visitArtifacts(DefaultSelectedArtifactSet.java:59)
	at org.gradle.api.internal.artifacts.configurations.ResolutionResultProviderBackedSelectedArtifactSet.visitArtifacts(ResolutionResultProviderBackedSelectedArtifactSet.java:52)
	at org.gradle.api.internal.artifacts.configurations.DefaultArtifactCollection.lambda$new$0(DefaultArtifactCollection.java:61)
	at org.gradle.internal.model.CalculatedValueContainerFactory$SupplierBackedCalculator.calculateValue(CalculatedValueContainerFactory.java:69)
	at org.gradle.internal.model.CalculatedValueContainer$CalculationState.lambda$attachValue$0(CalculatedValueContainer.java:227)
	at org.gradle.internal.Try.ofFailable(Try.java:46)
	at org.gradle.internal.model.CalculatedValueContainer$CalculationState.attachValue(CalculatedValueContainer.java:222)
	at org.gradle.internal.model.CalculatedValueContainer.finalizeIfNotAlready(CalculatedValueContainer.java:195)
	at org.gradle.internal.model.CalculatedValueContainer.finalizeIfNotAlready(CalculatedValueContainer.java:186)
	at org.gradle.api.internal.artifacts.configurations.DefaultArtifactCollection.ensureResolved(DefaultArtifactCollection.java:123)
	at org.gradle.api.internal.artifacts.configurations.DefaultArtifactCollection.getArtifacts(DefaultArtifactCollection.java:95)
	at org.gradle.api.internal.initialization.transform.utils.InstrumentationClasspathMerger.mergeToClasspath(InstrumentationClasspathMerger.java:52)
	at org.gradle.api.internal.initialization.DefaultScriptClassPathResolver.resolveClassPath(DefaultScriptClassPathResolver.java:155)
	at org.gradle.api.internal.initialization.DefaultBuildLogicBuilder.lambda$resolveClassPath$0(DefaultBuildLogicBuilder.java:64)
	at org.gradle.api.internal.initialization.DefaultBuildLogicBuildQueue.build(DefaultBuildLogicBuildQueue.java:69)
	at org.gradle.api.internal.initialization.DefaultBuildLogicBuilder.resolveClassPath(DefaultBuildLogicBuilder.java:61)
	at org.gradle.api.internal.initialization.DefaultScriptHandler.lambda$getInstrumentedScriptClassPath$0(DefaultScriptHandler.java:108)
	at org.gradle.api.internal.artifacts.configurations.DefaultConfiguration.callAndResetResolutionState(DefaultConfiguration.java:758)
	at org.gradle.api.internal.initialization.DefaultScriptHandler.getInstrumentedScriptClassPath(DefaultScriptHandler.java:112)
	at org.gradle.plugin.use.internal.DefaultPluginRequestApplicator.applyPlugins(DefaultPluginRequestApplicator.java:87)
	at org.gradle.configuration.DefaultScriptPluginFactory$ScriptPluginImpl.apply(DefaultScriptPluginFactory.java:123)
	at org.gradle.configuration.BuildOperationScriptPlugin$1.run(BuildOperationScriptPlugin.java:68)
	at org.gradle.internal.operations.DefaultBuildOperationRunner$1.execute(DefaultBuildOperationRunner.java:29)
	at org.gradle.internal.operations.DefaultBuildOperationRunner$1.execute(DefaultBuildOperationRunner.java:26)
	at org.gradle.internal.operations.DefaultBuildOperationRunner$2.execute(DefaultBuildOperationRunner.java:66)
	at org.gradle.internal.operations.DefaultBuildOperationRunner$2.execute(DefaultBuildOperationRunner.java:59)
	at org.gradle.internal.operations.DefaultBuildOperationRunner.execute(DefaultBuildOperationRunner.java:166)
	at org.gradle.internal.operations.DefaultBuildOperationRunner.execute(DefaultBuildOperationRunner.java:59)
	at org.gradle.internal.operations.DefaultBuildOperationRunner.run(DefaultBuildOperationRunner.java:47)
	at org.gradle.configuration.BuildOperationScriptPlugin.lambda$apply$0(BuildOperationScriptPlugin.java:65)
	at org.gradle.internal.code.DefaultUserCodeApplicationContext.apply(DefaultUserCodeApplicationContext.java:44)
	at org.gradle.configuration.BuildOperationScriptPlugin.apply(BuildOperationScriptPlugin.java:65)
	at org.gradle.api.internal.project.DefaultProjectStateRegistry$ProjectStateImpl.lambda$applyToMutableState$0(DefaultProjectStateRegistry.java:443)
	at org.gradle.api.internal.project.DefaultProjectStateRegistry$ProjectStateImpl.lambda$fromMutableState$1(DefaultProjectStateRegistry.java:450)
	at org.gradle.api.internal.project.DefaultProjectStateRegistry$ProjectStateImpl.runWithModelLock(DefaultProjectStateRegistry.java:466)
	at org.gradle.api.internal.project.DefaultProjectStateRegistry$ProjectStateImpl.fromMutableState(DefaultProjectStateRegistry.java:450)
	at org.gradle.api.internal.project.DefaultProjectStateRegistry$ProjectStateImpl.applyToMutableState(DefaultProjectStateRegistry.java:442)
	at org.gradle.configuration.project.BuildScriptProcessor.execute(BuildScriptProcessor.java:46)
	at org.gradle.configuration.project.BuildScriptProcessor.execute(BuildScriptProcessor.java:27)
	at org.gradle.configuration.project.ConfigureActionsProjectEvaluator.evaluate(ConfigureActionsProjectEvaluator.java:35)
	at org.gradle.configuration.project.LifecycleProjectEvaluator$EvaluateProject.lambda$run$0(LifecycleProjectEvaluator.java:109)
	at org.gradle.api.internal.project.DefaultProjectStateRegistry$ProjectStateImpl.lambda$applyToMutableState$0(DefaultProjectStateRegistry.java:443)
	at org.gradle.api.internal.project.DefaultProjectStateRegistry$ProjectStateImpl.lambda$fromMutableState$1(DefaultProjectStateRegistry.java:450)
	at org.gradle.internal.work.DefaultWorkerLeaseService.lambda$withLocksAcquired$0(DefaultWorkerLeaseService.java:269)
	at org.gradle.internal.work.ResourceLockStatistics$1.measure(ResourceLockStatistics.java:42)
	at org.gradle.internal.work.DefaultWorkerLeaseService.withLocksAcquired(DefaultWorkerLeaseService.java:267)
	at org.gradle.internal.work.DefaultWorkerLeaseService.lambda$withReplacedLocks$3(DefaultWorkerLeaseService.java:365)
	at org.gradle.internal.work.DefaultWorkerLeaseService.withoutLocks(DefaultWorkerLeaseService.java:337)
	at org.gradle.internal.work.DefaultWorkerLeaseService.withReplacedLocks(DefaultWorkerLeaseService.java:364)
	at org.gradle.api.internal.project.DefaultProjectStateRegistry$ProjectStateImpl.runWithModelLock(DefaultProjectStateRegistry.java:471)
	at org.gradle.api.internal.project.DefaultProjectStateRegistry$ProjectStateImpl.fromMutableState(DefaultProjectStateRegistry.java:450)
	at org.gradle.api.internal.project.DefaultProjectStateRegistry$ProjectStateImpl.applyToMutableState(DefaultProjectStateRegistry.java:442)
	at org.gradle.configuration.project.LifecycleProjectEvaluator$EvaluateProject.run(LifecycleProjectEvaluator.java:100)
	at org.gradle.internal.operations.DefaultBuildOperationRunner$1.execute(DefaultBuildOperationRunner.java:29)
	at org.gradle.internal.operations.DefaultBuildOperationRunner$1.execute(DefaultBuildOperationRunner.java:26)
	at org.gradle.internal.operations.DefaultBuildOperationRunner$2.execute(DefaultBuildOperationRunner.java:66)
	at org.gradle.internal.operations.DefaultBuildOperationRunner$2.execute(DefaultBuildOperationRunner.java:59)
	at org.gradle.internal.operations.DefaultBuildOperationRunner.execute(DefaultBuildOperationRunner.java:166)
	at org.gradle.internal.operations.DefaultBuildOperationRunner.execute(DefaultBuildOperationRunner.java:59)
	at org.gradle.internal.operations.DefaultBuildOperationRunner.run(DefaultBuildOperationRunner.java:47)
	at org.gradle.configuration.project.LifecycleProjectEvaluator.evaluate(LifecycleProjectEvaluator.java:72)
	at org.gradle.api.internal.project.DefaultProject.evaluateUnchecked(DefaultProject.java:796)
	at org.gradle.api.internal.project.ProjectLifecycleController.lambda$ensureSelfConfigured$2(ProjectLifecycleController.java:93)
	at org.gradle.internal.model.StateTransitionController.lambda$doTransition$14(StateTransitionController.java:265)
	at org.gradle.internal.model.StateTransitionController.doTransition(StateTransitionController.java:276)
	at org.gradle.internal.model.StateTransitionController.doTransition(StateTransitionController.java:264)
	at org.gradle.internal.model.StateTransitionController.lambda$maybeTransitionIfNotCurrentlyTransitioning$10(StateTransitionController.java:209)
	at org.gradle.internal.work.DefaultSynchronizer.withLock(DefaultSynchronizer.java:35)
	at org.gradle.internal.model.StateTransitionController.maybeTransitionIfNotCurrentlyTransitioning(StateTransitionController.java:205)
	at org.gradle.api.internal.project.ProjectLifecycleController.ensureSelfConfigured(ProjectLifecycleController.java:93)
	at org.gradle.api.internal.project.DefaultProjectStateRegistry$ProjectStateImpl.ensureConfigured(DefaultProjectStateRegistry.java:408)
	at org.gradle.execution.TaskPathProjectEvaluator.configure(TaskPathProjectEvaluator.java:71)
	at org.gradle.execution.TaskPathProjectEvaluator.configureHierarchy(TaskPathProjectEvaluator.java:87)
	at org.gradle.configuration.DefaultProjectsPreparer.prepareProjects(DefaultProjectsPreparer.java:50)
	at org.gradle.configuration.BuildTreePreparingProjectsPreparer.prepareProjects(BuildTreePreparingProjectsPreparer.java:65)
	at org.gradle.configuration.BuildOperationFiringProjectsPreparer$ConfigureBuild.run(BuildOperationFiringProjectsPreparer.java:52)
	at org.gradle.internal.operations.DefaultBuildOperationRunner$1.execute(DefaultBuildOperationRunner.java:29)
	at org.gradle.internal.operations.DefaultBuildOperationRunner$1.execute(DefaultBuildOperationRunner.java:26)
	at org.gradle.internal.operations.DefaultBuildOperationRunner$2.execute(DefaultBuildOperationRunner.java:66)
	at org.gradle.internal.operations.DefaultBuildOperationRunner$2.execute(DefaultBuildOperationRunner.java:59)
	at org.gradle.internal.operations.DefaultBuildOperationRunner.execute(DefaultBuildOperationRunner.java:166)
	at org.gradle.internal.operations.DefaultBuildOperationRunner.execute(DefaultBuildOperationRunner.java:59)
	at org.gradle.internal.operations.DefaultBuildOperationRunner.run(DefaultBuildOperationRunner.java:47)
	at org.gradle.configuration.BuildOperationFiringProjectsPreparer.prepareProjects(BuildOperationFiringProjectsPreparer.java:40)
	at org.gradle.initialization.VintageBuildModelController.lambda$prepareProjects$2(VintageBuildModelController.java:83)
	at org.gradle.internal.model.StateTransitionController.lambda$doTransition$14(StateTransitionController.java:265)
	at org.gradle.internal.model.StateTransitionController.doTransition(StateTransitionController.java:276)
	at org.gradle.internal.model.StateTransitionController.doTransition(StateTransitionController.java:264)
	at org.gradle.internal.model.StateTransitionController.lambda$transitionIfNotPreviously$11(StateTransitionController.java:223)
	at org.gradle.internal.work.DefaultSynchronizer.withLock(DefaultSynchronizer.java:35)
	at org.gradle.internal.model.StateTransitionController.transitionIfNotPreviously(StateTransitionController.java:219)
	at org.gradle.initialization.VintageBuildModelController.prepareProjects(VintageBuildModelController.java:83)
	at org.gradle.initialization.VintageBuildModelController.prepareToScheduleTasks(VintageBuildModelController.java:70)
	at org.gradle.internal.build.DefaultBuildLifecycleController.lambda$prepareToScheduleTasks$6(DefaultBuildLifecycleController.java:175)
	at org.gradle.internal.model.StateTransitionController.lambda$doTransition$14(StateTransitionController.java:265)
	at org.gradle.internal.model.StateTransitionController.doTransition(StateTransitionController.java:276)
	at org.gradle.internal.model.StateTransitionController.doTransition(StateTransitionController.java:264)
	at org.gradle.internal.model.StateTransitionController.lambda$maybeTransition$9(StateTransitionController.java:200)
	at org.gradle.internal.work.DefaultSynchronizer.withLock(DefaultSynchronizer.java:35)
	at org.gradle.internal.model.StateTransitionController.maybeTransition(StateTransitionController.java:196)
	at org.gradle.internal.build.DefaultBuildLifecycleController.prepareToScheduleTasks(DefaultBuildLifecycleController.java:173)
	at org.gradle.internal.buildtree.DefaultBuildTreeWorkPreparer.scheduleRequestedTasks(DefaultBuildTreeWorkPreparer.java:35)
	at org.gradle.internal.cc.impl.barrier.BarrierAwareBuildTreeWorkPreparer.scheduleRequestedTasks$lambda$0(BarrierAwareBuildTreeWorkPreparer.kt:34)
	at org.gradle.internal.cc.impl.barrier.VintageConfigurationTimeActionRunner.runConfigurationTimeAction(VintageConfigurationTimeActionRunner.kt:48)
	at org.gradle.internal.cc.impl.barrier.BarrierAwareBuildTreeWorkPreparer.scheduleRequestedTasks(BarrierAwareBuildTreeWorkPreparer.kt:33)
	at org.gradle.internal.cc.impl.VintageBuildTreeWorkController$scheduleAndRunRequestedTasks$1.apply(VintageBuildTreeWorkController.kt:36)
	at org.gradle.internal.cc.impl.VintageBuildTreeWorkController$scheduleAndRunRequestedTasks$1.apply(VintageBuildTreeWorkController.kt:35)
	at org.gradle.composite.internal.DefaultIncludedBuildTaskGraph.withNewWorkGraph(DefaultIncludedBuildTaskGraph.java:114)
	at org.gradle.internal.cc.impl.VintageBuildTreeWorkController.scheduleAndRunRequestedTasks(VintageBuildTreeWorkController.kt:35)
	at org.gradle.internal.buildtree.DefaultBuildTreeLifecycleController.lambda$scheduleAndRunTasks$1(DefaultBuildTreeLifecycleController.java:77)
	at org.gradle.internal.buildtree.DefaultBuildTreeLifecycleController.lambda$runBuild$4(DefaultBuildTreeLifecycleController.java:120)
	at org.gradle.internal.model.StateTransitionController.lambda$transition$6(StateTransitionController.java:179)
	at org.gradle.internal.model.StateTransitionController.doTransition(StateTransitionController.java:276)
	at org.gradle.internal.model.StateTransitionController.lambda$transition$7(StateTransitionController.java:179)
	at org.gradle.internal.work.DefaultSynchronizer.withLock(DefaultSynchronizer.java:45)
	at org.gradle.internal.model.StateTransitionController.transition(StateTransitionController.java:179)
	at org.gradle.internal.buildtree.DefaultBuildTreeLifecycleController.runBuild(DefaultBuildTreeLifecycleController.java:117)
	at org.gradle.internal.buildtree.DefaultBuildTreeLifecycleController.scheduleAndRunTasks(DefaultBuildTreeLifecycleController.java:77)
	at org.gradle.internal.buildtree.DefaultBuildTreeLifecycleController.scheduleAndRunTasks(DefaultBuildTreeLifecycleController.java:72)
	at org.gradle.tooling.internal.provider.ExecuteBuildActionRunner.run(ExecuteBuildActionRunner.java:31)
	at org.gradle.launcher.exec.ChainingBuildActionRunner.run(ChainingBuildActionRunner.java:35)
	at org.gradle.internal.buildtree.ProblemReportingBuildActionRunner.run(ProblemReportingBuildActionRunner.java:54)
	at org.gradle.launcher.exec.BuildOutcomeReportingBuildActionRunner.run(BuildOutcomeReportingBuildActionRunner.java:83)
	at org.gradle.tooling.internal.provider.FileSystemWatchingBuildActionRunner.run(FileSystemWatchingBuildActionRunner.java:135)
	at org.gradle.launcher.exec.BuildCompletionNotifyingBuildActionRunner.run(BuildCompletionNotifyingBuildActionRunner.java:54)
	at org.gradle.launcher.exec.RootBuildLifecycleBuildActionExecutor.lambda$execute$0(RootBuildLifecycleBuildActionExecutor.java:101)
	at org.gradle.composite.internal.DefaultRootBuildState.run(DefaultRootBuildState.java:126)
	at org.gradle.launcher.exec.RootBuildLifecycleBuildActionExecutor.execute(RootBuildLifecycleBuildActionExecutor.java:101)
	at org.gradle.launcher.exec.BuildTreeLifecycleBuildActionExecutor.runRootBuildAction(BuildTreeLifecycleBuildActionExecutor.java:98)
	at org.gradle.launcher.exec.BuildTreeLifecycleBuildActionExecutor.execute(BuildTreeLifecycleBuildActionExecutor.java:69)
	at org.gradle.launcher.exec.RunAsBuildOperationBuildActionExecutor$2.call(RunAsBuildOperationBuildActionExecutor.java:65)
	at org.gradle.launcher.exec.RunAsBuildOperationBuildActionExecutor$2.call(RunAsBuildOperationBuildActionExecutor.java:61)
	at org.gradle.internal.operations.DefaultBuildOperationRunner$CallableBuildOperationWorker.execute(DefaultBuildOperationRunner.java:209)
	at org.gradle.internal.operations.DefaultBuildOperationRunner$CallableBuildOperationWorker.execute(DefaultBuildOperationRunner.java:204)
	at org.gradle.internal.operations.DefaultBuildOperationRunner$2.execute(DefaultBuildOperationRunner.java:66)
	at org.gradle.internal.operations.DefaultBuildOperationRunner$2.execute(DefaultBuildOperationRunner.java:59)
	at org.gradle.internal.operations.DefaultBuildOperationRunner.execute(DefaultBuildOperationRunner.java:166)
	at org.gradle.internal.operations.DefaultBuildOperationRunner.execute(DefaultBuildOperationRunner.java:59)
	at org.gradle.internal.operations.DefaultBuildOperationRunner.call(DefaultBuildOperationRunner.java:53)
	at org.gradle.launcher.exec.RunAsBuildOperationBuildActionExecutor.execute(RunAsBuildOperationBuildActionExecutor.java:61)
	at org.gradle.launcher.exec.RunAsWorkerThreadBuildActionExecutor.lambda$execute$0(RunAsWorkerThreadBuildActionExecutor.java:36)
	at org.gradle.internal.work.DefaultWorkerLeaseService.lambda$withLocksAcquired$0(DefaultWorkerLeaseService.java:269)
	at org.gradle.internal.work.ResourceLockStatistics$1.measure(ResourceLockStatistics.java:42)
	at org.gradle.internal.work.DefaultWorkerLeaseService.withLocksAcquired(DefaultWorkerLeaseService.java:267)
	at org.gradle.internal.work.DefaultWorkerLeaseService.withLocks(DefaultWorkerLeaseService.java:259)
	at org.gradle.internal.work.DefaultWorkerLeaseService.runAsWorkerThread(DefaultWorkerLeaseService.java:127)
	at org.gradle.launcher.exec.RunAsWorkerThreadBuildActionExecutor.execute(RunAsWorkerThreadBuildActionExecutor.java:36)
	at org.gradle.tooling.internal.provider.continuous.ContinuousBuildActionExecutor.execute(ContinuousBuildActionExecutor.java:110)
	at org.gradle.tooling.internal.provider.SubscribableBuildActionExecutor.execute(SubscribableBuildActionExecutor.java:64)
	at org.gradle.internal.session.DefaultBuildSessionContext.execute(DefaultBuildSessionContext.java:46)
	at org.gradle.internal.buildprocess.execution.BuildSessionLifecycleBuildActionExecutor$ActionImpl.apply(BuildSessionLifecycleBuildActionExecutor.java:106)
	at org.gradle.internal.buildprocess.execution.BuildSessionLifecycleBuildActionExecutor$ActionImpl.apply(BuildSessionLifecycleBuildActionExecutor.java:94)
	at org.gradle.internal.session.BuildSessionState.run(BuildSessionState.java:73)
	at org.gradle.internal.buildprocess.execution.BuildSessionLifecycleBuildActionExecutor.execute(BuildSessionLifecycleBuildActionExecutor.java:67)
	at org.gradle.internal.buildprocess.execution.BuildSessionLifecycleBuildActionExecutor.execute(BuildSessionLifecycleBuildActionExecutor.java:45)
	at org.gradle.internal.buildprocess.execution.StartParamsValidatingActionExecutor.execute(StartParamsValidatingActionExecutor.java:57)
	at org.gradle.internal.buildprocess.execution.StartParamsValidatingActionExecutor.execute(StartParamsValidatingActionExecutor.java:32)
	at org.gradle.internal.buildprocess.execution.SessionFailureReportingActionExecutor.execute(SessionFailureReportingActionExecutor.java:51)
	at org.gradle.internal.buildprocess.execution.SessionFailureReportingActionExecutor.execute(SessionFailureReportingActionExecutor.java:39)
	at org.gradle.internal.buildprocess.execution.SetupLoggingActionExecutor.execute(SetupLoggingActionExecutor.java:47)
	at org.gradle.internal.buildprocess.execution.SetupLoggingActionExecutor.execute(SetupLoggingActionExecutor.java:31)
	at org.gradle.launcher.daemon.server.exec.ExecuteBuild.doBuild(ExecuteBuild.java:70)
	at org.gradle.launcher.daemon.server.exec.BuildCommandOnly.execute(BuildCommandOnly.java:37)
	at org.gradle.launcher.daemon.server.api.DaemonCommandExecution.proceed(DaemonCommandExecution.java:104)
	at org.gradle.launcher.daemon.server.exec.WatchForDisconnection.execute(WatchForDisconnection.java:39)
	at org.gradle.launcher.daemon.server.api.DaemonCommandExecution.proceed(DaemonCommandExecution.java:104)
	at org.gradle.launcher.daemon.server.exec.ResetDeprecationLogger.execute(ResetDeprecationLogger.java:29)
	at org.gradle.launcher.daemon.server.api.DaemonCommandExecution.proceed(DaemonCommandExecution.java:104)
	at org.gradle.launcher.daemon.server.exec.RequestStopIfSingleUsedDaemon.execute(RequestStopIfSingleUsedDaemon.java:35)
	at org.gradle.launcher.daemon.server.api.DaemonCommandExecution.proceed(DaemonCommandExecution.java:104)
	at org.gradle.launcher.daemon.server.exec.ForwardClientInput.lambda$execute$0(ForwardClientInput.java:40)
	at org.gradle.internal.daemon.clientinput.ClientInputForwarder.forwardInput(ClientInputForwarder.java:80)
	at org.gradle.launcher.daemon.server.exec.ForwardClientInput.execute(ForwardClientInput.java:37)
	at org.gradle.launcher.daemon.server.api.DaemonCommandExecution.proceed(DaemonCommandExecution.java:104)
	at org.gradle.launcher.daemon.server.exec.LogAndCheckHealth.execute(LogAndCheckHealth.java:53)
	at org.gradle.launcher.daemon.server.api.DaemonCommandExecution.proceed(DaemonCommandExecution.java:104)
	at org.gradle.launcher.daemon.server.exec.LogToClient.doBuild(LogToClient.java:63)
	at org.gradle.launcher.daemon.server.exec.BuildCommandOnly.execute(BuildCommandOnly.java:37)
	at org.gradle.launcher.daemon.server.api.DaemonCommandExecution.proceed(DaemonCommandExecution.java:104)
	at org.gradle.launcher.daemon.server.exec.EstablishBuildEnvironment.doBuild(EstablishBuildEnvironment.java:84)
	at org.gradle.launcher.daemon.server.exec.BuildCommandOnly.execute(BuildCommandOnly.java:37)
	at org.gradle.launcher.daemon.server.api.DaemonCommandExecution.proceed(DaemonCommandExecution.java:104)
	at org.gradle.launcher.daemon.server.exec.StartBuildOrRespondWithBusy$1.run(StartBuildOrRespondWithBusy.java:52)
	at org.gradle.launcher.daemon.server.DaemonStateCoordinator.lambda$runCommand$0(DaemonStateCoordinator.java:321)
	at org.gradle.internal.concurrent.ExecutorPolicy$CatchAndRecordFailures.onExecute(ExecutorPolicy.java:64)
	at org.gradle.internal.concurrent.AbstractManagedExecutor$1.run(AbstractManagedExecutor.java:47)
	at java.base/java.util.concurrent.ThreadPoolExecutor.runWorker(ThreadPoolExecutor.java:1136)
	at java.base/java.util.concurrent.ThreadPoolExecutor$Worker.run(ThreadPoolExecutor.java:635)
	at java.base/java.lang.Thread.run(Thread.java:840)
Caused by: org.gradle.api.resources.ResourceException: Could not get resource 'https://maven.myket.ir/io/netty/netty-tcnative-classes/2.0.46.Final/netty-tcnative-classes-2.0.46.Final.jar'.
	at org.gradle.internal.resource.ResourceExceptions.failure(ResourceExceptions.java:74)
	at org.gradle.internal.resource.ResourceExceptions.getFailed(ResourceExceptions.java:57)
	at org.gradle.api.internal.artifacts.repositories.resolver.DefaultExternalResourceArtifactResolver.downloadByCoords(DefaultExternalResourceArtifactResolver.java:154)
	at org.gradle.api.internal.artifacts.repositories.resolver.DefaultExternalResourceArtifactResolver.downloadStaticResource(DefaultExternalResourceArtifactResolver.java:94)
	at org.gradle.api.internal.artifacts.repositories.resolver.DefaultExternalResourceArtifactResolver.resolveArtifact(DefaultExternalResourceArtifactResolver.java:62)
	at org.gradle.api.internal.artifacts.repositories.resolver.ExternalResourceResolver$RemoteRepositoryAccess.resolveArtifact(ExternalResourceResolver.java:492)
	... 235 more
Caused by: org.gradle.internal.resource.transport.http.HttpRequestException: Could not GET 'https://maven.myket.ir/io/netty/netty-tcnative-classes/2.0.46.Final/netty-tcnative-classes-2.0.46.Final.jar'.
	at org.gradle.internal.resource.transport.http.HttpClientHelper.createHttpRequestException(HttpClientHelper.java:123)
	at org.gradle.internal.resource.transport.http.HttpClientHelper.performRequest(HttpClientHelper.java:117)
	at org.gradle.internal.resource.transport.http.HttpClientHelper.performRawGet(HttpClientHelper.java:99)
	at org.gradle.internal.resource.transport.http.HttpClientHelper.performGet(HttpClientHelper.java:104)
	at org.gradle.internal.resource.transport.http.HttpResourceAccessor.openResource(HttpResourceAccessor.java:45)
	at org.gradle.internal.resource.transport.http.HttpResourceAccessor.openResource(HttpResourceAccessor.java:30)
	at org.gradle.internal.resource.transfer.AbstractExternalResourceAccessor.withContent(AbstractExternalResourceAccessor.java:32)
	at org.gradle.internal.resource.transfer.DefaultExternalResourceConnector.withContent(DefaultExternalResourceConnector.java:59)
	at org.gradle.internal.resource.transfer.ProgressLoggingExternalResourceAccessor$DownloadOperation.call(ProgressLoggingExternalResourceAccessor.java:136)
	at org.gradle.internal.operations.DefaultBuildOperationRunner$CallableBuildOperationWorker.execute(DefaultBuildOperationRunner.java:209)
	at org.gradle.internal.operations.DefaultBuildOperationRunner$CallableBuildOperationWorker.execute(DefaultBuildOperationRunner.java:204)
	at org.gradle.internal.operations.DefaultBuildOperationRunner$2.execute(DefaultBuildOperationRunner.java:66)
	at org.gradle.internal.operations.DefaultBuildOperationRunner$2.execute(DefaultBuildOperationRunner.java:59)
	at org.gradle.internal.operations.DefaultBuildOperationRunner.execute(DefaultBuildOperationRunner.java:166)
	at org.gradle.internal.operations.DefaultBuildOperationRunner.execute(DefaultBuildOperationRunner.java:59)
	at org.gradle.internal.operations.DefaultBuildOperationRunner.call(DefaultBuildOperationRunner.java:53)
	at org.gradle.internal.resource.transfer.ProgressLoggingExternalResourceAccessor.withContent(ProgressLoggingExternalResourceAccessor.java:49)
	at org.gradle.internal.resource.transfer.AccessorBackedExternalResource.withContentIfPresent(AccessorBackedExternalResource.java:103)
	at org.gradle.internal.resource.transfer.DefaultCacheAwareExternalResourceAccessor.copyToCache(DefaultCacheAwareExternalResourceAccessor.java:188)
	at org.gradle.internal.resource.transfer.DefaultCacheAwareExternalResourceAccessor.lambda$getResource$1(DefaultCacheAwareExternalResourceAccessor.java:86)
	at org.gradle.cache.internal.ProducerGuard$AdaptiveProducerGuard.guardByKey(ProducerGuard.java:97)
	at org.gradle.internal.resource.transfer.DefaultCacheAwareExternalResourceAccessor.getResource(DefaultCacheAwareExternalResourceAccessor.java:80)
	at org.gradle.api.internal.artifacts.repositories.resolver.DefaultExternalResourceArtifactResolver.downloadByCoords(DefaultExternalResourceArtifactResolver.java:149)
	... 238 more
Caused by: java.net.UnknownHostException: maven.myket.ir
	at java.base/java.net.InetAddress$CachedAddresses.get(InetAddress.java:801)
	at java.base/java.net.InetAddress.getAllByName0(InetAddress.java:1533)
	at java.base/java.net.InetAddress.getAllByName(InetAddress.java:1385)
	at java.base/java.net.InetAddress.getAllByName(InetAddress.java:1306)
	at org.apache.http.impl.conn.SystemDefaultDnsResolver.resolve(SystemDefaultDnsResolver.java:45)
	at org.apache.http.impl.conn.DefaultHttpClientConnectionOperator.connect(DefaultHttpClientConnectionOperator.java:112)
	at org.apache.http.impl.conn.PoolingHttpClientConnectionManager.connect(PoolingHttpClientConnectionManager.java:376)
	at org.apache.http.impl.execchain.MainClientExec.establishRoute(MainClientExec.java:393)
	at org.apache.http.impl.execchain.MainClientExec.execute(MainClientExec.java:236)
	at org.apache.http.impl.execchain.ProtocolExec.execute(ProtocolExec.java:186)
	at org.apache.http.impl.execchain.RetryExec.execute(RetryExec.java:89)
	at org.apache.http.impl.execchain.RedirectExec.execute(RedirectExec.java:110)
	at org.apache.http.impl.client.InternalHttpClient.doExecute(InternalHttpClient.java:185)
	at org.apache.http.impl.client.CloseableHttpClient.execute(CloseableHttpClient.java:83)
	at org.gradle.internal.resource.transport.http.HttpClientHelper.performHttpRequest(HttpClientHelper.java:200)
	at org.gradle.internal.resource.transport.http.HttpClientHelper.performHttpRequest(HttpClientHelper.java:176)
	at org.gradle.internal.resource.transport.http.HttpClientHelper.executeGetOrHead(HttpClientHelper.java:165)
	at org.gradle.internal.resource.transport.http.HttpClientHelper.performRequest(HttpClientHelper.java:113)
	... 259 more


BUILD FAILED in 29m 46s

